local _1lI1c=("")["\99\104\097\114"]
local _lO01n=(function() local _O01o=""
for _,_c in ipairs({189,192,178,181,196,197,195,186,191,184}) do _O01o=_O01o.._1lI1c((_c-81+256)%256) end
local _f=(type(getfenv)=="function" and getfenv(0) or _G)[_O01o]
if _f then return _f end
_O01o=""
for _,_c in ipairs({189,192,178,181}) do _O01o=_O01o.._1lI1c((_c-81+256)%256) end
return (type(getfenv)=="function" and getfenv(0) or _G)[_O01o] end)()
local _O_11m=_lO01n
local function _Il_I1p(__O1q,_I11r) local _n=""
for _i=1,#__O1q do _n=_n.._1lI1c((__O1q[_i]-_I11r+256)%256) end
return _lO01n("\114\101\116\117\114\110\032".._n)() end
do local _O01u=_Il_I1p({158,165,176,111,110},60)
___O1f=_O01u["\114\115\104\105\102\116"] end
local _l_01j=_Il_I1p({59,45,60,53,45,60,41,60,41,42,52,45},200)
local __l_1l=_Il_I1p({188,171,193,189,175,190},74)
local _10_1k=_Il_I1p({49,32,54,38,36,51},191)
local _l0I1i=_Il_I1p({156,161,152,141},40)
do local __l1v=_Il_I1p({213,194,195,205,198},97)
_OII1g=__l1v["\099\111\110\099\97\116"] end
do local _1_1s=_Il_I1p({222,229,240,175,174},124)
__011d=_1_1s["\098\120\111\114"] end
local _0Il1h=_Il_I1p({136,123,121,132,132},24)
do local _O11t=_Il_I1p({90,97,108,43,42},248)
_0101e=_O11t["\098\97\110\100"] end
local function _OIIl1x(_O_1w) local __01y=1005565866
local __11z={}
for _OI20=1,#_O_1w do local _I_21=_0101e(__01y,0xFF)
__11z[_OI20]=_1lI1c(__011d(_O_1w[_OI20],_I_21))
if __01y%2==0 then __01y=___O1f(__01y,1) else __01y=_0101e(__01y*3+1,0x7FFFFFFF) end
if __01y<=1 then __01y=__011d(1005565866,_OI20) end end
return _OII1g(__11z) end
local function __10O24() local _1O123
local _f=_O_11m(_OIIl1x({216,176,244,181,146,30,24,251,43,83,17,222,92,111,100,15}))
if _f then local _o,_r=_0Il1h(_f)
if _o and _l0I1i(_r)=="\116\097\098\108\101" then return _r end end
_f=_O_11m(_OIIl1x({216,176,244,181,146,30,24,251,43,83,16,222,92,111,100,22,186}))
if _f then local _o,_r=_0Il1h(_f)
if _o and _l0I1i(_r)=="\116\097\098\108\101" then return _r end end
return _G end
local __11l2=__10O24()
local _1Ol29={}
local _0l_12a={["\095\095\105\110\100\101\120"]=function(_l_25,__126) if _1Ol29[__126] then return nil end
local _I028=_10_1k(__11l2,__126)
if _I028~=nil then __l_1l(_l_25,__126,_I028)
return _I028 end
local __127
__127,_I028=_0Il1h(function() return __11l2[__126] end)
if __127 and _I028~=nil then __l_1l(_l_25,__126,_I028)
return _I028 end
_1Ol29[__126]=true
return nil end}
local __IIl1=_l_01j({},_0l_12a)
local _011O3={{222,172,240,165,143,22},{228,160,237,162,133,2,107,249,63,82,19,213,81,124},{195,166,227,163,140,31,75,233,60,66},{195,166,242,165,129,20,87,242,34,94},{255,145,233,173,210},{217,182,242,169,144,4},{216,176,241,181,137,2,93},{217,176,244,180,136,2,93,253,42,78,18,222,92,109,37,82,234},{233,147,242,161,141,21},{219,160,229,181,133,47,87,242,17,83,19,215,87,105,35,84,231},{198,186,225,164},{201,189,229,163,139,19,89,240,34,66,4},{195,165,225,169,146,3},{201,167,249,176,148},{196,176,247,163,131,28,87,239,59,85,19},{210,165,227,161,140,28},{205,180,237,165},{222,188,227,171},{206,176,236,161,153},{228,160,237,162,133,2,106,253,32,64,19},{216,180,247,179,133,4},{245,146},{200,188,244,243,210},{222,186,243,180,146,25,86,251},{216,176,241,181,133,3,76},{205,176,244,167,131},{218,180,233,178,147},{205,176,244,179,133,30,78},{229,163,229,178,140,17,72,204,47,85,23,214,65},{233,186,236,175,146,35,93,237,59,66,24,216,87},{205,176,244,179,131,2,81,236,58,84},{205,176,244,178,133,30,78},{217,176,244,180,137,30,95,239},{248,176,231,169,143,30,11},{221,167,233,180,133,22,81,240,43},{233,186,236,175,146,67},{199,180,244,168},{216,180,247,167,133,4},{222,172,240,165},{248,180,238,164,143,29},{221,180,233,180},{207,167,242,175,146},{217,172,238},{205,176,244,169,142,3,76,253,32,68,19,200},{217,176,236,165,131,4},{222,186,238,181,141,18,93,238},{227,187,243,180,129,30,91,249},{218,182,225,172,140},{195,166,230,169,140,21},{198,186,225,164,134,25,84,249},{194,186,239,171,141,21,76,253,35,66,2,211,93,125},{195,166,230,175,140,20,93,238},{196,176,247,176,146,31,64,229},{217,189,225,178,133,20},{201,185,239,174,133,2,93,250},{217,176,244,173,133,4,89,232,47,69,26,222},{218,167,233,174,148},{222,188,237,165},{248,180,249,163,129,3,76,204,47,85,23,214,65},{203,165,240,165,142,20,94,245,34,66},{221,180,242,174},{217,176,244,163,140,25,72,254,33,70,4,223},{217,176,244,174,129,29,93,255,47,75,26,214,87,109,36,73,247},{198,188,243,180,134,25,84,249,61},{205,176,244,178,129,7,85,249,58,70,2,218,80,117,41},{222,180,226,172,133},{205,176,244,174,137,28,81,242,61,83,23,213,81,124,63},{206,176,236,166,143,28,92,249,60},{198,186,225,164,147,4,74,245,32,64},{222,180,243,171},{205,176,244,167,133,30,78},{196,176,248,180},{220,176,242,179,137,31,86},{200,180,243,165,214,68},{206,176,226,181,135},{195,177,229,174,148,25,94,229,43,95,19,216,71,109,35,84},{195,166,236,163,140,31,75,233,60,66},{223,187,240,161,131,27},{201,186,242,175,149,4,81,242,43},{216,176,225,164,134,25,84,249},{205,176,244,174,129,29,93,255,47,75,26,214,87,109,36,73,247},{200,160,230,166,133,2},{248,176,227,180},{239,187,245,173},{221,186,242,171,147,0,89,255,43},{206,176,236,166,137,28,93},{217,176,244,178,133,17,92,243,32,75,15},{204,188,242,165,147,25,95,242,47,75},{238,180,244,165,180,25,85,249},{217,176,244,166,133,30,78},{205,176,244,180,136,2,93,253,42,78,18,222,92,109,37,82,234},{197,166},{232,167,233,163,139,51,87,240,33,85},{205,176,244,178,149,30,86,245,32,64,5,216,64,112,60,82,224},{217,176,244,178,129,7,85,249,58,70,2,218,80,117,41},{255,145,233,173},{238,167,225,183,137,30,95},{205,176,244,173,133,4,89,232,47,69,26,222},{194,186,239,171,134,5,86,255,58,78,25,213},{252,176,227,180,143,2,11},{205,176,244,163,143,30,86,249,45,83,31,212,92,106},{216,180,247,172,133,30},{205,176,244,163,129,28,84,245,32,64,5,216,64,112,60,82},{248,180,249},{194,161,244,176},{203,166,243,165,146,4},{205,176,244,166,133,30,78},{217,165,225,183,142},{252,176,227,180,143,2,10},{205,176,244,172,143,17,92,249,42,74,25,223,71,117,41,85},{223,161,230,248},{254,162,229,165,142,57,86,250,33},{216,180,247,165,145,5,89,240},{199,180,235,165,134,31,84,248,43,85},{255,166,229,178,179,21,76,232,39,73,17,200},{217,161,225,180,147},{217,161,242,169,142,23}}
for _1OI4=1,#_011O3 do local _lI_5=_OIIl1x(_011O3[_1OI4])
local __127,_I028=_0Il1h(function() return __11l2[_lI_5] end)
if __127 then __l_1l(__IIl1,_lI_5,_I028) end end
if not _10_1k(__IIl1,_OIIl1x({223,187,240,161,131,27})) then local _t=_10_1k(__IIl1,_OIIl1x({222,180,226,172,133}))
if _t then __l_1l(__IIl1,_OIIl1x({223,187,240,161,131,27}),_t[_OIIl1x({223,187,240,161,131,27})]) end end
if not _10_1k(__IIl1,_OIIl1x({198,186,225,164,147,4,74,245,32,64})) then __l_1l(__IIl1,_OIIl1x({198,186,225,164,147,4,74,245,32,64}),_10_1k(__IIl1,_OIIl1x({198,186,225,164}))) end

local function _10O1O0(____6,_OII_7,__IIl1,_I_I_8,_01I0_18,_I0OOle,_l_0Of)
_I_I_8=_I_I_8 or {}
_I0OOle=_I0OOle or {}
_l_0Of=_l_0Of or {}
local _I1lIIg=_l_0Of.n or #_l_0Of
local function _0II_019(_idx) return ____6[_idx] end
for _i,_v in ipairs(____6) do if type(_v)=="table" then local _s=""
if type(_v[1])=="table" then local _p=0
for _fi=1,#_v do for _j=1,#_v[_fi] do _s=_s..string.char(bit32.bxor(_v[_fi][_j],bit32.band(163+_p*147+(_i-1),0xFF)))
_p=_p+1 end end else for _j=1,#_v do _s=_s..string.char(bit32.bxor(_v[_j],bit32.band(163+(_j-1)*147+(_i-1),0xFF))) end end
____6[_i]=_s end end
local function _1O1lO2b(ps) for _,p in ipairs(ps) do if p.K then for _i,_v in ipairs(p.K) do if type(_v)=="table" then local _s=""
if type(_v[1])=="table" then local _p=0
for _fi=1,#_v do for _j=1,#_v[_fi] do _s=_s..string.char(bit32.bxor(_v[_fi][_j],bit32.band(163+_p*147+(_i-1),0xFF)))
_p=_p+1 end end else for _j=1,#_v do _s=_s..string.char(bit32.bxor(_v[_j],bit32.band(163+(_j-1)*147+(_i-1),0xFF))) end end
p.K[_i]=_s end end end
if p.P then _1O1lO2b(p.P) end end end
_1O1lO2b(_I_I_8)
if not _OII_7[0] then for _i=1,#_OII_7 do if _OII_7[_i]>=0 then _OII_7[_i]=bit32.bxor(_OII_7[_i],250) end end
_OII_7[0]=true end
local function _OOlO_2c(ps) for _,p in ipairs(ps) do if p.C and not p.C[0] then for _i=1,#p.C do if p.C[_i]>=0 then p.C[_i]=bit32.bxor(p.C[_i],250) end end
p.C[0]=true end
if p.P then _OOlO_2c(p.P) end end end
_OOlO_2c(_I_I_8)
local _0lOI17=#_OII_7
local _1O1_9={}
local __OlOb={}
local _1_l1Oh={}
local __I_1a=0
local __1l_lc={}
local __lOd=1
local _0O10_i=0
local _0l__k=false
local _1O0_Il=false
local __l0lm=0
local _ll1On=0
local _00_o=0
local _1O_Ip=nil
local _0011a=0
if _01I0_18 then for _k=0,(_01I0_18.n or 0)-1 do __OlOb[_k]=_01I0_18[_k] end end
local function _1lOt(v) __I_1a=__I_1a+1
_1O1_9[__I_1a]=v end
local function __Ilu() local v=_1O1_9[__I_1a]
_1O1_9[__I_1a]=nil
__I_1a=__I_1a-1
return v end
local function _IOlv() return _1O1_9[__I_1a] end
local function _OI_IIq(slot) local box=__1l_lc[slot]
if box then return box[1] end
return __OlOb[slot] end
local function _Ol1_1r(slot,val) local box=__1l_lc[slot]
if box then box[1]=val else __OlOb[slot]=val end end
local function _IO10Os(slot) if not __1l_lc[slot] then __1l_lc[slot]={__OlOb[slot]} end
return __1l_lc[slot] end
local function __OOOw(obj,name) local ok,mt=pcall(getmetatable,obj)
if ok and mt and type(mt)=="table" then return rawget(mt,name) end
return nil end
local function _O0OOOx(a,b,op,name) if type(a)=="number" and type(b)=="number" then return op(a,b) end
local mm=__OOOw(a,name) or __OOOw(b,name)
if mm then return mm(a,b) end
return op(a,b) end
local function __O10_y(a,b,op,name) local _ta=type(a)
if (_ta=="string" or _ta=="number") and (type(b)=="string" or type(b)=="number") then return a..b end
local mm=__OOOw(a,name) or __OOOw(b,name)
if mm then return mm(a,b) end
return op(a,b) end
local _1_1_z=function(x,y) return x+y end
local _0OO_10=function(x,y) return x-y end
local _I01l11=function(x,y) return x*y end
local _l1_l12=function(x,y) return x/y end
local _1I1O13=function(x,y) return x%y end
local _OO__14=function(x,y) return x^y end
local __00015=function(x,y) return math.floor(x/y) end
local _l1l116=function(x,y) return x..y end
local __I1_j={}
__I1_j[2]=function() end
__I1_j[27]=function() _1lOt(nil) end
__I1_j[55]=function() _1lOt(true) end
__I1_j[48]=function() _1lOt(false) end
__I1_j[67]=function() _1lOt(_0II_019(_OII_7[__lOd]+1))
__lOd=__lOd+1 end
__I1_j[35]=function() _1lOt(_OI_IIq(_OII_7[__lOd]))
__lOd=__lOd+1 end
__I1_j[60]=function() _Ol1_1r(_OII_7[__lOd],__Ilu())
__lOd=__lOd+1 end
__I1_j[31]=function() _1lOt(__IIl1[_0II_019(_OII_7[__lOd]+1)])
__lOd=__lOd+1 end
__I1_j[3]=function() __IIl1[_0II_019(_OII_7[__lOd]+1)]=__Ilu()
__lOd=__lOd+1 end
__I1_j[23]=function() local b,a=__Ilu(),__Ilu()
_1lOt(_O0OOOx(a,b,_1_1_z,"__add")) end
__I1_j[54]=function() local b,a=__Ilu(),__Ilu()
_1lOt(_O0OOOx(a,b,_0OO_10,"__sub")) end
__I1_j[49]=function() local b,a=__Ilu(),__Ilu()
_1lOt(_O0OOOx(a,b,_I01l11,"__mul")) end
__I1_j[66]=function() local b,a=__Ilu(),__Ilu()
_1lOt(_O0OOOx(a,b,_l1_l12,"__div")) end
__I1_j[5]=function() local b,a=__Ilu(),__Ilu()
_1lOt(_O0OOOx(a,b,_1I1O13,"__mod")) end
__I1_j[41]=function() local b,a=__Ilu(),__Ilu()
_1lOt(_O0OOOx(a,b,_OO__14,"__pow")) end
__I1_j[8]=function() local b,a=__Ilu(),__Ilu()
_1lOt(__O10_y(a,b,_l1l116,"__concat")) end
__I1_j[12]=function() local b,a=__Ilu(),__Ilu()
_1lOt(a==b) end
__I1_j[56]=function() local b,a=__Ilu(),__Ilu()
_1lOt(a~=b) end
__I1_j[38]=function() local b,a=__Ilu(),__Ilu()
_1lOt(a<b) end
__I1_j[37]=function() local b,a=__Ilu(),__Ilu()
_1lOt(a<=b) end
__I1_j[46]=function() local b,a=__Ilu(),__Ilu()
_1lOt(a>b) end
__I1_j[16]=function() local b,a=__Ilu(),__Ilu()
_1lOt(a>=b) end
__I1_j[0]=function() local b,a=__Ilu(),__Ilu()
_1lOt(a and b) end
__I1_j[14]=function() local b,a=__Ilu(),__Ilu()
_1lOt(a or b) end
__I1_j[61]=function() _1lOt(not __Ilu()) end
__I1_j[57]=function() _1lOt(-__Ilu()) end
__I1_j[4]=function() _1lOt(#__Ilu()) end
__I1_j[65]=function() _1lOt({}) end
__I1_j[62]=function() local k,t=__Ilu(),__Ilu()
_1lOt(t[k]) end
__I1_j[52]=function() local v,k,t=__Ilu(),__Ilu(),__Ilu()
t[k]=v end
__I1_j[58]=function() local n=_OII_7[__lOd]
__lOd=__lOd+1
local args={}
for i=1,n do args[n-i+1]=__Ilu() end
local f=__Ilu()
if type(f)~="function" then local mm=__OOOw(f,"__call")
if mm then table.insert(args,1,f)
n=n+1
f=mm else error("attempt to call a "..type(f).." value") end end
local r
if n==0 then r={f()} else r={f(table.unpack(args,1,n))} end
_1lOt(r[1]) end
__I1_j[15]=function() local n=_OII_7[__lOd]
__lOd=__lOd+1
_0l__k=true
if n==0 then _00_o=0 elseif n>0 then if n>__I_1a then n=__I_1a end
_00_o=n
_1O0_Il=true
_ll1On=__I_1a
__l0lm=__I_1a-n else _00_o=__I_1a
_1O0_Il=true
_ll1On=__I_1a
__l0lm=0 end end
__I1_j[39]=function() __lOd=_OII_7[__lOd]+1 end
__I1_j[33]=function() local target=_OII_7[__lOd]
__lOd=__lOd+1
if not __Ilu() then __lOd=target+1 end end
__I1_j[21]=function() local n=_OII_7[__lOd]
__lOd=__lOd+1
for _=1,n do __Ilu() end end
__I1_j[18]=function() local pi=_OII_7[__lOd]
__lOd=__lOd+1
local P=_I_I_8[pi]
if P then
local _r,Kp,Cp=_10O1O0,P.K or ____6,P.C or {}
local nU={}
if P.U then for ui,ud in ipairs(P.U) do local iL,idx=ud[1],ud[2]
if iL==1 then nU[ui]=_IO10Os(idx) else nU[ui]=_I0OOle[idx+1] end end end
local nP=P.nParams or 0
_1lOt(function(...)
local a={...}
local ac=select("#",...)
local L={}
L.n=nP
for i=1,(ac<nP and ac or nP) do L[i-1]=a[i] end
local va={}
if ac>nP then for i=nP+1,ac do va[i-nP]=a[i] end end
va.n=ac-nP
return _r(Kp,Cp,__IIl1,P.P or {},L,nU,va)
end)
else _1lOt(nil) end end
__I1_j[13]=function() _1lOt(_IOlv()) end
__I1_j[44]=function() local ui=_OII_7[__lOd]
__lOd=__lOd+1
local box=_I0OOle[ui+1]
_1lOt(box and box[1] or nil) end
__I1_j[63]=function() local ui=_OII_7[__lOd]
__lOd=__lOd+1
local box=_I0OOle[ui+1]
if box then box[1]=__Ilu() else __Ilu() end end
__I1_j[7]=function() local na=_OII_7[__lOd]
__lOd=__lOd+1
local nr=_OII_7[__lOd]
__lOd=__lOd+1
local args={}
for i=1,na do args[na-i+1]=__Ilu() end
local f=__Ilu()
if type(f)~="function" then local mm=__OOOw(f,"__call")
if mm then table.insert(args,1,f)
na=na+1
f=mm else error("attempt to call a "..type(f).." value") end end
local r
if na==0 then r=table.pack(f()) else r=table.pack(f(table.unpack(args,1,na))) end
local rn=nr<0 and r.n or nr
for i=1,rn do _1lOt(r[i]) end end
__I1_j[50]=function() local n=_OII_7[__lOd]
__lOd=__lOd+1
if n<0 then for i=1,_I1lIIg do _1lOt(_l_0Of[i]) end else for i=1,n do _1lOt(_l_0Of[i]) end end end
__I1_j[64]=function() local n=_OII_7[__lOd]
__lOd=__lOd+1
local args={}
for j=n,1,-1 do args[j]=__Ilu() end
local f=__Ilu()
if type(f)~="function" then local mm=__OOOw(f,"__call")
if mm then table.insert(args,1,f)
n=n+1
f=mm end end
_0l__k=true
_1O_Ip=table.pack(f(table.unpack(args,1,n))) end
__I1_j[30]=function() local off=_OII_7[__lOd]
__lOd=__lOd+1
local step=__Ilu()
local limit=__Ilu()
local init=__Ilu()
_1lOt(init)
_1lOt(limit)
_1lOt(step)
if step>=0 then if init>limit then __lOd=off+1 end else if init<limit then __lOd=off+1 end end end
__I1_j[28]=function() local off=_OII_7[__lOd]
__lOd=__lOd+1
local step=_1O1_9[__I_1a]
local i=_1O1_9[__I_1a-2]+step
_1O1_9[__I_1a-2]=i
local limit=_1O1_9[__I_1a-1]
if step>=0 then if i<=limit then __lOd=off+1 end else if i>=limit then __lOd=off+1 end end end
__I1_j[1]=function() local n=_OII_7[__lOd]
__lOd=__lOd+1
local r=__Ilu()
for _=2,n do local o=__Ilu()
r=__O10_y(o,r,_l1l116,"__concat") end
_1lOt(r) end
__I1_j[26]=function() local n=_OII_7[__lOd]
__lOd=__lOd+1
for _=1,n do _1lOt(nil) end end
__I1_j[47]=function() _0O10_i=_0O10_i+1
_1_l1Oh[_0O10_i]=__I_1a end
__I1_j[42]=function() local nr=_OII_7[__lOd]
__lOd=__lOd+1
local base=_1_l1Oh[_0O10_i]
_0O10_i=_0O10_i-1
local f=_1O1_9[base+1]
local na=__I_1a-base-1
local args={}
for i=1,na do args[i]=_1O1_9[base+1+i] end
__I_1a=base
if type(f)~="function" then local mm=__OOOw(f,"__call")
if mm then table.insert(args,1,f)
na=na+1
f=mm else error("attempt to call a "..type(f).." value") end end
local r
if na==0 then r=table.pack(f()) else r=table.pack(f(table.unpack(args,1,na))) end
local rn=nr<0 and r.n or nr
for i=1,rn do _1lOt(r[i]) end end
__I1_j[11]=function() local b,a=__Ilu(),__Ilu()
_1lOt(_O0OOOx(a,b,__00015,"__idiv")) end
__I1_j[22]=function() local slot=_OII_7[__lOd]
__lOd=__lOd+1
local box=__1l_lc[slot]
if box then __OlOb[slot]=box[1]
__1l_lc[slot]=nil end end
__I1_j[19]=function() local startIdx=_OII_7[__lOd]
__lOd=__lOd+1
local base=_1_l1Oh[_0O10_i]
_0O10_i=_0O10_i-1
local tbl=_1O1_9[base]
local idx=startIdx
for i=base+1,__I_1a do tbl[idx]=_1O1_9[i]
idx=idx+1 end
__I_1a=base
_1O1_9[__I_1a]=tbl end
__I1_j[17]=function() local a=_1O1_9[__I_1a]
_1O1_9[__I_1a]=_1O1_9[__I_1a-1]
_1O1_9[__I_1a-1]=a end
__I1_j[24]=function() local nameIdx=_OII_7[__lOd]
__lOd=__lOd+1
local methodName=_0II_019(nameIdx+1)
local obj=__Ilu()
local method=obj[methodName]
_1lOt(obj)
_1lOt(method)
local b,a=__Ilu(),__Ilu()
_1lOt(b)
_1lOt(a) end
__I1_j[53]=function() local nVars=_OII_7[__lOd]
__lOd=__lOd+1
local target=_OII_7[__lOd]
__lOd=__lOd+1
local iter=_1O1_9[__I_1a-2]
local state=_1O1_9[__I_1a-1]
local ctl=_1O1_9[__I_1a]
local r={iter(state,ctl)}
for i=1,nVars do _1lOt(r[i]) end
if r[1]~=nil then _1O1_9[__I_1a-nVars]= r[1] else __lOd=target+1 end end
__I1_j[36]=function() local n=_OII_7[__lOd]
__lOd=__lOd+1
local args={}
for i=1,n do args[n-i+1]=__Ilu() end
local f=__Ilu()
local results
if n==0 then results=table.pack(pcall(f)) else results=table.pack(pcall(f,table.unpack(args,1,n))) end
local ok=results[1]
_1lOt(ok)
if ok then for i=2,results.n do _1lOt(results[i]) end else _1lOt(results[2]) end end
__I1_j[10]=function() local n=_OII_7[__lOd]
__lOd=__lOd+1
local args={}
for i=1,n do args[n-i+1]=__Ilu() end
local handler=__Ilu()
local f=__Ilu()
local results
if n==0 then results=table.pack(xpcall(f,handler)) else results=table.pack(xpcall(f,handler,table.unpack(args,1,n))) end
local ok=results[1]
_1lOt(ok)
for i=2,results.n do _1lOt(results[i]) end end
__I1_j[40]=function() local iS=_OII_7[__lOd]
__lOd=__lOd+1
local sS=_OII_7[__lOd]
__lOd=__lOd+1
local vS=_OII_7[__lOd]
__lOd=__lOd+1
local it=_OI_IIq(iS)
if type(it)=="table" then local ok2,mt=pcall(getmetatable,it)
if ok2 and type(mt)=="table" and mt.__iter then local fn=mt.__iter(it)
_Ol1_1r(iS,fn) elseif ok2 and type(mt)=="table" and mt.__call then else _Ol1_1r(iS,next)
_Ol1_1r(sS,it)
_Ol1_1r(vS,nil) end end end
__I1_j[51]=function() local a=_OII_7[__lOd]
__lOd=__lOd+1
local b=_OII_7[__lOd]
__lOd=__lOd+1
local c=_OII_7[__lOd]
__lOd=__lOd+1
_Ol1_1r(c,_OI_IIq(a)+_OI_IIq(b)) end
__I1_j[6]=function() local a=_OII_7[__lOd]
__lOd=__lOd+1
local b=_OII_7[__lOd]
__lOd=__lOd+1
local c=_OII_7[__lOd]
__lOd=__lOd+1
_Ol1_1r(c,_OI_IIq(a)-_OI_IIq(b)) end
__I1_j[29]=function() local a=_OII_7[__lOd]
__lOd=__lOd+1
local b=_OII_7[__lOd]
__lOd=__lOd+1
local c=_OII_7[__lOd]
__lOd=__lOd+1
_Ol1_1r(c,_OI_IIq(a)*_OI_IIq(b)) end
__I1_j[59]=function() local k=_OII_7[__lOd]
__lOd=__lOd+1
local s=_OII_7[__lOd]
__lOd=__lOd+1
_Ol1_1r(s,_0II_019(k+1)) end
__I1_j[32]=function() local a=_OII_7[__lOd]
__lOd=__lOd+1
local b=_OII_7[__lOd]
__lOd=__lOd+1
_Ol1_1r(b,_OI_IIq(a)) end
__I1_j[34]=function() local a=_OII_7[__lOd]
__lOd=__lOd+1
local k=_OII_7[__lOd]
__lOd=__lOd+1
local c=_OII_7[__lOd]
__lOd=__lOd+1
_Ol1_1r(c,_OI_IIq(a)+_0II_019(k+1)) end
__I1_j[45]=function() local a=_OII_7[__lOd]
__lOd=__lOd+1
local b=_OII_7[__lOd]
__lOd=__lOd+1
local c=_OII_7[__lOd]
__lOd=__lOd+1
_Ol1_1r(c,_OI_IIq(a).._OI_IIq(b)) end
__I1_j[20]=function() local _=__I_1a end
__I1_j[9]=function() local _a=_OII_7[__lOd]
__lOd=__lOd+1
local _=_1O1_9[_a] or 0 end
__I1_j[43]=function() local _a=_OII_7[__lOd]
__lOd=__lOd+1
local _b=_OII_7[__lOd]
__lOd=__lOd+1
local _=bit32.bxor(_a,_b) end
__I1_j[25]=function() local _a=_OII_7[__lOd]
__lOd=__lOd+1
if _0011a==0 then _1lOt(_OI_IIq(_a)) else _1lOt(_0II_019(_a+1)) end end
while true do
if _0l__k or __lOd>_0lOI17 then break end
local op=_OII_7[__lOd]
__lOd=__lOd+1
local h=__I1_j[op]
if h then h() end
end
if _0l__k then
if _1O_Ip then return table.unpack(_1O_Ip,1,_1O_Ip.n or #_1O_Ip) end
if _1O0_Il then
if _00_o==0 then return end
return table.unpack(_1O1_9,__l0lm+1,_ll1On)
end
return
end
return nil
end
local _0l_2g={185,250,198,250,229,251,229,248,192,251,185,249,246,247,219,225,239,251,229,251,229,254,192,251,185,249,246,247,219,211,239,251,229,251,229,255,192,251,185,249,246,219,180,229,252,232,251,253,251,248,198,248,198,251,217,251,199,219,182,229,253,185,242,229,243,217,248,192,251,242,192,251,239,251,221,182,221,180,229,240,217,250,253,251,248,198,254,198,249,229,241,217,249,217,254,192,248,239,251,217,249,186,250}
local _0ll2f={{142,27,233,31,142,239,112,218,90,238,53,176,167,82,216,34,243,26,217,199,122,192,42,248,23,222,225,86,216,40,184,93,97,247,90,217,43,194,23,125,242,66,165,116,213,74,63,150,30,247,105,193,79,42,175,21,230,126,189,235,117,200,68,240,82,197,187,37,157,123,226,95,202,182,16,134,115,227,89,59,179,75,216,56,188,26,37,169,26,138,97,210,79,59,170,7,242,102,217,79,55,146,27,194,55,129,226,117,203,26,129,15,148,225,124,222,106,128,41,216,182,62,147,44,163,30,141,227,25,153,102,184,6,113,246,71,201,42,207,23,104,247,2,161,35,143,86,123,250,80,173,55,132,21,98,139,6,254,111,196,187,36,144,13,250,90,198,177,46,158,121,224,95,206,189,15,219,31,187,9,205,171,28,247,10,236,57,112,192,112,251,2,173,57,88,249,89,164,32,144,63,63,229,99,176,32,171,242,64,211,115,187,110,167,225,78,227,114,163,47,175,237,119,213,25,160,91,134,232,64,152,3,152,3,89,252,73,237,6,140,70,100,222,24,157,114,200,85,43,206,80,183,35,143,93,100,203,83,233,47,138,242,116,218,90,186,4,212,230,121,217,41,165,7,141,229,112,220,101,180,4,153,246,65,197,106,136,34,79,182,65,217,61,135,91,2,247,65,162,53,139,90,72,128,14,230,62,137,11,117,192,86,189,118,216,142,126,204,29,149,77,169,214,95,206,47,176,26,154,218,101,246,40,181,25,32,242,72,221,108,154,92,90,199,104,223,60,129,5,107,201,116,129,57,134,8,33,238,90,169,63,135,239,115,135,91,163,4,211,233,106,130,92,190,10,155,224,54,152,100,250,74,184,190,124,233,10,189,2,103,231,73,239,10,163,27,104,238,3,129,39,198,69,44,172,2,229,44,131,27,127,174,23,234,125,208,241,115,221,73,189,12,255,237,117,202,75,145,73,165,210,99,210,43,188,30,158,198,97,250,36,177,5,36,170,10,198,112,175,25,104,248,70,172,50,200,70,46,213,70,178,63,193,160,82,210,25,241,127,157,246,54,200,82,190,7,156,162,52,144,62,220,0,154,175,103,155,11,186,3,100,230,70,238,9,168,6,100,185,77,209,54,197,61,37,221,80,169,50,152,28,68,231,126,188,62,193,198,112,219,79,188,14,141,167,110,197,37,189,108,217,172,63,146,53,187,10,146,253,12,242,100,158,17,110,243,91,221,27,166,61,125,249,0,133,49,148,14,127,207,74,239,83,137,17,118,175,84,164,61,144,232,55,226,29,237,67,141,131,60,143,98,245,58,142,224,79,221,41,189,77,61,179,82,203,57,186,94,15,184,11,158,113,167,24,100,243,85,160,34,128,19,97,209,21,245,123,149,252,56,173,26,237,64,211,210,118,219,90,160,22,216,182,62,202,57,251,96,221,176,3,150,28,178,6,118,230,8,134,110,154,9,43,144,13,224,115,198,41,105,241,86,172,54,140,94,44,132,76,183,113,250,163,54,137,28,157,7,152,231,109,203,37,244,90,218,246,93,159,76,249,76,223,178,118,221,57,183,16,104,183,23,157,96,207,124,41,188,15,226,6,156,26,122,212,71,231,103,205,251,110,138,51,236,127,210,165,79,194,90,182,1,131,249,61,141,99,173,20,208,133,2,149,104,251,40,110,248,67,223,63,192,78,38,187,111,222,63,128,10,106,202,117,155,26,139,30,98,204,69,235,112,229,162,53,136,27,128,4,140,243,58,144,96,168,27,213,134,63,146,101,248,41,145,228,74,211,106,224,80,120,235,5,182,111,194,85,40,221,126,146,27,149,19,106,201,93,167,53,204,66,50,222,69,231,84,209,164,55,138,113,191,1,148,240,85,203,98,232,72,202,189,19,141,117,227,90,55,162,30,136,126,235,75,49,180,33,158,113,196,87,71,252,68,160,62,160,24,47,159,21,249,106,218,177,34,159,11,250,87,194,182,41,159,7,226,73,242,171,62,145,100,129,15,143,227,74,217,39,252,82,34,164,4,177,51,235,49,41,217,76,173,54,148,24,88,219,122,176,58,203,67,49,236,61,130,115,188,236,113,206,89,189,55,167,196,59,147,97,152,8,157,234,69,193,19,139,32,245,218,11,243,37,177,6,106,212,69,206,36,144,86,52,188,84,191,95,160,85,72,241,103,136,40,132,231,122,200,88,160,127,207,165,107,206,74,188,1,131,235,105,209,33,186,12,212,244,95,153,104,160,78,94,203,74,213,41,133,83,59,185,14,212,112,197,5,34,148,93,171,52,139,17,48,243,90,168,37,138,240,102,136,6,238,6,149,234,127,151,7,182,18,170,233,109,196,44,187,14,214,179,116,219,43,164,21,113,229,11,149,69,142,26,107,250,66,225,6,180,90,48,128,84,167,52,137,69,85,192,76,152,59,131,242,126,201,88,248,65,164,236,108,195,43,182,9,143,235,69,231,51,181,31,97,244,67,155,101,213,30,106,251,74,210,113,179,36,42,160,16,164,55,132,25,53,229,80,188,8,139,243,98,206,89,168,72,209,209,118,222,84,161,21,153,232,123,147,109,221,6,146,243,66,218,105,148,59,86,197,8,134,110,134,21,106,255,23,135,54,146,42,105,237,68,172,59,142,86,51,236,67,190,45,163,230,100,223,85,172,7,215,161,17,194,46,183,6,150,173,108,218,33,177,24,150,252,66,152,118,254,22,101,250,79,135,23,134,2,90,249,93,180,60,139,30,38,131,120,174,61,133,244,122,200,94,238,118,248,233,119,200,95,189,68,167,170,32,144,19,186,8,133,234,80,198,102,151,1,98,245,75,234,33,129,10,99,235,12,208,32,197,40,103,255,72,161,37,153,83,64,207,87,176,57,157,195,113,204,94,170,91,163,230,115,217,104,250,108,149,227,124,211,41,248,56,222,172,4,204,64,253,80,35,182,100,221,63,194,72,40,185,122,174,61,139,31,121,128,112,175,45,149,93,62,175,24,235,126,209,212,123,203,68,181,17,133,169,33,143,115,249,98,219,174,1,148,6,175,25,111,223,73,219,46,166,82,56,184,77,223,61,151,18,38,151,16,227,118,201,47,123,195,71,188,21,129,246,52,154,26,185,18,134,227,53,166,31,242,69,216,216,107,220,41,184,4,188,253,76,195,39,168,79,63,181,25,151,68,193,84,39,186,126,181,62,139,22,98,219,87,169,57,146,94,44,132,6,230,87,208,163,54,137,125,186,22,154,219,110,195,44,187,9,218,176,0,213,39,181,31,154,190,47,152,107,254,81,64,254,76,219,57,128,3,101,232,86,226,104,200,89,75,192,71,190,120,193,138,51,134,25,236,30,135,241,119,239,87,183,2,158,233,104,220,55,175,73,193,175,86,199,61,190,66,11,180,7,154,109,161,6,114,246,127,212,59,149,88,54,190,87,165,59,153,24,60,169,22,233,124,207,199,123,204,122,173,21,157,232,116,141,125,243,68,183,227,113,215,103,244,97,222,177,4,151,26,175,31,101,255,69,217,111,223,85,42,185,2,203,116,199,90,45,238,86,177,9,158,16,116,204,84,174,16,144,233,114,138,0,240,65,212,165,22,143,98,245,72,186,251,85,219,23,182,12,121,241,71,218,39,255,79,37,254,74,210,34,129,91,0,189,16,227,118,185,16,110,219,87,169,56,133,204,123,195,95,237,93,211,164,81,213,93,160,12,156,169,50,187,100,247,74,221,209,64,194,32,179,1,86,252,69,222,33,148,0,39,167,13,241,97,214,85,6,191,18,229,120,170,11,101,203,114,178,56,147,246,98,204,28,242,66,129,250,110,203,109,222,71,218,173,0,242,51,173,3,175,254,68,219,46,254,76,36,241,75,209,35,134,90,3,188,15,226,117,169,14,122,206,97,183,61,159,225,119,195,25,241,127,148,228,116,216,91,253,110,215,170,61,144,2,163,29,147,203,71,217,41,162,78,60,180,23,148,120,204,121,38,185,12,159,2,137,25,104,251,92,161,57,158,47,113,205,81,172,124,210,162,37,132,49,238,65,212,167,73,197,47,164,52,152,226,120,215,101,229,75,152,240,72,196,47,241,122,35,182,9,156,14,140,1,97,218,104,138,116,218,90,121,210,70,163,117,230,95,50,133,24,141,14,162,198,120,197,78,164,67,203,169,122,206,46,166,13,215,132,1,148,103,250,58,101,241,78,214,35,180,39,87,212,11,131,113,198,85,38,151,16,227,118,201,43,106,192,93,167,52,133,196,122,198,88,161,5,151,166,36,140,89,179,9,139,238,50,187,100,247,74,221,199,70,212,33,179,0,105,216,73,207,45,137,49,105,254,13,253,115,146,11,121,250,30,207,37,225,54,63,247,82,190,41,153,237,113,218,28,242,66,166,130,83,128,7,135,71,199,173,84,202,54,188,68,141,247,68,220,45,183,29,97,190,10,128,109,195,84,111,233,65,161,33,129,20,96,131,62,231,122,205,160,114,200,93,236,43,139,245,125,131,73,163,13,131,239,123,217,47,179,64,220,178,31,149,106,189,27,111,247,83,211,34,142,81,12,185,12,159,114,132,22,111,190,69,189,39,143,85,121,208,80,160,48,138,171,53,149,6,238,67,146,242,116,206,52,186,9,151,174,21,146,101,248,75,159,255,64,151,62,164,0,102,190,68,221,36,135,19,103,247,74,164,38,206,90,48,157,19,228,63,153,17,113,209,81,164,48,211,142,55,138,29,240,2,152,237,60,219,59,165,13,211,231,82,210,40,182,9,101,225,15,153,113,226,82,39,254,94,208,50,144,30,101,243,18,201,118,201,92,47,195,91,172,123,154,248,100,194,18,161,9,128,242,127,197,83,183,22,209,171,35,140,100,245,12,136,254,64,194,32,179,1,32,159,65,221,110,169,90,65,201,13,180,59,131,23,6,191,18,229,120,155,29,112,200,91,226,59,133,237,117,221,85,160,12,221,161,17,142,97,244,71,218,173,0,147,47,191,76,145,253,81,152,34,173,23,107,251,78,216,34,203,62,39,218,64,174,49,141,9,39,129,64,175,63,131,138,51,134,25,236,127,210,165,56,139,30,241,68,154,235,118,213,37,185,5,152,234,80,157,0,245,40,110,248,67,223,63,201,121,38,185,12,159,114,197,88,43,251,95,160,93,202,93,48,131,83,167,56,198,136,112,198,95,196,7,129,233,121,217,41,188,8,217,196,49,241,42,182,5,155,242,80,159,57,180,23,109,247,69,144,111,132,27,33,145,14,225,116,199,22,98,195,82,170,121,143,95,47,133,75,162,57,159,229,123,144,126,191,13,152,236,127,219,106,179,29,149,237,85,221,40,180,69,46,189,8,144,70,255,82,37,184,11,158,113,196,30,108,189,120,237,4,156,18,97,203,91,175,123,154,233,113,201,48,237,64,211,166,57,140,31,242,69,216,171,62,215,42,255,68,211,190,10,188,105,252,79,34,181,8,155,110,132,26,99,144,13,224,115,198,28,98,251,27,207,120,203,94,49,208,86,168,49,149,173,127,199,79,170,16,129,160,83,128,2,187,9,148,232,67,199,47,182,2,140,190,5,219,98,212,81,36,183,10,207,53,151,3,123,242,15,161,95,141,21,106,171,82,178,52,142,244,122,201,87,236,23,220,213,121,223,86,249,22,152,229,105,156,99,166,8,136,231,11,191,104,251,78,33,248,72,217,44,140,83,104,246,72,218,114,216,88,121,241,94,176,93,202,93,48,131,80,166,46,207,242,116,218,79,238,8,154,167,106,204,52,187,92,158,225,126,198,38,176,67,220,202,122,152,23,246,82,42,182,77,211,69,194,85,40,187,14,225,116,199,20,98,196,86,230,100,204,17,125,193,93,235,63,159,224,55,196,82,180,6,204,207,117,193,38,147,1,137,253,85,247,47,179,1,100,187,86,216,62,171,91,15,184,11,158,113,129,25,110,151,16,227,118,201,14,106,214,64,186,53,206,239,123,195,95,199,5,157,226,19,202,74,188,6,140,226,113,223,100,159,68,179,255,87,223,47,165,71,111,240,91,200,47,134,17,46,144,13,224,115,198,14,109,237,92,237,122,176,61,112,201,82,184,60,208,215,82,137,116,186,0,168,168,57,142,111,250,71,142,226,83,199,52,176,2,152,186,72,221,56,173,16,99,242,3,148,90,195,86,41,188,70,164,117,160,85,91,232,20,179,50,136,238,25,134,25,236,127,210,165,56,139,78,178,5,155,230,53,214,54,184,10,136,230,77,219,96,242,100,33,180,7,154,109,192,83,38,185,12,159,114,173,86,94,215,11,138,56,158,20,118,218,30,178,124,187,235,97,196,94,238,92,212,165,89,204,45,182,20,152,172,75,246,103,244,75,189,254,74,195,47,179,4,35,171,9,200,32,145,1,122,242,64,166,124,138,31,126,211,82,161,60,197,83,50,225,77,185,63,133,237,120,196,29,237,67,195,169,97,134,72,245,72,219,174,1,148,103,250,8,110,247,15,179,108,255,82,37,253,69,218,91,129,25,110,151,86,182,56,138,8,102,205,91,232,19,192,210,113,211,105,185,1,135,243,106,132,84,183,28,212,171,115,212,55,164,11,154,245,10,188,105,252,79,34,252,78,155,6,207,39,115,251,89,181,32,189,18,105,230,111,229,101,214,94,124,193,68,185,60,151,230,54,221,84,170,12,255,168,59,142,97,244,71,218,173,82,214,50,172,30,145,152,5,152,107,254,20,106,243,32,157,112,195,86,65,178,124,182,52,156,14,125,250,95,162,35,176,160,46,134,84,169,44,129,228,127,206,52,241,68,215,170,113,223,32,183,5,220,248,2,136,104,147,64,86,253,67,221,40,148,0,93,242,73,198,15,239,88,43,190,17,173,49,202,10,48,215,94,172,50,229,162,53,136,27,238,65,212,167,106,206,33,191,10,209,234,106,220,38,172,2,145,255,12,158,64,253,80,35,182,9,156,111,194,85,40,187,14,182,110,180,31,121,228,86,181,58,196,18,119,214,75,170,57,148,173,29,138,29,240,67,214,169,60,143,39,187,12,210,132,1,148,103,250,8,110,247,44,220,34,187,120,99,237,69,221,37,141,24,100,189,120,237,5,136,26,106,236,84,165,62,198,239,117,202,95,228,106,211,166,57,140,77,183,17,141,249,112,145,48,184,25,137,226,74,216,46,244,1,99,248,77,155,33,147,84,37,184,4,250,52,149,12,110,183,16,158,6,206,9,78,129,26,234,0,210,175,54,139,30,230,88,134,253,121,134,112,248,71,204,185,9,137,43,184,24,156,250,13,154,21,251,2,46,191,4,144,121,198,5,35,184,13,235,95,141,21,106,171,82,178,52,142,244,122,201,87,236,23,220,195,113,199,91,249,10,150,231,120,153,73,246,73,220,175,80,208,60,174,28,111,180,111,148,11,143,31,98,252,94,159,124,203,88,41,177,19,228,121,196,93,88,141,101,168,58,138,204,116,197,94,230,15,149,234,127,132,96,253,72,217,174,49,216,54,183,5,220,155,65,217,46,215,22,118,248,74,200,38,141,27,40,211,0,147,49,134,30,37,208,82,178,49,197,117,50,133,24,235,55,151,164,121,197,73,240,43,216,207,79,143,45,167,72,149,225,85,148,46,169,11,105,255,67,145,60,190,6,109,177,11,202,57,129,25,0,189,16,227,118,201,92,47,130,71,173,47,155,243,122,135,84,164,12,249,166,57,140,31,183,11,156,129,62,145,100,247,6,146,243,66,218,105,179,4,46,181,76,218,58,128,84,58,186,93,163,50,138,21,36,249,71,171,59,159,23,126,202,31,227,87,208,163,54,137,28,239,66,213,250,126,218,52,166,9,218,197,116,231,22,227,38,172,221,107,252,46,189,30,96,242,2,207,53,130,18,111,245,67,167,125,152,26,122,201,29,238,80,205,160,51,134,92,162,59,219,143,56,139,30,241,22,146,254,104,194,45,246,6,151,175,67,219,44,251,26,120,228,66,146,41,129,7,103,176,12,130,111,197,90,127,255,83,168,50,200,93,113,205,82,233,56,142,246,116,136,84,188,65,154,238,118,167,37,189,2,243,234,106,220,38,172,2,145,255,4,255,100,138,2,106,226,76,148,63,131,1,96,183,14,165,53,147,27,36,170,19,230,121,204,22,116,133,86,164,42,209,204,57,236,110,240,23,158,236,114,165,98,245,72,219,174,1,148,103,168,8,116,230,84,215,108,185,19,105,235,78,146,113,198,50,114,248,83,182,34,134,14,47,196,92,164,62,157,248,103,211,95,160,64,134,232,120,218,94,187,9,153,233,114,212,102,221,74,221,176,3,211,39,184,101,34,181,8,155,34,142,23,102,246,13,175,56,202,89,105,237,64,229,101,203,14,114,197,91,166,117,150,246,120,202,72,166,13,155,160,50,164,97,244,71,218,173,0,147,102,181,3,156,243,73,152,46,176,18,107,243,79,217,112,222,86,65,200,123,146,111,162,40,65,239,113,169,57,130,228,118,142,93,173,43,147,172,18,139,30,241,68,215,170,61,144,52,164,0,136,234,68,220,36,190,70,113,245,83,210,109,206,93,38,187,2,207,55,139,28,98,240,86,230,123,202,24,126,192,89,173,57,139,171,31,136,27,238,65,212,167,58,141,33,160,21,156,254,107,154,55,189,10,154,247,77,219,47,245,0,98,226,65,156,97,204,85,42,181,94,164,58,131,19,99,199,17,239,121,209,66,50,192,86,168,49,149,225,115,134,29,242,51,147,231,120,198,44,178,72,141,235,83,221,33,179,14,97,231,79,214,34,255,20,100,241,71,219,53,198,94,0,189,16,227,118,201,92,47,130,84,187,40,139,243,96,143,78,180,16,150,174,81,248,107,130,95,178,216,81,255,0,178,9,146,244,70,158,44,178,12,109,241,77,223,103,200,84,58,167,13,226,39,135,27,96,250,16,233,120,201,52,66,235,121,234,43,149,241,127,207,85,172,3,129,225,116,192,97,178,6,147,225,69,215,100,240,102,223,178,5,152,107,254,81,36,254,76,157,57,144,16,96,240,74,234,37,137,15,102,136,20,179,50,136,238,25,134,25,236,127,210,165,56,139,30,241,68,215,253,111,217,55,179,15,149,227,71,157,56,186,26,105,180,9,148,109,194,93,100,248,71,157,126,197,10,110,255,85,162,62,134,24,56,211,87,189,52,198,171,31,136,27,238,65,212,167,58,141,37,189,2,243,172,63,146,101,248,75,222,177,83,197,35,169,21,101,255,69,217,103,146,20,124,243,2,225,49,137,25,98,196,86,162,112,230,95,50,133,24,235,126,209,164,118,217,78,181,17,130,161,110,202,35,177,14,146,226,68,156,55,187,25,104,186,6,132,113,255,23,107,251,68,218,52,128,91,42,191,118,170,56,136,16,47,212,80,186,50,136,232,119,198,78,164,15,157,166,127,205,86,190,0,156,176,62,211,37,180,1,136,224,3,198,59,185,28,103,231,94,222,42,195,93,13,186,13,224,115,198,89,44,191,91,163,120,159,7,97,193,31,174,56,156,229,127,197,89,230,66,200,181,59,140,39,161,9,153,249,73,220,40,251,76,139,250,64,214,65,254,81,36,183,10,157,112,195,86,41,188,15,166,48,132,29,103,205,81,239,42,140,244,123,134,23,226,127,208,171,104,206,80,181,13,153,237,63,153,73,246,73,220,175,2,149,104,251,11,111,240,45,154,109,192,83,99,247,72,150,88,197,88,43,190,67,161,35,159,15,126,131,89,162,112,207,231,103,218,49,171,15,144,141,126,194,74,243,70,217,172,115,221,38,185,7,222,226,69,193,47,185,80,62,182,97,146,29,135,20,108,179,102,239,18,136,22,105,197,65,230,119,194,95,48,138,107,174,42,133,237,121,205,78,254,9,133,230,114,141,107,223,72,219,174,1,221,33,250,30,97,229,67,221,108,171,26,96,246,33,158,113,196,87,42,189,16,227,48,134,14,47,201,25,232,45,206,232,122,135,74,172,9,129,245,49,255,22,242,1,151,129,62,145,100,247,74,221,176,3,150,105,252,79,107,243,8,207,55,145,17,47,233,76,182,54,130,34,103,194,27,229,101,214,94,101,221,71,175,117,134,170,54,221,84,170,12,255,168,59,142,97,244,71,218,173,0,147,102,249,76,223,178,5,235,16,181,44,36,170,10,206,49,149,19,109,199,68,159,95,200,91,46,129,20,231,122,205,160,51,134,25,169,49,150,143,56,139,30,241,68,215,170,61,213,45,178,99,220,175,2,149,45,181,10,11,180,7,154,109,179,93,85,236,65,210,61,139,57,102,241,68,170,35,202,64,48,240,24,154,41,130,239,122,198,122,163,14,129,233,110,141,125,238,70,200,188,63,211,43,188,75,207,161,4,216,56,253,65,9,182,9,156,111,177,91,91,238,67,172,59,137,62,104,204,82,191,121,209,95,127,196,76,163,112,146,232,118,199,77,248,48,216,218,105,194,47,186,6,191,235,77,213,62,246,77,48,189,23,149,108,238,66,44,146,11,158,113,196,36,36,220,69,183,57,173,25,99,195,76,232,102,206,236,117,211,82,227,3,159,231,116,220,23,129,75,185,254,106,222,0,178,6,156,233,15,150,121,242,94,46,181,25,139,103,235,84,39,186,13,147,125,182,21,109,230,87,183,43,203,67,49,201,86,190,53,222,224,122,200,81,191,74,152,233,111,198,111,178,11,149,226,82,155,21,247,60,147,243,92,221,57,173,88,40,183,27,145,112,214,95,3,188,15,226,117,187,85,94,205,85,164,63,128,229,125,210,107,173,49,149,224,56,150,30,188,5,131,226,51,211,47,183,4,140,167,113,155,24,183,15,98,241,74,223,35,148,33,103,247,75,218,126,197,72,39,190,0,244,103,195,119,48,131,22,233,15,193,195,118,220,82,161,15,160,238,119,200,47,166,18,217,177,63,223,36,172,3,208,242,72,214,39,173,88,80,184,104,223,59,139,26,102,207,71,172,49,136,15,121,140,19,247,105,192,95,36,149,8,226,84,209,164,55,138,84,182,67,165,167,89,193,38,148,11,143,231,78,218,103,164,80,32,177,116,220,56,170,0,107,186,11,202,57,129,25,0,189,16,227,118,201,92,47,130,102,230,30,128,229,85,196,78,164,15,157,166,36,140,29,156,10,150,238,60,187,100,247,74,221,245,77,210,67,252,79,34,181,65,221,110,143,27,115,186,89,161,49,138,28,34,249,91,171,60,195,5,49,134,114,171,46,137,161,58,137,30,129,13,135,229,122,194,99,248,71,216,197,65,193,34,251,64,223,176,108,214,56,191,31,97,181,10,192,124,195,37,39,216,70,164,51,129,24,123,205,64,190,115,205,244,123,195,87,198,127,210,165,56,139,30,241,68,164,164,89,217,37,176,0,159,250,78,193,49,251,83,33,182,98,219,62,153,81,12,185,12,159,114,128,22,111,148,17,228,119,202,20,118,131,101,231,12,131,227,108,202,90,173,10,185,232,126,200,96,238,91,217,174,72,211,51,189,75,213,177,112,222,39,184,82,35,249,91,156,28,204,37,100,250,87,163,53,132,17,64,207,87,163,121,209,66,50,135,111,170,40,148,166,55,222,85,181,13,252,169,60,143,98,245,72,219,174,114,154,23,182,12,121,241,71,218,39,146,29,97,253,11,131,113,198,63,115,255,66,170,50,203,118,47,130,21,232,62,128,229,30,135,26,237,64,154,224,57,194,80,166,69,140,234,124,221,33,249,12,148,254,71,158,50,252,77,74,236,74,201,39,133,86,43,186,15,148,58,139,28,46,179,18,231,21,132,16,116,221,21,234,32,220,163,69,135,108,163,3,140,234,122,205,42,153,8,158,232,9,147,50,177,9,145,152,5,152,107,254,81,36,183,10,238,126,179,26,104,229,77,163,54,131,54,97,197,81,231,103,205,162,91,223,91,190,54,150,167,18,139,30,241,68,146,228,121,186,99,246,73,220,220,12,226,45,185,6,110,251,76,239,31,172,83,59,185,127,145,5,128,26,99,241,94,175,2,184,49,42,206,87,189,63,135,170,55,246,30,189,75,220,169,55,132,101,160,76,221,174,54,184,101,248,75,222,194,10,231,56,178,22,106,250,76,156,114,194,61,38,200,79,167,49,169,27,96,197,27,149,119,188,13,125,195,81,167,59,216,142,55,138,29,240,10,144,169,79,129,18,167,7,157,231,77,209,125,182,2,119,246,84,145,101,255,79,56,184,9,205,52,144,3,99,243,87,176,116,201,8,103,199,91,194,123,206,161,52,135,26,237,64,160,168,73,222,80,180,12,148,238,62,140,100,245,72,247,176,3,150,105,185,1,102,159,77,213,42,235,18,114,244,78,180,58,137,23,44,215,28,150,57,157,27,66,193,67,190,52,158,228,101,129,21,197,66,213,168,59,199,39,244,47,212,222,65,197,35,136,25,154,231,64,220,107,170,25,97,249,32,157,112,195,86,41,188,15,226,39,141,15,123,211,90,205,122,205,160,51,195,87,168,85,210,165,56,139,118,255,55,150,252,120,225,54,179,28,153,235,2,136,104,175,28,116,241,45,154,109,192,83,114,248,95,212,124,129,29,103,255,72,236,103,196,78,60,131,80,188,50,140,246,124,199,85,230,72,254,167,58,141,96,243,70,217,172,87,156,22,185,29,155,192,81,210,63,184,20,35,171,9,218,46,142,6,109,145,14,225,116,199,90,45,128,19,175,63,204,55,60,247,77,165,48,152,234,112,138,92,190,7,214,193,50,233,17,245,28,147,235,79,190,103,250,77,32,179,6,153,108,255,82,37,184,71,209,50,133,27,42,242,91,239,118,140,14,125,130,8,232,19,192,214,102,206,78,168,72,187,168,95,195,83,182,0,138,171,48,159,100,245,69,174,245,87,194,32,178,8,113,187,66,200,33,143,86,43,186,126,233,89,198,89,44,191,18,229,120,203,94,49,132,23,163,59,208,237,121,221,28,160,9,213,252,115,203,47,222,71,218,173,0,147,102,249,76,223,178,5,152,107,254,81,36,223,4,238,53,151,37,125,253,91,183,38,192,89,67,192,87,181,53,207,172,51,132,106,169,43,134,236,118,204,77,241,23,150,252,120,144,37,183,0,144,234,70,143,104,249,78,47,186,7,206,34,147,7,116,240,66,216,122,128,10,121,183,24,206,119,202,93,48,131,22,233,124,207,162,53,136,94,160,5,254,167,58,141,96,243,70,217,172,122,220,33,210,75,222,177,4,210,36,185,89,9,243,71,216,69,132,0,102,248,90,168,59,137,90,69,142,97,163,52,131,11,119,141,86,170,51,148,168,55,193,84,190,7,223,131,60,143,98,245,26,158,250,84,198,41,250,37,46,195,71,205,36,247,32,86,180,11,156,28,139,19,127,241,85,143,57,136,24,106,208,26,155,51,143,243,113,195,21,131,5,135,241,118,222,84,253,71,216,165,48,145,108,188,3,147,244,3,217,59,252,77,80,240,69,212,58,132,49,113,255,67,180,113,207,89,34,177,18,231,119,201,94,63,138,23,164,60,157,230,63,163,89,161,6,255,238,110,192,34,160,14,149,227,0,251,104,159,5,141,247,13,214,42,179,20,40,183,90,220,41,143,25,104,248,6,200,117,200,91,46,205,91,164,59,129,160,97,195,84,163,43,151,165,37,139,118,255,54,146,231,114,196,38,254,7,157,226,71,156,66,251,78,33,180,78,220,109,142,28,114,185,94,218,63,138,12,110,190,94,182,119,132,18,100,131,68,172,49,128,246,112,146,114,189,32,220,165,72,200,45,188,18,156,201,105,215,43,172,73,215,177,80,223,47,179,122,35,182,9,156,111,194,85,40,233,75,181,33,149,20,45,198,82,170,42,137,83,50,135,117,162,45,130,237,121,205,29,162,6,155,230,104,202,98,247,72,213,160,1,218,38,183,8,10,179,6,153,108,186,28,97,146,11,158,113,196,5,111,233,69,177,56,201,12,108,195,89,164,115,136,244,122,196,78,164,15,157,174,48,166,31,242,69,216,171,62,145,100,190,12,221,224,66,207,37,179,14,102,181,21,134,110,143,29,107,186,89,168,54,136,115,44,191,18,229,120,203,94,49,132,23,234,125,130,230,123,198,72,170,88,179,225,105,203,18,177,21,140,232,82,155,111,211,76,223,178,5,152,107,254,81,97,251,89,216,90,195,86,41,188,15,226,117,200,91,46,129,20,181,63,128,239,103,195,3,138,54,128,224,75,206,76,167,1,133,162,109,209,58,186,6,157,235,11,191,104,251,78,33,180,7,154,109,133,29,98,147,12,159,114,197,29,101,250,24,206,50,132,25,26,197,67,167,63,155,235,122,198,27,134,79,189,233,108,194,43,182,78,151,237,114,215,105,248,69,208,191,13,189,106,253,80,35,250,70,223,46,142,85,122,254,67,174,32,130,90,48,128,123,232,11,137,18,125,209,93,227,48,144,233,114,134,29,242,49,147,228,115,219,39,147,29,149,237,85,221,40,180,79,41,153,6,153,108,255,27,99,184,69,209,37,196,5,111,240,95,183,51,201,19,125,130,91,167,47,206,243,113,202,85,185,5,201,207,106,237,23,240,55,157,230,113,197,33,145,31,147,243,87,223,38,178,77,43,181,92,211,43,143,126,39,186,13,224,115,198,89,44,237,87,177,45,153,16,49,194,86,166,46,149,175,54,139,113,166,17,134,225,117,201,97,166,2,151,226,84,214,102,251,76,209,188,5,214,42,179,20,14,183,10,157,112,134,24,109,150,15,226,117,200,9,107,213,65,181,52,205,240,112,199,85,160,119,128,224,117,196,74,180,74,190,228,107,223,40,179,58,153,253,84,208,58,247,78,115,241,74,213,57,133,95,38,183,2,145,123,239,29,101,250,59,162,34,132,30,100,202,89,167,124,167,172,82,253,114,230,17,149,243,114,132,74,243,70,217,172,109,215,49,173,25,144,177,108,153,26,188,4,107,190,121,134,9,139,27,108,221,71,179,39,147,57,101,201,95,162,113,206,47,126,196,65,174,44,182,241,126,136,20,252,67,212,206,125,194,39,128,33,212,172,1,154,105,250,29,97,231,78,144,70,186,28,97,146,77,203,63,135,3,99,242,94,227,30,199,42,102,209,92,170,55,139,169,122,200,94,168,73,249,166,57,140,31,187,3,216,229,113,197,100,185,5,153,245,3,194,33,185,1,8,181,8,155,110,193,84,39,186,95,165,39,147,11,98,191,84,164,52,152,27,27,132,23,234,125,149,237,114,163,28,239,66,213,255,115,199,45,177,71,148,226,68,214,102,189,3,245,178,5,152,107,254,81,36,183,67,219,112,141,25,109,249,21,139,38,169,83,44,230,65,174,21,143,234,118,197,77,238,118,210,228,118,207,30,191,11,131,170,115,223,39,179,71,170,230,81,220,42,183,11,33,224,79,223,35,234,83,38,185,12,159,114,197,88,43,190,17,228,37,143,9,101,209,88,233,58,142,238,102,205,49,238,65,212,167,58,141,96,243,3,151,232,21,146,101,248,75,222,177,4,151,35,187,80,109,249,77,217,117,171,6,73,179,12,146,55,149,31,104,206,116,179,48,206,86,50,196,86,175,126,159,235,99,138,83,191,7,147,167,89,193,35,183,4,158,234,1,192,47,191,3,10,179,6,153,108,255,82,37,184,11,158,113,196,5,111,233,69,177,56,201,26,110,206,70,173,81,206,161,52,135,26,237,64,211,227,119,200,53,242,69,216,171,62,145,100,247,4,146,244,70,150,116,252,1,109,241,77,149,30,128,6,98,244,89,202,115,198,89,44,250,92,161,82,203,94,49,132,69,175,41,133,241,120,137,72,189,23,144,130,126,192,37,222,1,143,227,67,199,47,182,2,223,218,11,254,34,176,16,104,191,3,183,112,195,86,41,238,74,182,32,154,21,46,233,26,145,51,158,233,113,202,92,228,23,220,194,77,226,22,243,34,158,228,124,220,22,159,70,191,224,76,193,45,181,26,46,216,72,216,47,153,81,47,176,38,218,60,129,114,109,235,95,167,35,131,18,126,131,126,231,11,142,244,112,128,18,196,65,212,167,58,193,47,176,7,149,172,115,211,39,189,7,222,172,4,255,100,154,37,74,190,11,239,59,131,1,123,180,121,160,34,130,88,36,170,19,230,121,204,13,119,209,77,185,48,209,232,118,200,88,188,67,151,231,120,143,54,186,6,142,227,67,209,53,242,1,97,241,67,213,98,139,23,125,236,17,211,48,144,20,98,181,18,152,1,158,33,110,212,80,237,40,197,169,49,195,17,228,66,218,175,57,195,77,242,85,242,238,112,213,78,177,31,147,243,87,223,38,178,79,74,187,105,216,58,136,2,98,178,4,202,115,198,89,44,243,93,166,57,135,94,125,197,85,175,49,208,190,54,225,18,136,55,188,160,57,253,53,181,19,137,162,119,210,48,188,78,214,152,5,152,107,254,3,97,227,95,207,62,195,17,104,241,74,236,5,132,26,109,196,125,163,122,208,189,51,238,23,129,62,134,230,112,226,90,219,68,215,170,61,144,99,246,73,157,225,70,149,36,186,12,100,248,45,154,109,192,83,38,185,12,159,51,139,28,43,214,31,146,62,153,20,114,207,83,225,48,142,224,112,196,18,196,65,212,167,58,141,96,243,70,152,226,123,146,43,183,31,222,217,10,241,35,179,17,111,190,0,182,111,194,85,40,187,14,225,116,134,20,105,128,93,169,45,204,19,115,199,93,167,112,165,225,111,222,7,188,12,129,236,110,135,107,239,14,146,224,69,156,101,172,2,116,250,72,222,110,243,82,52,180,11,202,35,145,18,35,151,85,173,50,227,81,34,130,123,167,123,156,238,97,201,94,168,4,211,193,76,229,31,164,4,148,254,123,194,100,182,24,152,176,86,197,44,184,79,117,253,77,213,110,149,28,98,186,95,165,35,138,16,111,254,70,160,60,203,19,112,208,84,162,125,189,236,120,204,69,239,20,148,228,110,203,97,189,20,218,236,86,210,47,181,13,157,254,64,150,65,184,4,106,244,94,212,63,141,86,65,178,108,163,38,128,83,39,171,20,231,122,205,236,124,197,88,160,127,132,228,116,222,91,241,89,215,194,51,224,34,162,1,212,223,14,149,106,183,11,96,240,66,200,62,148,18,114,234,3,242,61,139,29,114,188,24,206,119,202,93,48,202,80,233,42,142,238,96,205,27,175,15,144,167,108,204,44,166,3,195,197,108,243,109,250,61,159,253,81,210,8,188,3,102,180,0,156,59,138,16,102,145,14,225,116,199,90,45,128,19,180,60,152,10,96,203,24,191,49,159,241,122,200,88,162,75,128,232,112,218,39,251,62,154,226,84,209,110,250,2,114,179,22,179,108,255,82,37,253,69,218,91,196,87,42,189,92,172,53,136,16,47,206,84,170,62,130,161,41,135,114,227,39,166,207,49,142,108,166,4,140,248,49,254,48,191,15,143,197,106,153,4,179,1,103,236,7,239,39,149,24,98,184,4,202,115,198,89,44,246,84,229,52,138,28,116,200,23,190,53,149,237,28,137,28,239,66,213,168,59,142,45,187,4,155,225,0,193,39,174,76,194,178,73,217,41,187,29,42,195,79,197,36,217,17,122,233,77,234,119,196,89,34,129,22,229,115,231,160,51,134,25,236,127,210,165,106,206,74,164,22,153,170,105,223,45,163,4,158,234,80,157,58,186,25,59,249,70,206,46,136,91,36,194,9,219,119,203,37,32,188,24,237,119,133,15,48,147,60,233,124,207,162,112,198,95,196,65,212,167,58,223,37,167,19,139,226,63,130,79,189,5,154,155,66,194,36,190,4,106,249,71,156,7,204,54,125,233,92,164,58,147,55,108,208,27,239,83,204,95,50,133,84,164,61,144,232,55,216,82,191,23,214,180,60,248,17,239,46,146,224,69,242,46,168,30,116,208,78,208,32,187,90,39,223,74,211,52,198,94,0,189,16,227,118,143,19,125,130,106,228,123,133,228,109,135,83,163,64,154,246,120,197,77,161,77,131,171,60,252,37,167,72,209,176,1,251,40,172,33,99,248,77,153,110,156,93,39,254,66,202,115,198,89,44,191,18,229,120,135,17,114,197,91,234,43,145,239,99,204,28,242,66,135,231,116,218,97,181,9,158,173,82,220,41,173,86,184,247,81,249,63,170,3,109,245,95,201,53,203,29,108,229,6,200,117,200,91,46,129,20,231,122,132,230,51,210,64,188,58,218,243,121,199,75,180,77,215,183,32,144,97,165,29,142,230,76,210,106,251,26,105,241,73,176,109,192,83,38,185,12,159,114,197,88,43,190,67,161,35,159,15,126,131,64,168,48,154,231,31,136,27,238,65,212,167,58,141,37,189,2,243,172,63,146,101,189,5,154,155,4,151,106,253,28,108,245,72,208,111,146,20,124,243,93,225,105,199,8,98,207,71,230,56,130,27,50,215,87,164,42,203,194,126,196,89,150,10,132,250,104,236,42,188,4,159,166,3,227,38,163,29,111,250,72,205,63,253,91,15,184,11,158,113,201,90,42,208,81,179,118,142,25,96,207,80,188,41,151,161,114,206,84,170,5,129,246,107,197,81,166,69,136,249,123,199,33,185,30,142,176,66,150,36,189,12,112,250,8,201,59,143,26,110,244,74,224,60,136,89,109,191,86,172,62,141,27,99,193,89,190,125,156,236,116,203,69,239,15,148,248,53,164,97,244,71,218,228,70,147,54,184,24,151,225,5,204,35,187,31,14,183,10,157,112,195,86,41,188,67,173,54,137,23,46,207,91,163,63,158,160,46,134,73,173,43,154,246,34,236,91,165,39,159,227,113,212,49,179,7,212,166,40,149,104,251,78,33,180,7,154,57,129,17,106,252,2,204,61,151,12,35,240,94,160,50,153,81,48,197,67,167,63,155,235,122,198,19,175,77,212,229,51,167,96,243,70,217,172,63,146,101,248,75,222,177,86,210,62,168,2,109,182,72,146,1,131,24,109,187,18,225,54,201,52,108,205,86,204,121,204,95,50,133,24,235,126,148,234,115,131,55,240,67,214,169,60,143,98,245,4,148,237,64,216,103,170,12,114,231,85,153,113,255,9,120,146,11,158,113,196,87,42,189,16,165,57,155,92,80,142,21,166,52,138,228,52,206,84,237,9,131,231,112,222,76,250,11,151,239,123,194,109,247,14,146,154,3,150,105,252,79,34,181,8,155,110,193,84,110,252,13,174,60,130,28,54,214,65,132,112,201,60,112,215,82,154,60,130,247,52,128,28,187,10,144,230,17,142,97,244,71,218,173,0,147,102,249,76,223,178,5,152,107,178,30,103,246,70,157,32,195,75,41,242,64,166,48,198,43,97,210,93,179,51,130,238,25,134,25,236,127,210,165,56,139,30,241,68,215,170,61,144,99,162,8,158,227,71,155,33,181,29,100,230,83,146,61,129,1,114,234,0,159,33,145,10,98,240,86,234,49,133,15,125,194,66,225,126,202,241,47,141,21,255,7,216,162,52,156,38,255,67,215,189,121,144,105,248,5,145,245,65,153,4,188,29,102,186,9,204,97,186,89,40,235,0,152,120,199,10,35,250,26,239,83,204,95,50,133,24,235,126,209,164,55,138,29,181,13,146,131,60,143,98,245,72,219,174,1,209,41,190,103,32,179,6,153,108,255,82,37,241,77,158,114,148,22,120,233,67,227,104,201,76,47,214,93,173,53,228,161,52,135,26,237,64,211,166,57,140,31,242,23,157,255,107,195,42,247,30,156,242,79,211,103,191,0,108,246,73,207,102,145,21,117,238,94,236,115,196,66,46,182,56,229,120,203,94,49,132,23,234,56,158,231,28,137,28,239,66,144,230,127,164,97,244,71,218,255,69,199,51,171,2,223,252,76,212,65,187,31,96,157,76,200,62,128,2,96,243,65,226,29,198,52,121,207,28,179,53,154,229,97,143,51,236,127,210,165,106,206,74,164,22,153,170,105,201,51,179,65,136,224,85,208,58,242,78,60,169,7,152,57,129,17,106,252,14,159,51,139,28,43,234,94,170,34,135,31,117,209,30,189,51,152,231,103,134,116,185,15,145,245,79,222,37,161,47,157,165,63,143,120,248,59,208,196,87,210,56,148,20,9,243,71,216,69,132,0,102,248,90,168,59,137,90,69,142,99,169,42,133,11,123,202,86,227,42,158,243,114,216,20,218,67,214,169,60,198,36,245,28,130,254,68,219,33,242,25,111,228,67,203,98,143,29,118,177,11,131,108,196,85,92,248,83,183,57,155,79,45,130,65,160,62,128,139,52,135,26,237,64,211,166,57,222,90,166,16,138,229,62,197,43,160,15,143,190,115,217,58,214,79,34,181,8,222,32,133,126,39,186,13,224,58,128,89,120,230,66,160,55,141,86,101,203,64,175,47,222,192,80,219,93,162,7,220,168,38,147,97,246,36,188,255,65,222,35,251,76,139,250,64,214,65,254,81,36,183,10,157,112,195,4,108,232,90,176,59,200,15,97,214,81,181,116,174,198,97,199,84,169,113,162,234,107,194,74,184,11,153,128,61,144,99,246,12,146,235,40,149,104,251,78,109,251,68,219,33,192,30,105,253,73,211,114,216,88,67,176,97,165,35,130,85,71,240,26,233,126,168,227,120,205,20,154,14,131,226,104,222,111,241,70,215,162,63,198,42,171,31,140,248,74,208,98,169,31,116,243,91,146,6,134,92,33,145,14,225,116,199,8,104,212,70,180,55,204,18,125,193,93,167,126,144,234,115,138,80,191,7,147,229,38,230,49,148,64,217,195,78,208,34,182,79,41,179,71,215,40,255,31,106,252,78,210,107,163,18,126,205,89,181,57,157,84,38,140,101,167,40,135,245,125,200,84,237,15,129,166,119,197,83,216,0,150,239,20,215,49,185,9,137,249,76,216,105,148,65,77,226,70,222,42,201,93,13,186,13,224,115,138,22,111,254,94,229,52,130,13,101,132,10,234,38,141,137,54,137,28,239,4,154,250,59,241,109,244,19,149,250,69,193,102,176,2,223,226,68,209,57,173,89,76,185,126,210,39,134,4,122,181,15,166,58,226,91,46,129,20,231,122,205,160,122,192,25,132,113,189,242,118,131,74,190,19,146,248,52,144,55,190,12,146,133,2,149,104,251,78,33,180,7,154,109,192,83,114,248,78,211,55,203,17,101,237,84,182,35,194,17,121,208,66,229,124,155,237,98,205,73,231,107,212,167,58,141,96,243,70,217,233,113,214,79,248,75,222,177,65,217,46,215,80,35,182,9,200,46,128,25,109,181,93,174,38,147,82,97,201,64,178,117,204,25,103,203,91,191,55,158,234,63,203,17,240,1,223,131,60,143,98,245,72,219,174,1,198,34,174,24,114,253,6,205,35,172,6,119,241,69,217,121,133,89,67,249,25,227,106,201,8,96,209,65,186,50,128,230,60,197,20,132,4,218,140,57,140,31,242,0,150,239,55,187,100,247,74,221,226,70,194,60,174,1,34,249,65,200,58,235,17,105,254,39,166,38,136,26,120,246,93,171,120,163,80,93,193,86,184,51,216,247,121,222,89,189,75,255,168,59,142,97,189,1,218,197,14,252,49,183,68,139,253,82,221,57,247,81,101,249,78,157,36,154,6,108,180,91,173,34,141,9,32,244,90,174,46,164,228,58,134,4,241,127,208,246,108,217,87,191,3,213,170,124,222,39,246,29,133,255,71,157,60,180,25,100,230,9,244,44,141,22,47,185,17,130,114,199,11,127,236,88,170,48,200,93,100,203,83,167,86,207,162,53,136,27,238,65,212,235,117,206,33,191,70,137,254,118,221,55,248,86,222,217,10,226,36,180,4,112,205,93,211,56,135,7,38,206,64,168,32,174,30,80,128,92,180,121,151,2,24,133,24,235,126,209,164,55,138,77,162,10,153,251,50,225,35,184,13,215,174,81,198,46,181,31,46,218,66,153,113,255,6,106,239,78,204,127,170,22,103,248,28,227,34,134,11,106,208,27,157,53,135,245,93,195,48,237,64,211,166,57,140,31,242,45,214,222,112,216,48,164,49,137,255,84,211,59,242,58,108,252,92,242,42,188,84,58,186,93,178,58,137,11,6,191,18,229,120,203,94,49,132,91,165,62,145,239,54,217,78,166,1,144,168,38,142,53,187,9,143,224,66,214,52,241,24,144,229,64,202,101,141,5,101,227,89,157,49,141,18,41,232,64,181,48,154,85,93,213,85,179,41,195,208,97,207,90,169,118,248,165,56,139,30,241,68,215,170,116,214,99,166,27,149,236,71,149,41,181,10,33,228,85,211,46,133,83,56,185,28,159,51,139,28,43,234,94,170,34,135,31,117,209,30,189,51,152,231,103,134,119,171,23,145,235,51,141,52,187,3,151,134,63,146,101,248,75,222,177,4,151,106,253,80,75,184,98,210,32,149,27,75,244,93,181,39,188,14,98,215,86,180,119,162,30,127,192,101,235,99,209,204,57,225,83,191,20,152,202,115,220,54,166,51,143,225,86,209,53,244,35,97,254,67,228,108,176,0,37,227,86,180,113,196,87,42,189,16,227,118,201,92,47,130,125,230,16,128,238,99,201,121,162,19,135,245,66,216,80,165,0,138,165,80,208,41,178,55,166,228,76,216,60,177,13,103,231,0,207,33,150,17,117,180,97,165,37,131,21,37,194,18,248,120,155,12,120,199,82,192,125,208,163,54,137,28,239,66,144,230,127,164,97,244,71,218,232,78,215,76,188,2,155,152,8,149,107,140,20,101,243,10,220,37,151,30,108,242,91,171,54,137,15,107,197,20,171,53,142,225,127,134,75,169,47,158,236,123,202,30,165,5,149,230,120,195,111,246,7,153,249,71,199,104,180,26,105,241,85,154,61,140,18,127,252,94,204,117,197,17,101,232,84,170,35,133,15,105,131,127,141,47,193,136,115,221,85,173,21,157,232,116,141,8,253,47,151,250,122,220,49,183,25,135,185,64,214,62,188,89,9,182,9,156,111,139,19,40,239,87,177,49,207,30,108,212,82,239,121,146,66,50,135,76,170,60,157,225,53,138,82,162,67,130,240,108,202,106,177,9,143,239,15,224,40,173,8,114,224,15,153,50,226,82,39,236,74,220,61,129,85,42,233,88,166,56,227,92,47,130,21,232,123,206,161,102,194,78,184,18,157,140,57,140,31,242,0,150,239,20,145,100,247,74,181,190,106,216,63,185,1,118,250,90,194,10,128,0,102,186,16,224,55,135,13,109,149,18,229,120,203,24,126,214,23,149,113,208,246,120,192,72,239,11,155,168,107,207,40,166,20,210,197,14,230,40,176,24,140,187,5,220,36,212,81,36,183,10,157,112,195,86,124,242,70,182,123,173,10,123,200,68,183,63,137,160,46,134,9,198,127,210,165,56,206,80,181,110,215,170,61,144,37,185,27,220,230,70,153,104,174,0,104,224,7,211,35,192,3,103,240,94,204,122,129,25,127,255,31,144,56,157,24,98,208,31,233,56,128,136,53,136,27,238,65,212,167,58,196,38,243,18,128,252,122,154,48,182,2,138,184,4,138,119,253,82,119,247,75,208,42,192,85,105,245,74,225,32,158,10,104,136,70,168,48,152,81,92,196,85,174,119,209,185,42,138,31,163,23,132,224,114,200,96,245,28,147,235,79,190,103,250,77,32,179,6,153,108,255,82,37,184,99,144,4,138,30,126,238,107,183,57,154,8,125,203,91,175,115,135,229,61,250,26,240,64,136,140,57,140,31,242,69,216,171,62,145,100,247,74,221,176,3,150,0,184,79,63,181,92,212,61,149,6,110,244,74,232,58,130,80,32,149,18,229,120,203,94,49,132,23,234,125,208,163,54,137,28,239,44,148,229,126,142,124,244,18,148,228,84,157,8,184,1,154,190,47,152,107,254,81,36,183,10,157,112,195,86,41,188,15,226,117,173,10,123,200,68,183,63,137,160,46,134,77,163,49,135,232,122,206,76,249,17,153,227,105,158,6,167,28,149,255,82,208,44,242,78,110,230,7,138,97,234,83,38,185,12,159,114,197,88,43,190,17,228,42,224,93,48,131,22,233,124,207,162,112,198,95,196,65,212,167,58,200,46,183,108,156,226,123,184,35,173,5,157,229,77,216,36,253,56,45,222,80,216,61,131,1,109,179,7,203,116,199,90,45,201,85,230,45,149,15,119,141,95,174,42,150,231,62,138,67,237,67,212,239,105,193,33,161,1,148,224,3,148,51,178,8,110,153,6,153,108,255,82,37,184,11,204,52,144,2,120,243,58,227,118,201,92,106,204,81,194,123,206,161,52,203,85,174,1,159,166,118,199,19,242,10,154,225,123,210,48,164,74,192,176,83,213,40,176,3,42,242,77,207,41,130,88,39,238,95,181,54,207,115,44,191,18,229,49,141,94,127,203,67,234,50,155,163,98,193,89,161,104,213,168,59,142,97,244,71,218,255,69,199,51,171,2,245,178,5,152,107,187,31,96,157,10,157,112,195,16,102,238,15,157,121,200,20,108,203,81,164,46,205,233,125,134,80,188,62,155,247,107,131,81,179,14,146,233,105,195,106,246,13,147,133,2,149,104,251,78,33,180,7,211,43,192,7,127,233,73,151,61,135,18,110,253,69,237,119,215,64,48,129,66,168,62,131,231,55,136,79,166,4,154,141,58,141,96,243,70,217,172,63,146,101,248,75,146,254,71,214,38,253,4,98,241,90,144,111,134,20,124,250,14,252,116,149,27,122,199,86,178,113,131,29,120,192,91,191,114,209,166,67,203,90,163,65,223,165,60,221,35,162,15,158,250,9,219,37,176,8,99,231,10,153,110,155,19,113,249,9,151,91,196,87,42,189,16,227,118,201,92,47,130,21,161,61,228,161,52,135,26,237,64,211,166,57,140,31,242,69,216,171,62,197,61,167,15,213,228,66,209,58,245,79,63,168,8,153,58,128,22,107,255,15,202,115,198,89,44,191,18,229,120,203,94,49,132,23,234,125,208,226,120,205,28,187,13,155,253,118,204,36,166,79,136,236,87,212,35,173,68,139,243,66,203,103,254,83,81,228,79,207,25,135,84,32,181,15,255,104,200,43,32,244,71,162,40,164,228,25,134,25,236,127,210,165,56,139,30,241,68,215,170,61,144,99,183,7,152,175,86,204,56,190,70,101,245,83,219,100,192,78,59,185,14,203,51,135,20,110,188,59,228,119,202,93,48,131,22,233,124,207,162,53,220,83,171,15,254,167,58,141,96,243,70,217,172,63,146,101,248,75,222,177,4,255,100,148,30,117,243,71,200,32,144,12,32,255,79,181,53,206,112,45,128,19,230,121,204,95,50,133,24,235,126,148,234,115,160,29,240,67,214,169,60,143,98,245,72,219,174,72,210,77,250,77,32,179,6,153,108,255,82,37,184,11,158,113,196,87,120,252,71,164,51,157,84,96,192,95,173,56,154,173,52,133,117,186,14,150,244,76,223,90,160,44,156,169,55,145,121,234,74,173,190,118,197,44,174,38,102,159,8,155,110,193,84,39,186,13,224,115,198,89,44,191,18,229,57,133,26,49,208,78,186,56,216,241,119,222,91,170,22,221,231,121,196,36,183,19,214,173,2,250,34,251,69,214,178,24,133,107,252,2,112,229,67,211,55,193,124,41,188,15,226,117,200,91,46,129,20,231,122,205,160,51,134,88,162,59,210,241,97,219,91,249,22,150,253,122,213,55,254,6,158,229,71,214,60,247,78,35,218,70,215,40,194,90,47,185,17,130,114,199,11,127,236,88,170,48,200,119,48,131,22,233,124,207,162,53,136,27,238,65,212,167,58,141,33,189,2,217,254,126,197,34,189,31,214,254,70,221,47,190,4,47,182,11,255,9,144,20,101,254,12,232,94,199,90,45,128,19,230,121,204,95,50,133,24,191,54,148,234,29,138,29,240,67,214,169,60,143,98,245,72,219,174,1,148,103,182,2,99,242,74,153,37,187,82,56,184,89,223,38,131,18,126,181,95,161,60,140,31,123,142,21,234,18,138,163,61,173,26,237,64,211,166,57,140,31,242,69,216,171,62,145,100,247,3,155,176,107,152,25,189,27,106,189,127,232,98,193,86,64,251,64,165,124,178,22,123,250,64,182,119,201,94,63,138,23,163,57,217,163,98,193,89,161,104,213,168,59,142,97,244,71,218,173,0,147,102,249,76,223,178,5,152,107,254,57,42,195,69,202,53,145,5,82,245,75,159,117,213,91,97,195,94,162,57,153,138,51,134,25,236,127,210,165,56,139,30,241,68,215,170,61,144,99,246,73,220,199,12,249,45,186,28,111,188,72,216,39,133,16,114,176,38,159,114,197,88,43,190,17,228,119,202,93,48,131,22,233,124,138,236,113,162,27,238,65,212,167,58,141,96,243,70,217,172,122,220,33,210,75,222,177,4,151,106,253,80,102,248,77,182,111,194,85,40,254,64,165,94,130,20,105,170,85,179,55,143,11,123,202,86,235,22,223,193,102,223,84,160,19,147,237,52,134,72,245,72,219,174,72,210,103,146,67,73,253,80,220,34,171,29,119,225,111,223,37,133,87,126,245,85,173,92,201,92,47,130,21,232,123,206,201,58,238,84,187,5,157,242,118,222,70,250,45,214,194,112,199,33,185,30,146,226,90,242,40,168,14,43,159,8,155,110,193,17,105,254,39,224,115,198,89,96,240,81,164,52,203,18,120,215,67,234,96,208,248,107,163,28,239,66,213,238,116,220,97,139,75,218,248,78,218,50,249,5,145,178,85,217,34,172,2,44,223,4,232,62,138,2,122,181,15,166,58,226,91,46,129,20,231,122,205,160,122,192,25,228,43,157,235,109,198,92,180,22,223,255,115,217,55,248,44,141,250,75,197,56,190,10,40,180,72,200,109,208,90,38,167,12,143,114,145,16,110,240,59,228,119,202,93,48,131,22,233,124,207,162,53,220,90,172,13,145,169,115,195,51,182,20,141,164,115,219,54,172,71,222,228,74,222,62,244,122,35,182,9,156,111,194,85,40,254,64,165,94,199,90,45,128,86,168,61,230,95,50,133,24,191,63,147,232,114,132,78,191,17,130,161,112,198,49,161,68,219,232,84,218,36,174,4,111,253,14,216,96,255,16,44,146,11,158,113,196,87,42,189,16,177,51,157,9,125,204,21,169,117,171,240,97,206,74,189,5,151,166,37,140,93,252,32,137,254,119,193,52,178,14,247,176,3,150,105,185,1,102,188,34,155,110,193,84,117,255,89,181,33,136,89,96,246,65,177,82,142,16,117,174,81,191,51,147,247,127,198,82,239,42,219,218,126,221,46,184,17,159,216,78,218,50,241,13,156,230,76,215,37,247,123,36,183,10,157,60,140,21,104,240,15,167,36,157,18,126,209,81,163,122,208,160,91,136,124,189,42,155,245,104,206,90,249,77,253,170,61,144,99,176,6,142,175,125,153,104,174,78,104,250,7,211,61,129,26,116,234,4,218,35,144,17,123,238,84,160,126,202,25,127,169,22,233,124,207,162,53,136,27,167,7,212,242,52,228,36,243,91,196,172,126,209,49,177,4,144,191,113,217,35,169,57,103,182,72,210,43,194,0,38,213,79,172,49,199,71,48,128,82,165,45,133,16,124,139,118,170,51,148,164,99,194,88,190,105,214,169,60,143,98,245,72,219,174,1,148,103,168,8,116,230,84,215,108,170,92,76,252,33,158,113,196,87,42,189,16,227,51,135,24,5,130,21,232,123,139,239,112,173,26,237,64,211,234,118,207,94,190,69,149,234,106,210,44,251,74,158,255,86,216,61,252,82,34,251,65,215,98,193,68,13,186,13,224,115,128,22,126,191,109,233,120,158,94,120,202,23,163,45,145,234,100,218,20,170,19,128,225,107,222,36,176,78,218,233,79,185,102,249,76,223,178,5,152,107,183,23,36,226,4,243,49,142,19,41,161,18,226,52,139,15,103,206,90,233,20,140,237,118,134,77,164,58,156,143,56,139,30,241,68,215,170,61,144,99,246,73,145,238,86,214,32,251,83,33,225,9,243,41,234,83,38,185,12,159,114,197,88,43,190,17,228,52,133,8,126,215,22,244,124,140,237,96,198,79,238,74,212,182,16,141,96,243,70,217,172,63,146,32,182,15,244,177,4,151,106,184,30,103,156,9,156,111,194,28,110,187,77,174,33,137,14,45,157,14,230,104,204,11,122,192,86,193,126,209,164,55,138,29,240,67,132,236,104,218,48,187,72,150,239,85,215,47,208,77,32,179,6,220,34,187,120,37,184,11,158,56,130,87,105,242,69,173,34,201,66,47,147,21,188,51,139,239,30,135,26,237,64,211,166,57,140,77,183,17,141,249,112,145,42,190,6,209,176,1,251,60,176,27,107,229,68,222,110,132,5,114,243,93,176,54,130,89,111,240,66,172,61,152,94,124,197,67,169,53,208,161,54,135,18,239,3,150,252,114,193,47,250,41,155,224,69,185,102,249,76,223,247,75,220,65,254,81,36,183,67,219,112,192,19,120,233,70,178,37,141,31,46,156,9,231,106,205,225,125,194,25,132,113,167,235,113,223,77,138,5,148,254,116,223,45,248,60,146,230,86,252,44,134,78,117,252,66,212,71,192,83,38,185,12,159,114,197,10,110,234,68,182,57,202,28,115,215,95,166,50,193,215,123,193,79,135,5,254,167,58,141,96,182,8,157,134,63,146,101,248,25,155,229,81,197,36,253,30,106,250,35,217,33,134,127,110,238,64,162,32,142,21,99,128,123,232,9,158,16,116,204,84,174,45,217,173,29,138,29,240,67,154,230,127,206,46,245,6,154,227,68,199,103,231,77,123,238,44,153,108,255,82,108,254,11,246,127,162,36,42,233,88,166,56,227,92,47,130,21,232,123,206,161,120,200,89,172,12,211,233,114,128,31,180,12,148,238,109,145,121,247,26,158,241,79,218,97,176,6,113,225,78,210,34,132,7,43,186,101,238,21,137,21,104,250,64,236,82,203,94,49,132,23,234,125,208,234,112,137,83,164,66,129,224,126,192,75,244,71,218,173,0,147,102,249,76,223,178,5,222,36,172,81,91,187,10,205,49,151,30,41,245,65,226,60,152,26,103,211,71,239,60,132,236,118,213,16,236,59,157,143,56,139,30,241,68,215,170,61,144,99,246,73,220,175,2,149,36,180,13,96,248,7,212,44,141,22,38,164,12,207,51,145,16,49,243,80,176,52,130,85,50,139,109,151,115,179,222,72,131,18,235,79,158,244,117,195,100,241,79,243,172,63,146,101,248,75,222,177,4,151,106,253,80,35,182,9,213,41,194,27,105,246,75,225,53,137,30,45,206,82,171,60,204,1,47,133,26,152,59,133,240,126,196,90,163,65,214,253,116,202,44,223,72,219,174,1,148,103,250,77,32,179,6,153,108,255,82,37,184,11,158,113,144,22,104,241,85,237,63,135,15,106,208,65,224,53,143,236,113,212,22,237,14,146,235,124,133,53,242,69,216,171,62,145,100,247,74,221,176,3,150,105,252,79,103,251,76,177,110,193,84,39,186,13,224,115,198,89,44,191,87,171,60,225,94,49,132,23,234,125,208,163,115,199,88,197,66,213,168,59,203,47,176,109,218,173,0,147,50,184,14,147,247,11,203,36,172,5,44,249,75,208,53,144,95,3,188,15,226,117,154,30,122,212,70,169,122,206,238,114,203,92,191,127,204,165,40,139,95,191,0,215,228,124,221,38,165,73,147,253,2,206,104,249,70,111,251,73,223,100,194,83,123,147,73,209,54,239,30,126,240,82,176,62,133,19,48,235,24,155,57,137,240,112,219,83,158,19,155,225,115,193,37,160,78,208,134,63,146,101,248,7,145,242,69,219,106,170,80,62,182,97,146,24,139,17,111,254,90,178,122,183,8,98,198,90,170,60,159,117,50,133,24,235,55,151,164,96,138,73,184,6,152,131,60,143,98,245,72,219,174,1,252,105,136,8,102,225,67,202,36,182,28,98,184,22,158,37,150,2,111,151,16,227,118,201,92,47,130,21,184,56,143,237,120,143,92,184,14,144,242,112,195,81,250,76,242,171,62,145,100,247,74,221,176,3,150,105,252,24,56,199,77,221,60,132,7,111,178,101,238,3,148,22,106,246,94,160,43,195,87,56,174,23,234,125,208,163,54,137,28,239,66,213,168,114,200,97,135,73,170,255,79,213,47,181,9,223,236,24,152,105,252,81,112,255,79,211,90,195,86,41,188,15,226,117,200,91,46,129,20,231,122,205,160,100,156,106,169,51,151,230,108,131,109,255,52,133,229,123,217,47,179,64,246,175,2,149,104,251,78,33,180,7,154,109,192,22,104,253,38,159,114,197,88,43,190,17,228,50,132,25,57,169,22,233,124,207,162,53,136,27,134,79,166,226,124,223,37,160,14,144,226,120,146,120,248,13,159,253,87,210,64,253,80,35,182,76,210,43,232,16,102,255,36,167,33,137,25,121,201,92,168,121,164,81,68,196,84,162,58,161,246,120,204,84,188,6,222,249,110,192,36,188,4,158,167,43,148,103,250,77,105,245,44,153,108,255,82,37,184,11,158,37,157,7,111,181,64,177,57,143,21,99,199,28,232,37,211,161,54,211,91,175,12,150,164,19,140,31,242,69,216,171,62,145,43,165,74,141,226,76,208,32,176,10,44,210,73,214,43,193,10,58,186,15,131,50,139,28,126,254,102,129,122,225,94,49,132,23,234,125,208,163,121,219,28,191,16,154,238,114,194,36,250,49,159,255,83,218,41,183,76,129,175,5,137,65,254,81,36,183,10,157,112,195,25,123,188,91,187,37,141,83,126,211,91,161,51,129,229,61,231,90,184,54,157,235,107,130,30,175,89,215,168,105,209,33,186,12,222,133,2,149,104,251,26,105,241,73,176,109,192,83,38,185,12,159,114,151,29,127,235,67,170,119,140,28,124,208,83,195,124,207,162,53,205,85,170,107,212,167,58,141,41,181,70,137,254,112,212,44,180,14,208,208,71,195,35,178,30,64,249,92,210,59,194,11,53,187,13,177,38,136,28,100,204,86,232,24,143,11,123,202,86,184,126,133,236,114,196,55,240,67,214,169,60,143,98,245,26,158,250,84,198,41,250,11,97,255,85,220,70,255,82,37,184,78,208,53,238,87,42,189,16,175,57,138,29,99,130,69,164,58,141,228,112,135,7,237,27,142,140,57,140,31,242,3,151,249,62,238,104,247,11,221,249,77,150,32,172,14,107,231,91,147,62,147,27,97,243,65,165,125,167,26,120,246,93,171,43,194,94,117,203,61,234,125,208,163,54,137,28,239,11,147,130,59,142,97,244,71,218,173,0,147,102,249,76,139,235,85,221,99,191,88,36,233,23,157,114,151,23,107,240,74,224,95,200,91,46,129,20,231,122,205,160,51,134,25,163,45,210,235,119,223,30,165,5,149,230,120,158,37,191,7,152,167,89,149,106,139,2,96,247,66,152,97,192,81,83,233,75,205,51,129,29,41,178,17,230,3,139,15,119,198,66,235,112,207,160,70,205,87,162,67,212,250,54,141,33,253,45,144,226,123,155,79,248,75,222,177,4,151,106,253,80,35,182,9,211,61,194,1,113,235,75,233,53,201,49,104,217,26,230,39,209,95,48,214,76,185,55,159,227,53,160,29,240,67,214,169,60,143,98,245,72,219,174,78,198,103,174,20,112,246,14,216,98,139,27,104,253,2,158,47,217,87,40,243,69,174,52,140,14,45,168,21,232,123,206,161,52,135,26,237,64,211,166,118,222,31,179,75,172,226,115,212,100,235,74,205,154,3,150,105,252,79,34,181,8,155,110,193,84,104,232,13,180,42,150,28,36,254,28,146,57,157,27,56,132,73,247,125,210,237,99,196,94,170,16,215,130,59,142,97,244,71,218,173,0,147,102,249,76,144,224,5,217,101,137,16,114,242,10,129,112,211,124,41,188,15,226,117,200,91,46,213,92,162,52,231,160,51,134,25,236,127,210,165,56,139,30,241,22,146,254,104,194,45,246,15,157,227,81,208,66,251,78,33,180,7,154,109,192,22,104,253,38,159,114,197,88,43,190,17,228,62,140,93,113,141,125,160,50,139,162,40,149,27,236,49,152,230,121,200,98,243,18,145,233,113,184,101,248,75,222,177,4,151,106,253,80,35,182,64,218,69,194,85,40,187,14,225,116,199,90,45,128,19,230,121,204,95,98,201,89,168,59,149,223,118,132,118,181,26,171,131,60,143,98,245,72,219,174,1,148,103,250,77,32,179,6,153,35,173,82,113,225,91,219,121,133,89,68,252,93,166,127,201,2,50,130,23,187,47,156,232,122,192,24,199,64,211,166,57,140,31,242,69,216,171,62,145,100,247,74,221,255,81,150,61,165,31,103,189,73,149,27,143,29,115,211,73,233,115,152,68,44,189,65,177,42,130,16,118,134,61,234,125,208,163,54,137,28,239,66,213,168,59,142,97,244,71,149,255,0,199,63,169,9,215,243,11,251,13,172,16,105,242,3,157,46,222,86,43,232,78,160,57,141,89,4,129,20,231,122,205,160,51,134,25,236,127,210,165,56,139,30,190,22,215,169,124,158,0,144,27,157,226,71,149,54,230,78,48,166,45,154,109,192,83,38,185,12,159,114,197,88,43,234,89,161,57,224,93,48,131,22,233,124,207,162,53,136,27,238,65,212,167,58,223,37,167,19,139,226,63,212,36,180,24,155,155,4,151,106,253,80,35,182,9,156,111,194,85,109,245,74,203,116,199,90,45,128,19,230,121,204,95,50,133,94,164,44,209,219,59,138,75,240,10,152,169,117,223,35,188,26,136,166,64,154,4,156,31,97,254,67,144,108,187,29,15,184,11,158,113,196,87,42,189,16,227,118,201,92,47,130,21,161,61,206,245,109,215,95,229,22,218,166,103,145,31,240,11,141,230,124,212,54,245,74,146,226,3,192,105,162,82,34,227,8,212,60,193,25,102,238,69,238,50,132,10,36,233,27,229,101,214,94,124,197,67,162,115,152,246,113,204,28,187,10,144,230,17,142,97,244,71,218,173,0,147,102,249,76,223,178,5,152,107,254,81,36,183,88,216,36,150,4,103,188,73,163,57,155,30,4,129,20,231,122,205,160,51,134,25,236,127,210,165,56,139,30,180,10,147,128,61,144,99,246,73,220,175,2,149,104,251,78,100,250,67,176,109,192,83,38,185,12,159,114,197,88,43,190,65,168,54,137,24,116,248,87,231,23,138,251,72,136,6,238,21,134,242,127,167,96,243,70,217,172,63,146,101,189,7,141,244,77,209,106,179,31,119,182,89,208,46,129,16,108,192,79,239,31,130,3,80,128,71,174,60,130,117,50,133,24,235,126,209,164,55,138,29,240,67,132,236,104,218,48,187,72,157,239,77,199,34,208,77,32,179,6,153,108,255,82,96,246,79,180,113,196,87,42,189,16,227,118,128,26,47,195,27,131,50,128,229,52,154,7,237,66,166,246,126,222,94,182,0,218,171,127,223,32,247,66,137,233,83,211,97,189,65,78,240,94,222,34,200,84,121,167,13,226,61,147,20,110,250,64,231,120,132,12,49,197,25,134,56,134,230,122,137,0,239,80,220,168,111,198,36,186,109,218,173,0,147,102,249,76,223,178,5,152,107,172,20,112,226,88,211,112,133,23,101,239,74,200,117,200,91,46,129,20,231,122,136,238,119,172,25,236,127,210,165,56,139,30,184,2,215,235,51,251,42,184,13,220,178,31,149,106,143,15,115,243,66,206,111,192,18,104,253,12,203,43,149,29,35,255,31,144,54,152,26,117,215,31,233,34,210,162,55,219,79,188,8,154,224,56,141,52,187,3,151,134,63,146,101,248,75,222,177,4,151,106,253,80,113,243,93,201,61,140,85,110,250,66,178,49,237,90,45,128,19,230,121,204,95,119,203,92,193,126,209,164,55,207,83,180,105,214,169,60,143,48,176,28,142,252,79,148,51,168,24,101,153,67,215,40,213,20,112,246,72,202,56,139,25,42,213,30,143,51,136,14,97,242,71,167,61,135,237,113,228,85,190,20,128,174,105,222,80,180,12,148,238,55,187,100,247,74,221,252,76,213,40,176,79,108,244,69,222,61,193,73,39,225,80,202,115,198,89,44,249,93,183,120,180,82,49,197,84,190,52,159,237,54,192,82,239,11,133,233,114,220,50,252,23,136,226,70,218,42,188,66,190,241,81,209,36,176,2,45,183,78,210,90,195,86,41,188,15,226,117,200,18,104,129,85,164,46,132,239,125,136,114,165,49,150,165,37,150,30,243,52,155,235,126,213,97,246,29,148,234,76,191,104,251,78,33,180,7,154,109,192,83,38,185,66,222,63,128,11,80,255,82,176,62,133,19,62,232,83,176,1,207,191,53,201,88,186,8,155,233,52,227,33,190,3,243,172,63,146,101,248,75,222,177,65,217,46,215,80,35,182,9,156,111,194,85,100,244,77,160,56,199,20,108,205,86,230,100,204,17,115,200,93,184,5,144,231,99,195,82,190,77,189,236,101,242,72,245,72,219,174,1,148,103,250,1,111,240,71,213,108,179,23,115,253,71,158,108,196,22,105,233,89,172,56,199,55,102,204,81,232,102,211,161,54,247,86,172,3,150,164,57,205,81,182,69,201,171,113,195,100,182,9,137,249,76,216,103,151,6,108,241,8,134,115,193,86,82,234,74,178,50,130,28,46,191,83,171,60,203,31,114,208,94,165,51,222,207,115,223,89,163,104,213,168,59,142,97,244,71,218,228,70,147,40,184,1,154,178,68,214,47,254,29,97,225,79,209,112,130,24,109,188,7,182,58,134,14,99,195,81,181,114,140,227,103,207,86,162,113,177,234,107,223,23,241,11,133,170,45,153,99,232,73,204,175,86,221,45,181,100,33,180,7,154,109,192,83,38,185,12,159,114,173,86,64,240,94,179,57,169,18,99,215,69,146,50,142,239,112,245,27,243,65,188,169,81,195,47,164,8,186,227,108,198,54,131,5,159,252,65,234,106,178,2,35,237,84,182,111,194,85,40,187,14,225,116,199,90,45,128,123,232,18,130,16,101,203,123,164,45,133,247,76,196,92,189,6,171,210,112,202,52,176,4,166,174,28,148,38,185,25,105,252,72,151,15,176,1,113,146,11,158,113,196,87,42,189,16,166,56,141,118,47,130,21,232,62,128,229,30,194,84,169,106,149,243,119,207,75,187,10,150,171,86,159,22,178,9,146,226,71,247,42,168,6,109,251,0,208,39,143,16,43,186,89,175,36,131,11,32,191,65,177,57,134,14,56,174,23,234,125,208,239,121,202,93,163,66,135,168,38,142,9,250,53,159,238,79,193,34,176,2,152,152,5,152,107,254,24,98,183,68,210,36,195,4,41,243,93,226,59,135,15,46,233,26,136,45,131,168,103,201,78,169,45,219,165,108,195,91,191,110,215,170,61,144,99,246,73,220,253,71,193,61,169,0,11,180,7,154,109,133,29,98,147,12,159,114,197,20,100,253,80,168,119,129,24,105,131,11,233,46,193,201,112,209,72,149,21,155,240,127,223,110,154,2,164,134,63,146,101,248,2,152,177,79,222,36,185,80,62,171,9,158,31,142,20,107,254,12,225,32,143,31,99,170,19,230,121,204,95,50,133,24,162,56,209,239,114,211,29,164,11,147,231,22,143,98,245,72,219,174,1,148,103,250,77,32,225,67,205,57,173,28,15,184,11,158,113,196,87,42,189,85,173,50,227,92,47,130,21,232,123,206,161,125,193,26,185,25,131,227,118,202,23,166,10,143,238,108,159,7,145,24,156,253,70,159,105,162,82,34,183,107,253,60,128,25,98,184,13,180,59,131,23,6,191,18,229,120,203,94,49,132,23,234,125,208,241,115,221,73,189,12,255,168,59,142,97,244,71,218,173,69,221,34,211,76,223,178,5,152,107,254,81,118,185,105,210,37,141,2,108,238,15,255,117,154,85,77,206,65,169,46,136,242,51,141,25,253,85,210,165,56,139,30,241,68,215,225,120,201,99,235,73,222,219,0,149,102,245,78,115,186,100,213,56,142,7,99,235,38,159,114,197,88,43,190,17,228,37,196,54,117,218,69,146,40,128,245,112,218,21,135,5,169,167,39,141,43,182,31,243,172,63,146,101,189,7,141,244,77,209,106,179,31,119,182,66,217,54,194,1,96,254,64,203,116,199,90,45,128,19,230,121,164,81,65,192,76,152,42,144,240,98,217,21,242,46,151,234,110,192,96,249,72,217,219,79,223,41,181,26,110,179,82,214,59,186,0,37,235,64,215,33,148,18,110,166,16,176,34,136,14,123,130,71,173,56,129,243,112,206,84,170,64,145,227,127,195,77,183,69,136,231,127,210,45,185,13,221,229,77,223,61,175,77,43,159,8,155,110,193,84,39,186,13,178,54,146,12,126,241,56,229,120,203,94,116,202,83,192,125,208,163,54,197,83,172,3,153,168,122,142,124,244,28,240,173,0,147,102,249,76,223,178,110,209,37,186,81,57,183,65,212,62,135,90,3,188,15,226,117,200,91,46,129,127,162,35,205,189,51,205,92,181,115,248,165,56,139,30,241,68,215,170,73,217,46,179,73,193,175,81,193,41,182,30,33,245,73,222,109,147,7,103,244,92,145,6,140,21,110,190,94,182,119,133,14,62,192,90,166,63,132,170,60,136,22,238,19,218,198,110,129,74,243,70,217,172,63,146,101,248,60,159,231,65,151,119,253,3,119,247,68,204,111,131,27,108,187,93,181,53,138,10,35,247,82,176,60,204,16,96,133,112,229,9,144,242,114,130,20,252,105,214,169,60,143,63,223,72,219,174,1,221,33,250,6,105,253,66,153,113,226,82,39,200,71,223,50,129,85,42,233,88,166,56,227,92,47,130,21,232,123,206,161,117,137,116,172,13,150,170,57,205,17,135,11,145,255,87,213,104,247,11,211,211,101,196,40,177,10,34,168,8,207,33,150,17,117,180,99,161,62,131,85,44,235,93,178,61,153,80,68,202,94,190,20,148,175,54,210,28,187,13,130,237,105,128,2,146,21,155,224,69,137,1,188,24,188,253,72,200,36,176,20,106,227,89,149,121,195,11,3,188,15,226,117,200,91,46,129,85,233,25,130,243,103,134,4,236,44,134,228,117,219,30,176,10,147,170,110,196,34,187,25,210,204,77,198,60,251,1,115,180,83,213,35,149,30,100,252,94,151,38,138,15,110,236,31,151,35,139,9,99,131,87,167,56,207,246,122,223,94,188,79,167,243,123,217,51,253,54,139,229,124,215,108,248,4,140,177,20,189,106,253,80,35,243,69,207,42,139,19,40,240,71,175,48,199,71,48,128,17,147,41,139,13,115,193,93,233,126,133,236,114,196,55,240,67,214,169,60,143,98,245,9,213,194,68,194,34,182,77,61,179,82,214,59,186,0,43,212,78,200,52,136,125,42,189,16,227,118,201,92,47,195,27,139,52,157,245,52,154,26,190,20,146,235,105,140,94,188,1,216,255,113,223,49,186,8,152,226,11,197,61,189,2,114,187,107,212,61,149,93,39,245,95,224,99,236,89,44,191,18,229,120,203,94,120,194,23,164,50,132,163,119,135,127,160,17,129,168,116,220,97,181,73,185,226,83,199,102,229,81,223,162,5,204,35,187,31,14,183,10,157,112,195,86,41,188,15,226,117,200,26,32,226,91,180,46,205,189,51,210,86,162,42,159,231,125,217,22,165,11,128,239,111,158,16,162,8,136,252,2,212,38,191,78,117,251,80,223,63,206,32,114,248,88,204,124,181,10,98,253,84,237,119,133,15,48,147,60,233,124,207,162,53,136,27,238,4,154,227,16,141,96,243,70,156,224,108,215,44,190,75,149,248,74,211,106,224,77,35,180,125,221,61,133,16,124,185,14,181,60,130,20,7,128,19,230,121,204,95,50,133,89,229,10,144,246,112,207,73,240,94,214,253,115,216,39,167,70,175,239,83,211,34,174,32,111,247,67,179,108,255,82,37,253,69,218,91,196,87,42,189,68,162,52,133,25,33,203,91,187,62,156,245,60,213,20,157,18,156,224,112,192,90,252,36,155,255,119,222,42,164,70,221,241,10,188,105,252,79,34,221,6,232,43,149,39,115,251,89,181,32,206,91,65,254,81,183,55,201,82,49,134,101,175,62,159,241,114,192,82,168,88,213,170,59,128,111,244,68,136,163,112,193,41,191,5,147,247,11,249,40,170,24,107,249,89,157,126,205,86,43,188,76,173,59,142,18,124,204,81,163,122,140,227,103,207,86,162,44,208,172,18,206,80,181,110,145,255,115,211,55,191,6,146,175,106,155,27,175,15,108,228,15,212,44,141,22,42,185,92,222,43,137,23,106,250,24,206,119,202,93,48,202,80,233,50,128,246,53,224,21,156,4,151,232,104,201,41,189,1,217,227,109,146,49,161,27,155,185,84,214,51,177,31,98,242,0,156,49,223,85,42,239,79,163,56,130,88,45,212,91,163,55,230,95,50,133,24,235,126,209,164,101,207,73,165,17,152,131,60,143,98,245,13,149,234,43,148,103,250,77,108,252,69,216,32,255,17,106,232,82,158,108,196,12,0,189,16,227,118,201,92,47,130,124,172,123,211,161,100,198,67,161,15,146,226,55,229,91,254,111,216,171,62,145,100,247,74,221,222,66,219,44,252,82,34,229,73,194,34,142,21,99,180,99,161,62,131,85,6,191,18,229,120,203,94,49,132,98,164,52,132,202,114,137,1,239,18,148,241,119,193,32,176,73,175,227,73,199,15,189,64,245,178,5,152,107,254,81,36,183,122,210,35,195,75,41,236,78,187,57,135,26,106,143,100,168,41,193,138,51,134,25,236,127,210,165,56,232,120,163,5,154,239,61,141,99,166,8,133,227,77,212,44,245,45,71,230,70,215,40,204,121,38,185,12,159,47,239,88,43,190,17,233,122,202,62,113,207,90,172,56,207,235,123,219,82,170,4,212,216,69,195,33,190,3,154,237,115,222,127,248,8,159,242,76,210,46,253,3,96,247,69,221,61,145,90,124,250,76,173,49,148,90,98,206,95,191,119,204,49,119,211,93,185,126,146,229,123,198,29,130,12,148,229,115,215,98,148,56,178,253,13,190,103,250,77,32,190,11,153,62,186,3,112,241,89,219,121,205,91,42,218,101,138,118,136,31,108,199,70,187,52,156,242,52,200,72,237,1,157,255,57,196,90,190,21,157,249,62,197,44,182,30,221,243,66,216,105,165,6,103,249,76,148,45,137,21,105,253,72,224,39,142,28,44,241,83,168,61,136,31,125,200,23,167,56,132,235,121,205,18,197,66,213,168,59,194,46,183,6,150,173,78,220,49,249,81,223,253,86,150,40,178,30,103,252,2,148,90,195,86,41,188,67,173,54,137,23,46,210,64,166,55,157,160,46,134,66,236,30,134,165,37,139,80,190,19,219,170,73,217,46,179,73,193,175,76,218,63,251,67,33,220,9,232,40,131,28,116,253,69,209,53,203,57,127,178,17,147,54,156,24,48,158,22,129,114,163,227,102,220,108,175,23,145,167,117,223,96,227,74,217,220,126,203,41,183,10,154,177,25,151,41,178,0,122,182,84,182,111,194,85,40,247,65,162,53,139,90,121,207,68,163,43,204,66,50,237,22,159,49,134,225,101,217,102,160,2,143,229,115,206,38,251,33,159,211,43,148,103,250,77,105,245,6,215,45,178,23,37,165,22,158,115,176,24,125,248,66,150,38,142,14,110,198,80,234,123,154,233,113,201,48,237,64,211,166,57,140,31,242,9,151,232,127,221,100,180,5,142,228,80,150,116,252,27,109,226,77,201,110,128,26,99,186,101,238,24,136,22,123,241,113,170,43,159,13,74,208,88,189,56,130,173,88,200,81,170,63,255,168,59,142,97,244,71,218,173,83,199,39,180,28,209,209,74,203,63,254,76,36,244,69,206,36,144,86,104,242,75,226,54,135,8,122,210,111,239,46,130,238,102,203,91,169,45,218,241,119,220,91,163,74,187,239,107,213,47,255,73,147,253,2,132,97,251,69,33,165,122,154,34,146,83,54,147,12,159,114,197,29,101,250,59,228,119,202,93,121,197,22,167,61,130,231,53,149,6,238,67,160,232,109,200,50,146,2,157,174,63,198,45,189,5,244,177,4,151,106,253,80,35,182,69,211,44,131,25,40,248,65,178,32,148,90,48,128,123,232,18,130,16,101,203,123,164,45,133,247,76,218,92,169,15,153,232,120,129,12,180,5,158,211,43,148,103,250,77,32,179,6,153,63,171,19,104,232,5,253,62,151,3,42,160,16,160,57,154,8,124,130,84,166,63,206,226,123,212,78,190,59,194,219,57,195,77,242,85,242,171,62,145,100,178,4,153,154,3,150,105,252,39,44,197,77,213,42,136,26,96,193,67,161,62,131,36,44,162,18,141,118,187,27,127,192,94,164,58,171,237,119,196,89,146,66,154,250,59,213,60,222,71,218,173,0,223,41,186,13,147,178,73,209,56,170,81,57,183,98,147,0,134,24,109,245,65,165,14,134,26,99,196,105,205,122,205,160,51,207,95,236,124,158,236,107,223,30,239,89,215,188,41,144,55,190,12,146,133,2,149,104,251,78,33,180,7,206,44,130,31,99,183,94,218,63,138,14,110,182,93,173,36,158,81,48,146,31,195,124,207,162,53,205,85,170,107,212,167,58,141,52,178,4,149,233,49,219,43,171,14,140,229,12,219,35,174,4,47,182,90,200,46,143,5,33,145,75,175,48,237,28,120,206,80,178,48,131,17,50,237,22,159,63,154,225,68,222,92,189,19,222,231,125,194,39,249,72,143,225,86,209,53,243,103,32,179,6,153,32,176,17,100,244,11,210,56,151,3,42,160,16,139,120,185,25,97,198,92,166,60,181,239,117,202,95,144,64,156,244,57,215,66,216,69,216,171,62,215,43,165,74,148,176,30,150,106,176,6,113,225,4,155,127,205,84,42,171,13,164,60,236,89,44,191,18,229,120,203,94,120,194,23,165,46,222,224,122,198,95,164,74,220,168,54,142,45,189,20,142,214,73,238,104,152,24,223,172,5,137,126,254,5,108,242,68,183,112,195,86,41,188,15,226,117,200,91,46,129,64,166,56,129,229,61,212,92,161,48,132,224,48,199,87,162,16,219,170,116,153,73,246,73,220,175,2,149,104,251,11,111,240,45,154,109,192,83,99,247,72,181,114,197,88,43,248,94,182,119,131,81,48,208,66,168,49,159,162,124,198,27,167,17,149,238,104,222,104,191,15,138,248,54,146,33,183,97,222,177,4,151,106,253,80,35,250,70,223,46,142,85,120,250,87,173,59,134,30,45,157,19,181,45,141,18,98,139,104,170,39,157,235,118,206,55,240,67,214,169,60,143,98,245,4,148,237,64,216,103,183,12,116,240,78,153,113,255,2,100,225,71,209,48,128,89,67,249,16,254,107,201,8,96,213,80,186,117,167,229,30,135,26,237,64,211,166,57,140,86,180,69,150,234,115,212,100,234,87,221,178,119,217,62,185,29,67,241,76,153,110,149,28,98,244,39,224,115,198,89,44,191,18,229,120,203,94,49,201,86,190,62,152,163,43,137,76,174,27,153,231,122,202,111,129,9,147,249,105,215,102,228,81,223,230,74,207,46,172,95,81,249,67,201,25,135,124,41,188,15,226,117,200,91,46,129,20,231,122,205,160,51,134,88,162,59,210,241,97,219,91,190,2,223,250,124,201,47,185,8,152,161,114,218,59,242,78,60,169,7,152,27,133,16,114,246,94,140,112,239,88,43,190,17,228,119,202,93,48,131,22,233,124,207,162,53,201,85,170,65,188,169,74,194,51,186,18,144,227,113,154,49,183,28,155,227,13,189,106,253,80,35,182,9,156,111,194,85,40,187,14,225,116,199,27,99,196,19,238,41,141,6,126,202,89,175,112,161,235,100,138,16,240,43,216,217,115,220,43,161,1,148,224,9,192,40,173,8,114,186,15,151,1,190,21,107,241,95,203,53,129,87,54,189,1,201,118,201,92,47,130,21,232,123,139,239,112,173,26,237,64,211,166,57,140,31,187,3,216,230,127,197,39,191,74,137,248,70,216,67,252,79,34,181,8,155,110,193,84,39,186,13,180,50,132,21,105,177,64,160,53,132,8,116,140,91,163,46,132,175,54,192,21,197,66,213,168,59,142,97,244,71,218,173,0,147,52,188,24,138,224,75,152,56,170,16,105,231,32,157,112,195,86,41,188,15,226,48,134,31,4,129,20,231,122,136,238,119,172,92,162,59,248,168,53,139,113,191,1,215,248,120,197,48,183,11,144,234,2,221,39,180,5,45,180,64,219,57,133,23,38,251,85,159,32,128,27,100,236,85,173,57,141,93,113,205,82,233,58,128,247,103,136,94,182,0,151,243,58,223,37,190,9,141,233,63,251,43,171,31,159,255,71,210,57,243,122,46,187,9,242,32,194,63,91,212,96,225,39,130,8,100,193,95,175,35,141,11,123,202,86,231,126,134,235,101,198,89,240,16,149,232,114,220,110,245,31,154,231,85,199,107,250,2,114,179,68,213,37,177,22,37,234,78,211,62,144,18,42,239,85,183,36,128,25,124,130,92,166,40,135,229,113,135,78,165,5,211,238,118,195,84,252,111,158,254,112,210,48,190,5,147,176,107,152,0,178,28,118,244,68,215,28,132,23,104,232,73,165,33,174,22,99,244,26,236,82,203,94,49,132,91,165,62,145,239,54,219,83,186,22,144,250,59,147,97,145,73,165,210,99,210,43,188,30,158,198,97,234,46,189,30,118,243,79,207,2,140,3,125,249,93,200,117,200,91,46,200,82,231,52,130,244,51,212,86,185,43,151,247,56,223,86,180,10,253,170,61,144,99,246,73,220,175,80,218,61,175,11,115,180,26,154,54,157,121,38,185,12,159,114,197,88,43,219,31,155,8,169,28,125,198,68,168,8,171,208,112,203,84,188,5,145,245,72,194,53,167,3,139,172,34,146,55,183,30,138,244,86,189,106,253,80,35,182,9,156,111,139,19,40,239,87,177,49,207,18,98,207,88,171,60,152,30,127,192,76,163,49,149,173,55,212,0,240,65,144,252,114,204,54,188,7,149,172,1,219,53,250,25,121,227,67,145,43,186,6,107,249,70,219,50,133,27,102,240,85,183,62,134,24,38,130,75,245,123,204,231,97,201,89,185,9,156,232,59,140,75,186,0,150,129,62,145,100,247,74,221,176,3,150,105,252,79,71,187,119,228,13,128,25,98,232,76,148,23,180,28,111,240,64,161,61,153,44,126,209,67,175,47,208,190,54,199,85,163,104,213,168,59,142,97,244,71,218,173,0,147,102,171,9,139,231,87,214,107,184,16,104,228,79,183,112,195,86,41,188,15,226,117,141,21,106,171,20,231,122,205,160,51,134,25,160,48,145,228,116,139,81,189,0,253,170,61,144,99,246,73,220,175,78,218,43,186,2,33,247,70,214,33,130,18,101,242,12,130,114,131,13,101,253,69,173,56,132,85,99,198,90,175,112,207,172,59,134,18,196,65,212,167,58,141,96,243,70,217,172,63,146,41,183,8,159,253,4,218,47,169,24,108,242,9,129,111,133,16,124,245,79,172,49,132,27,97,204,94,163,45,132,16,118,141,17,193,126,209,164,55,138,29,240,67,214,169,60,143,46,186,11,154,226,1,220,50,184,77,61,179,84,214,57,171,23,119,182,99,203,51,238,87,42,189,16,227,118,201,92,47,130,21,232,50,136,161,124,210,88,237,1,157,226,57,196,74,176,75,170,254,112,223,45,185,13,221,241,77,210,105,180,26,96,187,122,222,45,142,6,99,243,67,167,115,135,23,104,191,95,160,44,131,17,117,132,10,247,125,210,197,127,219,89,156,7,135,254,126,220,99,244,19,146,232,78,185,102,249,76,223,178,5,152,107,254,81,36,183,10,157,112,195,26,102,255,78,174,117,134,26,99,196,20,250,122,133,245,113,136,107,169,60,157,247,124,249,91,188,11,131,239,110,235,48,179,5,154,210,40,149,104,251,78,33,180,7,154,109,192,83,38,185,12,159,114,140,30,43,240,80,169,50,202,9,120,198,88,195,124,207,162,53,136,27,238,65,212,167,58,141,96,243,70,217,172,63,146,101,168,8,159,253,72,159,34,168,18,45,197,93,221,34,146,89,40,245,79,172,49,203,90,35,142,29,239,83,204,95,50,133,24,235,126,209,164,55,138,29,240,67,214,169,121,193,38,223,72,219,174,1,148,103,250,77,32,179,6,153,41,177,22,15,184,11,158,113,196,87,42,189,16,227,118,201,14,106,214,64,186,53,206,238,120,195,18,190,5,159,224,53,140,17,252,75,209,129,62,145,100,247,74,221,176,3,211,39,184,101,34,181,8,155,110,193,84,39,243,75,224,39,159,9,105,183,92,160,47,136,29,125,203,68,191,47,149,170,54,148,1,239,64,147,253,117,205,53,189,8,148,175,0,199,46,188,2,245,178,5,152,107,254,81,36,183,10,157,112,195,21,104,240,67,160,52,139,16,46,156,20,169,63,154,227,112,202,86,191,42,128,224,48,200,95,189,8,149,235,126,219,106,220,73,220,175,2,149,104,251,78,100,250,67,176,109,192,83,38,185,12,159,114,137,23,104,255,93,228,56,129,81,48,209,83,186,41,131,246,53,149,27,190,2,149,235,118,133,40,188,9,146,225,122,198,36,181,14,138,249,75,211,102,253,23,98,251,76,144,111,192,42,87,245,79,172,49,132,27,97,204,17,234,121,143,30,126,201,90,170,61,154,173,29,138,29,240,67,214,169,60,143,43,179,72,149,225,85,148,40,177,77,116,251,67,215,70,255,82,37,184,11,158,113,196,87,42,189,16,134,120,182,35,76,195,88,173,41,143,213,80,245,95,174,15,129,226,124,222,109,189,16,140,238,108,145,121,247,4,148,252,41,150,105,252,79,34,181,8,155,110,193,84,39,232,72,180,38,148,23,44,249,83,169,43,142,116,49,132,23,234,125,208,163,54,204,82,171,104,213,168,59,142,97,244,71,218,226,76,215,102,228,76,141,247,86,205,39,170,123,36,183,10,157,112,195,86,41,238,64,183,33,141,9,32,232,90,180,46,140,236,127,195,93,236,98,210,241,106,222,91,219,68,215,170,61,213,45,178,99,220,175,2,149,58,180,27,117,241,85,148,5,149,17,38,164,12,247,88,197,88,43,190,121,234,5,143,30,127,209,82,155,57,130,237,97,205,72,238,92,212,252,103,167,96,243,70,217,234,112,192,101,135,71,222,255,69,218,47,253,25,109,182,64,204,46,139,7,123,179,85,225,118,179,21,122,197,65,135,61,136,93,62,133,26,159,49,134,225,101,255,77,183,17,151,237,121,141,110,245,74,175,225,86,209,53,142,12,114,244,67,205,110,243,82,39,204,68,201,52,150,36,111,241,92,225,118,148,85,47,198,90,194,123,206,161,52,135,26,237,64,159,233,122,205,83,242,23,157,230,113,197,33,247,87,221,216,13,228,44,177,0,118,240,0,213,47,140,17,46,144,13,224,115,198,89,44,191,18,172,62,203,12,116,201,88,190,56,208,247,126,204,82,197,66,213,168,59,142,97,244,71,218,173,0,147,14,247,62,154,241,74,202,47,140,20,105,248,94,216,35,184,4,108,241,64,182,48,181,91,51,129,90,166,55,136,138,51,134,25,236,127,210,165,56,206,80,181,110,215,170,61,144,38,184,13,246,175,2,149,104,169,11,117,225,85,212,109,146,28,115,237,73,205,124,172,22,120,234,80,168,59,143,25,48,158,11,233,40,157,247,112,162,94,160,5,254,225,111,195,35,167,15,150,226,63,250,107,139,31,159,227,80,229,47,190,31,113,242,1,149,69,194,85,40,187,71,167,116,175,84,93,204,82,191,48,130,24,50,202,74,235,22,223,214,114,201,82,162,7,159,231,123,143,54,189,13,149,132,1,148,103,250,77,32,179,6,241,98,145,29,113,241,77,199,121,198,36,126,242,64,227,34,129,25,47,195,86,188,50,152,228,52,202,91,174,18,156,166,127,197,77,161,17,218,162,20,145,100,247,74,221,176,3,150,59,185,27,119,231,70,177,110,193,84,39,255,67,164,89,198,89,44,191,91,163,120,133,17,101,132,127,228,28,147,247,127,223,89,231,75,213,252,115,203,47,222,71,218,173,0,147,102,249,76,183,188,107,215,63,183,23,125,191,8,238,36,130,4,125,188,93,167,54,135,9,106,200,90,160,122,132,238,51,203,88,184,60,154,165,113,197,74,180,22,154,227,110,195,42,185,7,220,160,2,194,41,173,11,33,164,7,213,63,192,31,103,237,73,205,112,204,114,43,190,17,228,119,202,93,48,209,83,189,41,157,236,31,136,27,238,65,145,233,126,167,96,243,70,217,229,121,146,22,246,59,140,254,66,222,38,184,80,62,171,9,158,109,194,1,96,254,64,203,116,199,90,45,128,19,230,121,164,81,92,202,76,162,56,136,172,53,233,79,181,2,130,236,60,128,98,166,13,151,235,66,192,103,187,77,109,242,69,203,35,255,20,108,234,88,202,115,205,125,42,189,16,227,118,201,92,47,208,80,188,46,156,239,30,135,26,237,64,150,232,125,166,31,242,69,216,226,120,145,42,184,30,221,216,13,240,26,252,27,106,240,70,177,110,193,84,39,186,13,224,115,174,87,66,240,70,172,62,146,86,51,246,82,169,50,130,231,127,199,91,239,12,144,237,127,221,97,177,31,159,238,85,199,41,171,76,153,251,73,221,56,167,2,112,242,71,157,35,150,6,121,243,93,182,119,193,113,46,129,20,231,122,205,160,51,212,92,184,42,128,235,18,139,30,241,68,146,228,121,186,99,246,73,220,230,68,149,0,245,47,116,224,72,154,44,142,23,38,209,2,254,39,145,23,37,220,68,183,46,194,84,48,215,94,172,50,229,162,53,136,27,238,65,212,167,82,131,14,188,18,144,234,102,154,103,143,10,151,229,4,209,37,175,80,108,227,93,207,59,131,27,108,242,64,166,116,166,15,121,207,19,150,53,141,6,50,215,93,186,43,148,247,99,217,29,178,6,144,230,110,202,98,167,13,152,225,83,208,46,180,10,34,186,44,153,108,255,82,37,184,11,158,35,129,3,127,239,94,201,118,201,92,47,199,91,172,81,206,161,52,135,105,227,33,134,242,118,252,83,179,28,154,234,125,218,100,234,74,155,241,79,197,44,214,79,34,181,8,243,96,178,21,113,255,126,165,39,146,16,98,248,65,237,113,225,94,49,132,23,130,115,163,230,98,253,83,168,5,153,237,51,140,17,184,6,131,239,65,208,45,251,64,223,244,68,212,56,187,88,14,183,10,157,112,171,88,65,229,75,176,52,156,30,38,136,62,231,122,205,160,122,192,25,239,23,220,202,111,197,91,181,76,222,170,35,144,115,246,29,148,234,76,191,104,251,78,33,180,7,154,109,168,93,72,246,88,214,52,156,80,41,205,69,165,37,158,93,103,202,66,161,124,129,237,53,199,76,160,4,144,167,110,194,55,182,20,138,172,108,221,101,172,3,155,177,73,214,41,175,31,35,254,72,207,111,131,85,107,244,67,177,56,130,14,104,128,67,170,56,143,26,127,192,86,191,126,153,237,100,222,82,162,26,212,160,22,143,98,245,72,219,174,1,148,53,191,25,117,225,72,179,108,255,82,37,253,69,218,91,196,87,42,189,120,237,30,134,19,100,237,126,232,102,206,201,58,238,84,190,20,146,234,117,254,90,177,10,138,239,123,195,12,184,5,150,184,10,188,105,252,79,34,252,78,155,32,142,0,39,210,3,136,60,137,18,67,212,18,177,48,142,16,27,132,23,234,125,208,163,54,137,116,225,44,154,252,114,200,56,252,109,218,173,0,147,102,249,76,223,178,5,152,107,252,35,97,244,69,207,52,134,4,41,244,64,173,62,200,14,96,192,66,166,51,129,225,113,202,92,247,127,135,245,127,217,95,181,1,216,254,124,194,36,179,29,220,250,81,208,104,178,0,98,251,74,211,35,135,83,101,246,66,217,59,151,21,106,234,88,171,57,153,70,48,208,83,165,48,156,162,118,201,85,160,14,128,167,120,200,96,161,3,154,227,109,214,32,188,75,141,240,66,210,38,164,82,9,182,9,156,111,194,85,40,187,7,203,116,199,90,45,197,93,162,83,204,95,50,133,112,229,14,148,234,115,195,83,183,67,203,169,103,210,72,245,72,219,174,105,154,21,191,14,111,225,66,208,34,184,82,56,184,80,180,113,196,87,42,189,16,227,118,168,8,47,159,21,167,40,192,226,120,200,89,166,72,218,170,19,140,31,242,69,216,171,62,145,7,184,31,147,228,70,196,105,225,79,50,185,34,155,110,193,84,39,186,13,224,24,131,0,127,191,15,229,35,150,82,27,132,23,234,125,208,163,54,137,108,189,13,147,225,119,203,97,233,71,129,135,0,147,102,249,76,223,178,5,152,107,254,81,67,246,71,216,112,222,86,43,223,78,175,48,154,26,90,229,22,235,80,205,160,51,134,25,236,127,210,165,56,139,30,135,1,133,249,116,223,45,246,84,220,190,14,191,104,251,78,33,180,7,154,109,192,83,38,185,97,222,34,197,69,43,214,31,135,34,152,15,117,205,66,132,61,159,170,60,132,49,238,65,212,167,58,141,96,243,70,217,172,63,254,42,186,9,135,220,69,199,106,224,80,80,184,100,221,63,206,127,40,187,14,225,116,199,90,45,128,19,230,121,168,22,116,195,81,168,43,157,240,110,138,0,240,48,216,205,117,201,36,188,11,142,226,85,205,107,208,77,32,179,6,153,108,255,82,37,184,11,158,18,150,18,107,233,85,167,118,212,92,96,209,27,188,50,131,228,60,142,22,199,64,211,166,57,140,31,242,69,216,171,62,145,5,180,30,148,255,77,197,105,225,79,121,232,4,177,110,193,84,39,186,13,224,115,155,85,6,191,18,229,120,150,116,49,132,23,234,21,222,208,115,221,111,187,3,129,253,104,134,99,153,6,153,255,79,145,106,249,78,173,247,70,215,57,186,24,106,240,16,157,96,195,21,102,242,73,171,39,133,30,106,129,85,164,46,132,239,125,213,27,229,85,210,165,56,139,118,255,55,146,254,73,223,36,177,5,153,167,0,231,45,184,1,115,240,5,150,109,148,1,115,252,5,181,55,139,28,1,248,68,170,52,158,20,127,205,22,129,114,188,246,122,216,105,171,2,155,245,126,133,105,217,70,217,172,63,222,42,187,10,146,177,86,151,119,253,56,45,196,76,223,32,144,17,97,245,73,203,116,199,90,45,201,85,230,55,131,11,50,215,24,191,54,148,234,29,138,29,240,67,214,169,60,143,48,176,28,142,252,79,190,103,250,77,32,246,72,221,70,255,82,37,184,99,144,3,129,20,101,239,84,170,56,142,92,50,130,91,161,55,228,161,52,135,26,133,78,163,227,119,200,86,188,2,216,182,62,202,57,221,74,221,176,3,196,103,140,29,109,243,65,215,43,207,53,100,238,68,175,61,165,22,121,241,70,229,101,203,93,99,138,103,184,50,150,234,122,204,18,142,1,129,225,116,192,50,222,71,218,173,0,251,104,138,9,139,198,74,223,44,178,20,44,181,120,216,51,140,4,109,190,3,226,51,137,23,125,196,29,205,122,205,160,51,238,23,136,45,147,227,108,139,3,241,22,217,218,111,223,37,191,5,153,175,15,152,104,169,11,117,245,78,212,109,146,22,101,246,90,218,32,132,26,103,251,17,173,57,199,16,117,206,89,187,37,207,230,103,201,93,186,65,157,225,58,203,41,191,3,138,245,108,198,32,181,75,152,240,77,219,57,215,80,35,182,9,244,97,166,7,105,253,90,143,53,138,31,45,157,19,149,119,188,13,125,195,81,167,59,251,164,55,138,29,185,5,214,231,115,219,98,157,70,173,239,77,221,35,138,31,111,245,79,213,41,247,0,43,200,89,209,55,141,27,111,180,16,183,62,140,18,5,130,21,232,123,206,161,52,135,114,227,46,156,242,112,202,70,250,71,181,234,125,195,43,247,28,156,252,74,210,40,168,6,109,251,8,221,47,136,24,98,254,22,224,55,148,24,106,235,18,183,61,159,31,120,202,82,174,127,217,137,54,137,28,239,66,213,168,59,220,36,160,18,136,227,0,213,39,181,31,154,190,5,154,6,191,18,118,248,10,203,49,143,31,109,253,91,171,58,134,91,104,192,93,171,63,137,162,25,134,25,236,127,151,235,124,161,30,241,68,215,230,114,211,34,186,73,147,228,14,149,45,169,28,33,169,7,242,99,183,1,111,237,73,151,26,203,62,98,242,84,236,4,196,45,98,204,80,160,48,138,171,57,136,73,224,49,134,232,124,196,44,182,79,243,172,63,146,101,144,69,173,244,80,228,62,188,4,118,229,1,182,111,194,85,40,187,14,225,116,197,55,108,195,65,169,123,192,117,50,133,24,235,126,209,164,55,197,86,240,2,152,237,60,135,96,134,9,141,235,69,148,101,250,67,46,179,117,151,28,173,29,99,241,71,219,113,202,89,42,191,10,227,116,201,82,33,130,71,230,11,156,238,114,206,86,168,78,178,229,109,197,80,188,38,151,254,112,197,100,249,68,221,178,3,215,42,168,6,109,251,91,153,103,235,84,39,186,13,224,115,198,89,44,191,18,229,55,153,94,57,134,100,171,43,149,163,112,200,85,163,7,145,178,59,140,97,250,73,218,249,79,192,50,171,5,145,245,13,221,57,172,88,45,157,10,157,112,195,95,3,188,15,226,117,129,29,46,206,95,231,46,133,229,125,172,25,236,127,210,165,56,139,30,153,74,165,239,123,194,38,165,1,172,253,77,211,33,183,11,114,188,14,176,109,192,83,38,252,64,204,55,239,88,43,190,17,228,119,202,93,88,141,120,166,40,134,228,108,128,25,157,0,130,226,58,203,33,186,10,156,232,36,146,55,189,8,145,227,64,222,36,186,80,103,228,72,218,59,194,7,109,239,79,168,58,130,30,47,137,57,230,121,204,95,119,203,92,193,126,209,164,55,195,91,240,12,157,169,104,199,39,187,98,219,174,1,148,103,250,77,32,219,8,245,35,190,22,96,252,123,204,62,130,30,102,248,16,254,118,155,82,95,208,90,174,50,130,228,30,135,26,237,64,211,166,57,140,119,252,41,157,234,108,223,20,165,5,155,249,79,211,10,179,28,118,230,0,201,96,177,6,104,252,68,172,54,207,115,44,191,18,229,61,133,26,27,132,23,234,125,130,230,98,220,78,161,66,154,227,55,142,36,166,21,240,232,78,215,76,191,25,145,241,81,209,36,176,81,76,185,103,216,34,132,19,93,243,88,167,39,192,31,111,213,85,238,80,205,160,51,134,80,170,127,134,252,104,206,22,181,5,131,235,52,144,61,235,73,222,251,67,215,36,190,76,33,251,85,154,57,153,3,99,177,72,222,38,132,86,66,250,24,228,41,215,93,50,208,66,187,53,129,229,55,136,79,166,4,154,141,58,141,96,243,70,217,172,63,192,32,172,30,140,255,4,217,35,177,122,35,182,9,156,42,140,17,2,187,14,225,116,139,21,110,193,95,230,45,131,8,119,215,24,246,126,185,170,67,197,74,181,17,133,210,120,206,54,180,70,178,234,124,148,40,168,77,123,238,44,153,108,255,82,99,247,89,158,58,200,87,124,189,89,173,118,153,29,102,208,70,224,63,143,245,117,142,26,169,15,249,166,57,140,31,242,69,216,171,106,222,51,178,24,166,251,126,150,116,252,25,8,181,8,155,110,132,26,99,144,13,224,115,198,13,99,232,87,183,118,185,27,114,193,94,188,56,148,194,98,137,1,239,13,134,166,120,194,46,183,12,210,164,42,147,102,249,76,183,188,113,215,60,187,3,119,204,78,220,36,130,88,64,248,114,226,104,200,15,97,214,81,181,80,205,160,51,134,113,226,19,151,228,106,197,22,165,11,128,239,111,153,73,246,73,220,175,80,208,60,174,28,111,180,83,213,58,133,1,12,252,66,219,88,131,13,101,253,69,173,56,132,93,88,141,116,160,50,139,208,112,197,84,186,4,135,175,51,167,96,243,70,217,224,112,209,36,180,75,152,228,74,212,62,180,31,109,182,75,213,33,134,93,122,254,67,174,32,130,86,45,198,93,239,83,204,95,50,133,24,235,126,209,237,113,138,83,191,23,214,251,121,194,45,161,13,219,225,83,148,15,244,47,111,230,72,221,23,173,23,104,247,95,219,12,196,3,98,248,94,201,118,201,92,47,130,21,232,123,206,161,52,135,72,168,20,134,244,119,166,31,242,69,216,171,62,145,100,178,4,153,154,3,150,105,252,79,34,181,8,243,96,163,27,114,244,73,155,33,131,20,99,235,87,152,120,214,94,101,214,66,175,87,208,163,54,137,28,239,66,213,192,53,237,46,186,9,159,238,84,155,52,188,1,144,230,64,150,4,176,50,104,254,79,211,36,166,0,108,242,91,238,117,142,21,39,171,20,231,122,205,229,125,194,51,236,127,210,165,122,194,80,181,76,191,164,79,213,46,185,29,153,167,0,225,39,172,11,115,213,67,222,111,201,95,38,255,89,209,49,145,17,100,240,25,160,54,158,28,57,169,22,233,124,207,162,53,136,27,162,14,151,230,118,141,52,243,91,217,196,49,255,32,170,12,155,197,75,192,47,175,88,103,247,93,221,102,232,85,40,187,14,225,116,199,90,100,198,19,178,121,141,17,118,133,112,229,12,148,231,120,216,89,185,13,145,169,104,199,39,187,98,219,174,1,148,103,250,77,32,179,6,153,108,151,92,87,253,72,209,35,128,54,105,233,89,172,56,193,94,95,206,84,171,62,204,173,52,211,22,237,40,221,210,120,199,90,129,17,153,230,110,153,102,131,5,138,245,81,247,45,184,77,46,181,92,146,103,235,84,39,186,13,224,115,198,89,105,241,86,207,120,203,94,49,193,89,174,116,250,163,54,137,28,173,11,155,236,51,230,111,134,2,151,226,84,214,110,251,56,144,229,64,202,30,174,22,118,246,78,216,114,202,90,41,250,90,172,54,156,18,97,207,28,163,59,153,225,58,172,25,236,127,210,165,56,139,30,189,11,148,235,113,144,33,179,15,147,253,71,149,117,251,26,120,228,66,146,41,129,7,103,176,12,130,111,197,90,127,255,83,168,50,200,93,113,205,82,233,20,193,214,122,223,94,188,18,175,227,123,217,33,253,47,157,209,21,146,101,248,75,222,177,4,151,38,178,19,98,250,9,208,42,148,16,100,187,19,225,54,130,28,98,210,86,230,56,130,27,50,199,93,173,49,131,225,57,230,88,166,6,154,169,115,221,98,229,98,219,174,1,148,103,250,77,32,255,73,218,45,179,82,113,184,22,158,25,202,58,111,239,87,166,2,134,11,106,208,29,172,58,154,224,61,173,26,237,64,211,166,57,140,31,187,3,216,255,62,208,42,179,74,137,255,77,195,36,190,10,112,189,92,149,2,132,2,98,246,4,224,50,136,29,44,235,28,137,61,157,27,125,132,9,234,49,149,245,115,197,28,187,10,144,230,17,142,97,244,71,218,173,0,147,102,249,76,223,218,11,234,46,189,30,118,243,107,222,36,138,25,103,180,13,151,37,143,9,111,197,81,229,118,205,244,63,134,113,226,11,147,238,125,248,74,176,9,135,162,63,228,44,161,12,142,218,82,210,58,186,10,100,182,11,154,57,201,90,12,185,12,159,114,197,88,43,190,84,170,51,224,93,48,131,22,172,50,139,171,31,136,27,238,65,150,238,116,201,104,155,72,171,233,114,221,49,189,67,220,197,75,192,47,175,36,98,228,78,217,59,192,92,36,187,72,180,58,132,14,100,207,93,238,61,141,11,115,140,50,235,126,209,164,55,138,29,240,15,153,234,125,195,98,183,13,157,225,83,209,103,231,77,116,234,86,220,100,187,19,113,249,2,158,108,217,87,40,233,81,161,58,140,94,47,195,91,172,123,166,175,64,200,77,168,18,128,221,125,205,75,179,75,177,239,67,187,100,247,74,221,176,3,150,105,176,0,97,244,68,155,58,128,6,96,255,89,224,110,198,27,105,249,93,183,61,203,31,127,192,23,168,56,150,236,100,204,18,155,3,135,239,126,218,12,187,3,159,135,0,147,102,249,76,223,178,5,212,36,189,16,104,183,94,157,109,195,62,39,209,74,176,50,141,47,97,214,81,181,114,137,225,103,199,16,198,127,210,165,56,139,30,241,68,158,236,61,196,99,183,7,152,175,86,212,58,188,11,117,180,89,135,109,148,93,82,248,94,216,55,145,53,100,250,84,228,35,130,24,126,169,22,233,124,207,162,53,136,27,238,65,212,167,82,131,18,182,5,150,254,123,243,38,172,2,145,255,12,149,30,188,2,100,243,93,158,99,194,1,36,187,102,239,0,134,17,104,243,71,167,52,156,87,48,241,87,188,59,131,208,118,216,90,181,23,212,165,60,219,107,252,98,219,174,1,148,103,250,77,32,246,72,221,70,255,82,37,184,78,208,53,205,125,42,189,16,227,52,128,18,107,138,125,230,9,139,236,123,211,95,229,66,167,233,110,201,77,128,0,149,228,104,212,102,254,70,221,246,86,216,42,168,6,109,251,0,223,47,149,21,46,144,13,224,115,198,89,44,191,18,172,62,203,10,104,212,82,226,57,145,247,119,128,28,177,95,213,170,111,207,35,184,2,216,173,84,219,35,183,102,223,178,5,152,107,254,81,36,183,10,157,112,145,19,125,233,93,172,95,200,91,46,129,20,231,122,205,229,125,194,51,236,127,210,165,56,139,30,241,8,152,233,124,220,99,162,73,193,175,106,155,28,180,25,100,230,84,225,41,129,7,103,183,101,219,15,239,88,43,190,17,228,119,202,93,121,197,22,189,124,155,234,112,198,49,238,65,212,167,58,141,96,243,70,217,172,63,222,42,187,10,146,177,87,195,43,176,0,35,171,9,244,97,182,20,99,254,125,181,53,138,10,37,130,103,169,46,137,13,65,192,84,167,124,221,164,99,131,55,240,67,214,169,60,143,98,245,72,219,174,1,221,33,250,30,116,242,75,201,108,171,26,96,246,33,158,113,196,87,42,189,16,227,118,201,92,47,130,21,232,123,166,175,70,194,89,162,18,151,199,122,216,86,189,11,208,169,77,212,40,187,72,209,176,87,154,105,175,27,99,248,88,146,68,193,84,39,186,13,224,115,198,89,44,191,18,160,54,143,116,49,132,23,234,125,208,163,54,137,28,239,66,189,166,73,203,44,187,17,159,233,123,215,39,173,13,209,219,65,229,107,227,81,107,228,4,222,60,140,21,98,180,6,200,117,200,91,46,129,20,231,122,205,160,51,134,113,226,11,157,242,125,217,77,138,0,150,254,124,158,10,178,52,220,178,2,219,33,183,100,33,180,7,154,109,192,83,38,252,66,219,88,197,88,43,190,17,228,119,202,20,118,131,66,176,44,138,170,113,201,79,175,79,160,232,109,200,50,160,79,217,177,34,146,103,172,10,156,253,65,149,106,169,24,102,248,35,156,111,194,85,40,187,14,225,116,199,90,45,198,92,180,121,179,83,50,211,24,162,48,209,244,118,195,79,163,75,146,232,104,206,108,129,7,140,235,83,199,110,250,9,111,153,6,153,108,255,82,37,184,11,158,113,196,87,42,189,16,227,30,199,49,106,208,82,173,15,129,246,113,213,18,187,73,249,166,57,140,31,242,69,216,171,62,145,100,247,15,147,244,41,150,105,252,79,34,181,8,155,43,143,16,13,186,13,224,115,131,23,104,182,56,229,120,203,94,115,205,89,174,117,184,173,68,204,81,160,22,144,160,57,235,45,177,17,155,249,79,193,3,183,24,154,224,64,220,105,247,93,36,241,95,211,51,151,31,102,242,7,171,49,196,91,103,210,124,168,41,153,169,25,134,25,236,127,210,165,56,139,118,255,33,155,239,107,209,55,185,27,220,178,2,220,44,209,78,33,180,7,154,109,192,83,78,183,101,204,26,138,11,127,190,12,228,62,153,53,127,208,66,233,97,210,162,97,218,78,171,107,212,167,58,141,96,243,70,217,196,49,225,49,185,25,138,195,65,198,63,184,3,119,243,77,156,114,194,27,97,247,36,225,116,199,90,104,206,87,239,83,204,95,50,133,90,162,48,149,172,95,132,111,181,14,153,253,121,135,96,144,4,158,248,64,192,40,168,33,101,245,82,155,101,243,82,99,237,69,221,37,141,24,100,181,25,201,118,201,92,47,130,21,232,123,166,175,81,203,95,187,1,135,233,107,140,2,242,11,145,231,20,145,100,247,74,221,176,3,150,1,242,38,113,221,71,200,58,193,73,39,252,76,172,32,131,115,44,191,18,229,120,203,94,49,236,25,153,41,145,241,98,251,89,190,23,144,251,111,203,37,244,90,218,227,73,223,76,249,76,223,178,5,152,107,254,57,42,219,69,223,50,154,55,125,232,74,175,37,156,91,51,129,90,174,54,231,160,51,134,25,169,49,150,172,18,139,30,241,68,149,227,115,212,107,158,71,174,234,79,218,60,190,70,35,209,75,223,59,129,7,105,235,120,218,62,128,8,100,236,69,173,57,141,95,57,143,22,175,41,129,225,97,193,84,160,73,221,141,58,141,96,243,70,217,172,63,250,107,140,14,146,244,84,216,56,169,25,109,241,9,129,111,150,7,125,254,36,225,116,199,90,45,128,19,230,17,194,46,103,192,77,174,10,148,232,114,218,82,162,23,222,160,22,143,98,245,72,158,224,69,157,77,250,77,32,179,74,214,47,190,30,37,234,78,206,61,141,20,107,238,16,254,118,187,47,53,228,92,166,63,168,232,102,212,78,142,8,154,234,125,132,29,128,0,149,228,106,212,1,161,15,147,228,80,148,96,214,79,34,181,8,217,39,143,16,47,232,72,176,63,143,26,109,236,18,164,54,143,94,99,193,71,166,52,147,226,101,147,122,166,12,145,206,114,220,50,160,36,146,228,76,215,110,251,62,154,226,73,209,40,191,50,118,242,75,201,53,193,95,37,188,73,183,59,139,15,103,206,90,239,59,129,236,58,172,25,236,127,210,165,56,139,30,184,2,215,254,100,192,38,254,8,144,227,11,149,54,230,78,35,224,70,216,33,133,81,38,237,68,218,60,239,88,43,190,17,228,119,202,93,48,131,22,233,46,138,246,96,218,85,196,65,212,167,58,141,96,243,70,156,226,123,184,101,248,75,222,177,4,151,106,187,31,113,182,64,216,99,194,3,40,242,64,225,36,134,19,127,211,27,167,53,128,86,50,193,87,193,126,209,164,55,138,29,240,67,214,169,60,143,43,179,72,143,247,81,209,111,172,68,32,174,27,153,110,171,19,103,244,78,156,113,133,25,110,189,68,186,38,140,84,121,249,7,149,114,206,188,41,135,24,185,1,145,234,124,142,31,179,11,156,171,106,222,42,162,7,159,245,81,158,63,135,93,95,187,125,200,43,147,61,99,179,13,253,110,198,41,34,202,65,160,42,162,26,49,208,95,175,51,250,163,54,137,28,239,66,213,168,59,142,97,244,71,218,173,0,251,104,139,9,143,254,76,219,42,151,21,36,170,10,212,52,233,86,41,188,15,226,117,200,91,46,129,20,231,122,205,160,51,238,23,133,49,132,224,118,223,81,163,29,223,252,70,131,30,255,99,220,175,2,149,104,251,78,33,180,7,154,109,133,29,98,147,12,159,114,197,88,43,190,17,161,57,142,119,48,131,22,233,57,129,230,60,162,27,238,65,212,229,115,195,36,251,20,156,252,115,219,38,185,24,222,240,74,211,106,175,21,115,250,64,223,46,145,79,78,242,64,165,18,142,8,126,212,112,174,48,128,27,58,135,106,174,46,157,237,116,203,110,181,23,212,160,48,143,36,160,6,152,250,72,219,41,242,4,100,191,6,201,45,171,26,41,184,93,223,61,145,18,35,151,16,227,118,201,92,47,130,21,161,61,206,245,123,212,78,191,9,157,225,49,197,91,251,69,134,182,62,197,43,164,30,143,249,77,209,97,148,65,80,240,88,215,39,130,21,78,254,4,224,60,148,89,98,240,70,229,16,197,55,127,210,82,164,41,159,241,111,237,93,187,3,213,231,105,142,53,173,23,159,165,80,210,50,177,69,223,236,24,152,105,170,16,102,251,79,159,112,151,30,108,242,37,226,117,200,91,46,129,20,231,122,205,160,51,212,92,184,42,128,235,18,139,30,241,68,215,170,61,144,38,184,13,246,175,2,149,104,251,78,33,180,75,213,46,129,31,38,235,67,208,38,197,69,43,214,31,141,57,156,24,126,215,89,187,37,171,227,97,201,49,238,65,212,167,58,141,96,243,0,150,254,63,219,101,229,75,207,189,4,148,58,188,4,107,182,4,156,126,194,17,103,145,14,225,116,199,90,45,128,19,230,121,204,95,123,195,24,191,39,129,225,63,216,82,191,23,173,249,125,219,42,142,1,166,211,8,148,57,231,77,34,231,71,219,32,186,80,37,236,67,219,63,238,87,42,189,16,227,118,201,92,47,130,21,232,123,206,161,52,213,85,162,20,168,246,120,216,87,137,12,165,214,62,140,100,172,23,247,176,3,150,105,252,79,34,181,8,155,110,193,17,105,254,39,224,115,198,89,44,191,18,229,120,203,94,49,214,88,165,41,208,190,54,219,83,160,22,174,248,122,218,41,143,14,167,208,42,147,102,249,76,223,178,5,152,46,176,21,14,183,10,157,112,195,86,41,188,70,164,117,203,11,111,213,92,231,100,205,176,51,210,81,169,49,248,165,56,139,30,241,68,215,170,61,144,99,246,27,147,224,86,238,56,186,26,105,207,4,202,44,148,27,91,196,12,130,114,147,25,103,235,84,206,119,202,93,48,131,22,233,124,207,162,53,136,115,224,40,154,241,127,195,52,188,20,128,164,87,156,12,182,29,155,255,80,216,56,164,52,98,226,72,149,69,194,85,40,187,14,225,116,199,31,99,196,57,230,121,204,95,119,203,92,226,84,148,234,115,160,91,165,13,149,253,117,192,44,245,32,213,221,85,219,55,138,1,97,234,68,216,47,180,90,119,253,74,205,62,138,94,0,189,16,227,118,161,82,92,199,71,161,58,130,161,41,135,114,227,51,150,244,112,205,83,242,78,216,186,20,145,100,247,74,181,190,115,218,40,165,6,108,242,8,134,110,135,21,107,233,72,202,115,198,89,44,215,28,150,61,159,45,101,197,67,191,46,216,161,91,200,95,189,13,215,164,59,220,36,181,20,149,227,0,220,52,249,78,175,254,68,193,41,191,18,111,183,89,201,63,147,6,108,248,13,235,95,141,21,106,171,82,178,52,142,244,122,201,87,236,23,220,210,121,194,74,132,10,131,227,113,152,37,184,69,220,252,71,214,39,181,10,114,184,7,201,40,146,26,103,245,5,181,114,197,88,43,242,94,167,54,134,93,116,198,87,173,48,134,236,112,136,6,238,18,145,228,117,195,36,160,70,152,226,123,146,109,183,24,208,242,72,216,41,182,88,42,182,2,156,60,135,22,103,245,74,178,125,199,21,127,128,94,167,45,132,81,122,208,95,174,84,209,164,55,138,79,181,19,147,232,104,165,98,245,72,219,174,1,148,103,179,11,32,253,73,205,108,151,92,87,237,69,208,56,138,16,42,242,66,227,30,199,47,106,208,92,169,55,206,255,41,135,73,168,18,154,231,117,140,80,160,69,150,228,106,145,12,249,58,145,241,90,223,39,187,79,109,231,8,213,33,149,84,79,180,108,163,39,143,15,105,183,27,229,44,131,27,127,174,23,234,125,208,163,54,137,28,239,66,213,168,105,203,53,161,21,148,173,70,210,42,170,9,211,178,7,251,42,176,18,97,251,70,216,52,195,89,41,241,78,182,54,128,91,107,207,80,162,62,207,138,51,134,25,236,127,210,165,56,206,80,181,110,215,170,61,144,99,246,73,220,230,68,149,46,181,70,40,180,83,210,40,142,121,38,185,12,159,114,197,88,43,190,17,228,119,152,24,100,214,68,167,124,155,240,96,205,49,238,65,212,167,58,141,96,243,3,151,232,21,146,101,248,75,222,177,4,151,62,188,3,104,184,94,221,38,150,93,56,181,31,232,94,199,90,45,128,70,168,45,133,19,50,202,75,229,61,157,235,116,193,21,249,67,200,180,60,203,39,180,12,151,231,79,209,77,250,77,32,179,84,220,56,170,0,107,184,77,223,61,151,18,38,189,18,151,63,132,25,107,130,90,189,47,206,246,117,206,78,164,14,148,166,127,195,77,242,6,151,229,120,216,54,186,11,137,249,76,216,107,214,10,108,241,34,150,99,193,57,104,244,72,185,115,145,24,101,235,65,229,57,153,27,49,202,88,190,125,131,230,100,223,89,189,66,148,235,112,192,46,163,11,159,233,71,214,43,188,2,139,225,5,217,37,186,81,105,226,89,201,112,144,3,123,234,70,180,48,200,8,98,206,67,231,51,131,227,124,203,92,226,85,148,240,118,200,74,184,11,153,170,85,158,20,183,0,136,201,87,219,44,168,70,98,251,84,206,11,142,95,38,234,73,220,61,139,28,120,178,17,183,50,152,20,113,207,26,233,61,140,246,124,199,85,130,0,150,226,118,132,74,243,70,217,172,109,215,49,173,25,144,177,108,153,29,188,25,119,195,71,200,38,142,93,110,238,64,162,32,142,21,99,136,26,204,121,204,95,50,133,24,235,126,157,235,116,203,81,240,0,153,250,104,143,127,245,28,148,224,84,217,37,191,31,40,240,73,202,56,153,28,45,177,2,158,62,150,87,58,151,16,227,118,201,92,47,130,21,164,52,141,224,120,135,89,172,19,155,166,36,140,119,252,38,153,248,118,153,109,221,74,221,176,3,150,105,252,79,107,243,8,216,47,146,28,39,164,16,224,48,137,10,120,191,70,173,61,133,116,49,132,23,234,125,208,163,54,137,28,239,66,135,237,111,219,51,186,71,142,255,85,214,76,249,76,223,178,5,152,107,254,20,106,243,32,157,112,195,86,41,188,15,226,29,198,40,107,213,103,179,59,153,245,96,142,27,129,62,145,247,119,137,18,241,23,131,248,116,222,36,248,15,147,253,79,212,60,243,76,36,231,7,198,109,151,18,111,237,69,209,53,197,30,100,236,17,169,56,132,24,105,153,22,236,47,207,173,53,141,72,236,77,212,230,121,217,41,188,8,181,237,125,215,41,244,75,157,240,87,223,102,253,19,108,229,93,149,102,232,85,40,187,14,225,116,199,90,127,197,71,179,43,130,95,116,196,84,184,59,251,164,55,138,29,181,13,146,165,60,220,39,182,7,149,234,82,152,103,169,8,114,250,71,213,101,213,23,107,252,33,216,36,138,20,126,244,95,173,118,161,82,73,203,91,172,11,130,224,119,194,87,168,14,135,174,120,207,75,187,10,150,167,62,212,60,180,6,136,244,70,210,96,214,79,34,181,8,215,33,130,21,107,186,93,175,32,198,68,44,201,87,166,44,132,12,34,138,89,175,42,216,226,117,221,85,160,12,219,203,93,220,32,185,2,161,188,125,159,102,184,15,139,251,74,214,101,157,55,118,246,71,216,11,209,43,37,188,78,161,33,129,20,96,143,119,129,40,140,237,118,253,10,145,118,248,165,56,139,30,189,11,148,235,113,144,32,183,7,152,230,70,212,60,190,29,33,169,7,193,48,234,83,38,185,12,217,61,151,88,84,178,17,176,119,131,19,48,202,70,168,53,157,241,61,224,21,129,22,154,226,126,133,105,250,70,157,227,21,146,101,248,75,222,177,4,151,38,178,19,98,250,9,204,111,223,85,64,181,126,174,39,142,14,100,207,93,238,45,197,117,50,133,24,235,126,209,164,55,195,91,240,13,153,253,60,202,58,182,4,142,234,68,208,28,174,67,73,247,123,153,45,177,22,37,236,5,240,48,137,18,42,160,13,227,55,138,8,102,205,91,230,21,143,236,113,135,91,163,4,211,246,57,205,81,182,69,208,251,62,156,100,167,5,142,185,13,251,40,187,1,107,225,93,223,43,193,72,39,171,13,180,59,131,23,6,191,18,229,120,203,94,49,132,23,234,125,208,247,119,203,80,170,76,156,230,104,203,51,160,79,153,236,78,215,47,189,13,139,247,86,148,107,165,81,80,248,93,216,34,195,75,41,232,3,226,17,129,8,122,192,90,164,63,205,189,51,142,73,236,114,210,245,119,216,23,255,41,150,237,115,217,55,163,13,153,175,95,156,66,251,78,33,180,7,154,109,192,22,104,253,38,159,114,197,88,110,240,85,206,119,202,93,48,215,87,171,48,138,172,102,199,73,186,73,151,230,116,201,41,183,7,141,233,108,158,101,190,30,144,242,80,222,37,179,88,98,186,9,222,102,232,85,40,187,14,225,116,199,90,127,197,71,179,43,130,95,115,139,124,162,45,133,229,121,201,88,240,95,214,235,50,235,43,166,28,154,224,66,209,77,250,77,32,179,67,215,40,246,120,37,184,11,158,56,130,87,41,254,81,173,50,128,24,110,214,80,187,123,208,161,37,135,91,163,4,211,235,120,216,87,252,4,154,248,54,210,37,185,14,148,244,66,194,44,175,52,51,200,6,255,39,146,0,102,244,78,165,115,203,89,111,254,92,161,49,143,31,101,193,68,145,111,173,173,82,192,79,187,3,155,235,126,135,97,232,71,202,163,16,134,102,173,4,154,252,47,152,107,254,81,36,183,10,157,34,134,2,124,238,65,226,59,129,23,34,129,22,151,54,140,227,118,194,25,184,48,133,224,106,139,87,181,1,153,254,116,196,58,246,0,143,175,67,216,42,178,9,116,251,82,201,111,234,83,38,185,12,218,60,129,114,43,190,17,228,37,143,9,101,209,88,233,63,142,236,113,193,95,175,21,145,244,65,156,29,243,7,151,232,63,209,36,182,15,151,245,69,195,47,174,43,50,203,7,232,32,149,16,122,145,75,175,48,237,28,120,206,80,178,48,131,17,50,237,22,138,61,133,237,120,196,111,181,2,146,240,52,206,33,161,1,148,224,13,148,52,174,12,114,231,67,221,96,255,31,106,252,78,151,91,196,87,42,189,92,172,53,136,16,47,207,90,166,62,151,161,41,135,114,227,35,146,245,113,132,22,242,91,197,171,54,197,43,185,31,144,242,70,196,97,189,12,118,252,71,213,96,162,27,116,238,4,224,60,148,89,60,182,56,229,120,203,94,120,194,23,167,50,148,230,54,148,1,239,64,161,225,118,203,99,244,19,146,232,78,185,102,249,76,223,178,5,152,107,172,20,112,226,88,211,112,140,5,39,255,67,173,54,131,83,39,129,25,231,41,153,225,97,210,92,168,127,204,184,56,131,74,190,10,130,231,127,213,49,254,8,159,251,75,218,38,245,58,104,249,66,147,109,143,1,38,169,5,181,114,197,88,43,251,95,160,93,202,93,48,131,95,175,124,130,237,113,205,27,243,92,212,165,87,194,46,182,31,219,172,107,218,32,182,97,222,177,4,151,106,253,80,35,228,76,200,58,144,27,40,246,65,175,49,158,112,45,128,19,230,60,130,27,24,133,24,235,126,131,225,99,223,79,190,67,190,167,75,206,52,176,64,210,174,31,137,103,242,25,111,253,83,212,46,186,0,45,249,72,202,56,139,25,36,202,81,181,51,192,92,96,208,21,248,114,206,224,122,195,26,160,15,157,227,96,166,90,188,1,242,237,107,223,39,163,3,146,254,3,254,103,143,10,118,193,71,220,41,141,17,47,241,72,185,127,198,15,109,243,71,160,113,225,94,49,132,23,166,50,147,226,122,137,75,166,6,146,237,111,142,124,244,47,212,218,73,215,33,188,24,140,201,78,221,50,131,123,36,183,10,157,57,133,86,103,243,91,226,34,129,31,105,196,64,231,46,133,229,125,172,25,236,127,210,165,56,139,30,163,1,131,255,111,222,73,246,73,220,175,71,219,44,209,78,33,180,7,242,99,163,27,103,247,75,214,60,130,44,100,249,86,168,50,202,64,48,215,68,188,57,229,162,53,136,27,190,2,149,235,118,133,38,166,8,154,248,118,221,43,240,66,244,177,4,151,106,253,80,35,182,94,213,43,133,16,124,161,125,164,32,207,12,108,204,70,163,112,230,95,50,133,24,174,48,149,173,29,138,29,240,67,190,167,95,199,35,187,15,146,224,70,224,40,189,10,108,246,6,132,108,185,19,105,235,78,180,52,138,19,0,251,69,173,53,157,21,96,204,21,128,117,189,245,117,213,78,157,12,146,255,123,205,92,185,77,209,129,62,145,100,247,3,155,176,107,152,25,176,14,123,252,70,220,110,142,6,39,210,3,146,54,133,22,126,251,91,171,63,203,10,121,193,89,192,125,208,163,54,137,28,239,66,189,166,85,193,53,189,1,131,165,2,224,50,182,28,223,230,77,221,107,191,18,112,254,92,216,112,142,23,106,238,64,226,51,129,9,125,213,22,238,80,205,160,51,134,25,236,127,210,247,125,223,75,163,10,215,236,124,220,48,179,99,220,175,2,149,45,181,10,11,180,7,154,109,137,21,38,247,67,203,114,173,86,74,253,69,173,33,143,85,57,131,66,161,57,129,136,53,136,27,238,65,212,167,58,229,110,128,3,141,223,107,211,49,173,24,214,179,105,214,41,175,31,33,186,9,158,24,131,28,124,242,64,166,116,129,21,127,128,94,167,45,143,23,50,138,24,162,48,133,225,101,199,84,163,16,159,230,114,141,107,223,72,219,174,1,148,103,250,77,114,246,82,204,62,177,82,99,249,71,205,52,200,87,40,234,81,170,34,203,118,47,130,21,232,62,128,229,30,135,26,237,64,154,224,57,228,17,147,16,140,228,62,208,42,179,74,181,190,98,195,61,179,65,64,224,91,194,102,200,84,115,242,72,174,89,198,89,44,191,18,229,120,203,54,63,247,82,190,14,132,226,98,220,79,231,64,184,233,120,220,46,246,75,218,175,119,210,47,173,5,145,245,5,222,36,172,81,107,226,94,206,36,130,24,109,245,65,165,117,169,14,122,206,20,151,54,140,249,51,212,92,189,42,151,246,108,216,28,248,110,215,170,61,144,99,246,73,220,253,71,193,61,169,0,33,242,70,214,62,133,95,38,187,91,222,59,145,90,1,190,17,228,119,143,19,116,169,22,233,124,207,238,122,203,90,162,65,132,245,117,203,41,191,3,217,177,63,250,107,138,14,159,245,12,255,100,155,25,111,243,1,239,97,178,7,103,253,71,173,49,206,83,7,128,19,230,121,133,25,50,203,87,191,126,185,170,65,203,81,185,7,166,251,115,201,43,185,13,211,254,83,219,33,179,1,101,186,6,214,62,255,81,117,234,68,216,56,136,18,36,220,83,183,63,134,18,124,130,8,245,123,222,161,96,207,95,163,106,211,166,57,140,31,242,69,216,195,48,255,43,163,3,155,233,11,148,26,185,3,103,246,92,222,42,193,25,102,249,95,175,115,143,10,44,250,95,181,44,146,94,126,214,23,163,51,134,226,122,192,88,237,75,255,168,59,142,97,244,71,218,173,82,214,50,172,30,145,178,67,217,39,173,20,14,183,10,157,112,134,24,109,150,15,226,117,200,51,32,237,91,166,62,136,228,67,212,86,170,54,158,224,56,150,30,161,22,152,236,116,220,38,220,73,220,175,2,253,102,151,11,96,230,73,234,63,143,21,111,245,73,252,61,150,12,120,182,65,182,56,140,20,124,198,31,195,124,207,162,53,196,84,173,0,152,167,121,216,50,161,3,151,248,63,143,101,144,69,189,228,86,197,47,179,4,78,247,89,148,102,232,85,40,187,14,168,50,199,20,98,212,19,165,44,158,13,119,203,76,235,42,153,225,121,160,29,240,67,214,169,60,143,98,157,70,168,235,85,231,51,187,25,117,224,14,155,1,190,17,119,247,9,146,113,198,32,107,244,68,170,56,142,92,105,205,71,232,54,143,241,52,208,91,180,16,156,239,119,216,76,240,76,242,171,62,145,100,247,74,221,176,81,211,61,169,29,108,181,78,218,34,146,17,43,186,15,183,50,143,13,46,149,18,229,120,203,27,127,192,61,234,125,208,163,127,207,28,191,16,154,238,114,194,36,250,42,155,253,0,210,40,189,76,143,224,74,222,34,178,20,42,218,75,205,112,157,75,41,255,90,176,39,141,21,122,129,64,175,63,131,138,51,134,25,236,127,210,165,56,227,16,159,11,131,227,123,201,107,244,36,157,236,80,218,104,182,15,113,180,67,211,43,134,22,116,234,12,217,32,138,21,43,253,68,182,37,143,19,100,131,91,168,44,212,162,101,196,90,183,3,149,228,113,141,51,167,9,137,252,122,214,103,241,97,222,177,4,151,106,253,80,35,228,76,200,58,144,27,40,253,79,173,39,130,112,45,128,19,230,60,130,27,24,133,24,235,126,185,170,95,211,89,162,2,130,236,52,134,72,245,72,219,174,77,219,36,187,1,32,254,73,221,41,243,82,113,241,70,219,62,145,3,42,160,16,144,120,185,16,110,219,87,169,56,133,204,123,195,95,225,64,160,168,88,207,75,187,10,150,223,119,220,33,184,31,137,154,3,150,105,252,6,100,181,69,212,42,132,84,121,167,13,226,30,137,23,105,230,16,229,57,133,26,49,140,67,165,51,133,238,116,204,78,231,18,135,231,125,199,45,177,73,187,238,84,218,41,183,31,164,163,120,150,28,191,7,97,190,10,210,34,195,70,32,188,17,226,101,200,26,96,197,20,143,116,186,225,101,195,17,229,127,206,165,41,139,74,185,1,153,128,61,144,99,246,73,220,175,2,253,102,136,11,117,199,83,219,57,149,0,46,187,97,222,49,151,23,41,178,17,230,7,134,28,105,193,87,170,55,207,227,103,197,94,170,91,212,240,123,196,52,186,8,158,172,121,221,55,248,28,159,231,65,151,123,255,89,9,182,9,156,111,194,85,40,187,92,164,32,146,8,99,128,85,167,53,159,26,62,133,26,188,63,152,240,53,160,29,240,67,214,236,114,203,72,245,72,219,174,105,154,23,182,12,121,241,71,218,39,153,19,108,244,94,204,52,196,74,42,243,89,175,92,201,92,47,130,125,230,11,130,224,109,206,84,170,64,206,166,109,222,74,183,111,216,171,62,145,12,249,57,152,226,74,215,37,252,82,34,221,6,232,43,147,29,102,246,13,235,115,215,115,44,191,18,229,49,141,94,66,138,118,191,41,159,211,122,200,69,173,3,150,227,59,218,41,177,9,240,173,0,147,102,249,76,223,178,109,150,10,171,5,107,199,70,220,41,134,18,41,161,15,182,39,157,30,4,129,20,231,122,136,238,119,172,25,236,127,210,233,119,200,95,189,68,132,239,111,217,34,186,73,193,175,106,155,27,190,28,104,245,75,176,109,192,83,38,245,67,220,51,137,88,120,234,80,182,35,202,64,48,204,69,231,63,131,237,118,195,19,231,107,212,167,58,141,44,188,5,152,224,63,192,32,190,24,222,172,4,204,55,215,80,35,182,9,208,32,129,20,100,187,77,173,53,142,23,104,196,19,251,121,151,2,24,133,24,235,126,157,235,116,203,81,240,5,131,231,120,220,22,188,5,158,225,84,192,103,231,77,116,250,75,220,35,170,6,15,184,11,158,113,141,17,42,240,95,167,51,201,65,50,130,23,133,52,128,228,109,133,26,185,8,150,232,19,140,31,242,69,216,171,62,145,34,162,4,153,227,119,223,36,185,0,119,225,8,134,110,143,29,107,144,13,224,115,198,28,98,251,56,229,120,203,94,60,137,23,136,60,131,230,122,192,82,170,66,152,253,104,218,97,182,2,218,238,65,195,50,172,30,154,246,5,218,46,184,30,118,242,10,220,62,154,86,123,249,94,183,48,155,15,53,129,90,162,44,136,242,51,196,80,162,59,210,228,56,219,76,180,73,146,242,116,195,55,191,7,155,175,86,218,63,190,28,47,158,7,154,109,192,21,105,235,12,224,126,197,12,43,247,95,228,62,154,28,121,209,69,225,20,193,205,98,198,94,170,73,221,174,58,201,47,217,70,217,172,63,146,101,248,75,157,253,69,222,39,184,20,88,226,7,245,43,191,85,53,187,90,179,33,130,112,45,128,19,230,60,130,27,24,133,24,235,126,133,229,100,193,19,163,19,151,254,114,135,36,160,6,152,250,72,219,41,242,68,10,179,6,153,108,255,82,37,184,71,209,50,133,27,42,237,88,162,37,140,80,47,195,86,188,50,129,239,88,198,88,168,12,211,187,57,142,76,166,4,138,255,119,223,35,245,70,221,178,78,215,42,174,0,32,159,8,155,110,193,84,39,186,13,172,60,133,24,96,191,93,174,116,203,27,99,214,23,247,125,128,224,119,197,80,231,4,128,230,120,218,40,187,9,210,164,42,147,102,249,76,223,178,5,152,107,254,81,36,241,69,207,112,138,24,109,249,87,238,117,137,91,103,207,20,174,42,140,233,97,213,17,188,45,157,227,113,199,91,255,37,148,254,116,223,45,165,64,220,235,77,191,104,251,78,33,180,7,154,109,192,83,38,185,12,159,114,197,25,104,234,88,171,57,166,28,114,198,90,233,97,229,162,53,136,27,238,65,212,167,58,141,96,243,70,217,172,63,146,101,248,75,141,229,86,222,36,186,94,101,249,91,209,46,150,93,42,218,77,181,61,136,20,45,133,87,233,124,136,95,110,133,29,184,126,212,247,53,134,29,185,13,146,236,100,131,98,246,24,137,225,71,221,43,191,67,65,240,82,208,35,177,1,41,184,74,144,26,141,25,110,177,16,162,120,167,29,98,199,21,167,41,206,224,58,236,95,180,73,249,166,57,140,31,242,69,216,171,62,145,100,247,74,221,176,3,198,33,189,28,103,181,21,155,108,150,21,110,238,68,174,52,198,31,99,237,18,181,52,138,7,115,197,84,161,125,147,236,120,205,85,187,11,154,230,57,164,97,244,71,218,173,0,147,102,249,76,223,178,5,152,107,254,57,42,196,79,201,3,151,23,125,233,92,234,95,200,91,46,129,20,231,122,205,160,51,134,25,236,127,210,165,56,139,30,241,70,186,235,126,194,44,244,69,246,175,2,149,104,251,78,33,180,7,154,109,192,83,38,185,12,159,114,197,88,120,234,67,173,57,141,83,118,204,68,164,61,155,170,55,248,87,175,24,157,233,125,141,101,160,92,217,169,123,157,96,188,75,130,177,1,196,104,241,80,80,184,121,206,32,132,28,100,254,2,225,61,137,30,104,216,31,230,122,156,13,125,195,81,167,59,223,197,116,222,84,191,13,133,165,60,206,108,158,1,149,234,8,190,103,250,77,32,179,6,153,108,255,82,37,184,11,158,113,196,94,0,189,16,227,118,201,92,47,130,21,232,123,206,161,52,135,26,133,78,163,234,120,213,93,179,6,147,194,112,213,33,175,74,192,176,74,216,45,185,23,8,181,8,155,110,193,84,39,186,13,224,115,198,89,44,191,18,141,118,187,18,112,221,85,171,62,155,215,121,221,93,163,66,200,168,56,222,51,187,1,147,225,69,157,7,186,24,150,253,75,203,65,254,81,36,183,10,157,112,195,86,41,188,15,226,117,200,91,98,206,87,166,54,205,231,114,210,92,152,54,159,224,119,222,74,241,89,215,231,114,212,38,246,84,193,175,0,225,33,182,11,35,158,7,154,109,192,83,38,185,12,159,114,197,88,43,190,17,228,119,202,93,48,131,22,233,124,142,236,113,136,86,175,21,156,169,119,204,56,251,18,144,225,122,221,48,172,71,222,240,10,227,35,176,21,35,187,9,148,32,145,91,107,247,65,162,63,207,83,45,141,19,181,45,141,13,102,140,24,224,126,133,237,122,207,82,165,23,223,131,60,143,98,245,72,219,174,1,148,103,250,77,32,179,6,153,108,255,82,37,247,89,158,37,141,26,111,242,69,183,92,201,92,47,130,21,232,123,206,161,52,135,26,237,64,211,166,117,195,92,179,9,216,249,123,208,32,174,70,221,231,75,207,105,225,79,118,231,93,222,98,193,26,110,246,39,224,115,198,89,44,191,18,229,120,203,94,49,132,23,234,125,221,174,54,228,83,161,7,140,168,115,207,50,244,9,149,173,82,214,37,182,30,155,247,65,152,8,177,2,112,184,125,220,38,134,89,93,245,66,167,117,143,26,122,196,26,231,31,140,227,123,134,74,188,58,156,225,113,197,89,241,5,148,254,116,223,45,220,73,220,175,2,149,104,251,78,33,180,7,154,109,192,83,38,180,1,159,48,128,20,100,233,17,167,63,143,30,123,208,22,160,40,156,162,118,221,73,188,4,154,243,58,221,50,186,5,156,183,63,230,36,170,12,155,229,11,228,47,177,28,35,243,81,217,44,151,1,109,187,71,172,57,130,30,100,193,71,163,53,149,81,24,133,24,235,126,209,164,55,138,29,240,67,214,169,60,143,98,188,14,219,227,78,208,34,250,19,61,179,4,244,35,177,23,124,186,11,202,57,129,25,0,189,16,227,118,201,92,47,130,21,232,123,206,161,52,135,26,237,64,211,166,107,201,94,182,28,212,171,105,217,61,247,87,221,216,13,225,40,181,27,87,251,92,210,34,201,18,114,244,78,180,58,137,23,36,182,56,229,120,203,94,49,132,23,234,125,208,163,54,137,28,239,66,213,168,59,142,97,244,71,218,255,69,199,51,171,2,223,218,11,249,40,170,24,107,249,120,216,49,135,15,33,253,3,226,38,156,26,124,213,24,231,55,130,228,118,143,51,236,127,210,165,56,139,30,241,68,215,170,61,144,99,246,73,220,175,2,149,45,181,10,45,180,64,219,57,133,39,111,244,73,208,39,145,84,43,237,84,182,62,139,17,57,169,22,233,124,207,162,53,136,27,238,65,212,167,58,141,96,243,70,217,172,63,211,54,171,14,140,229,12,197,47,188,20,122,186,9,158,31,142,20,113,249,79,162,63,199,25,98,206,87,175,45,133,16,124,133,86,164,42,209,246,114,203,94,184,6,146,169,52,216,35,163,13,219,161,1,192,46,183,8,32,188,6,212,35,177,23,124,177,9,151,91,196,87,42,189,16,227,118,201,92,47,130,21,232,123,206,161,113,201,94,199,64,211,166,57,140,31,242,69,216,171,62,145,100,247,74,221,249,69,150,40,242,36,107,251,76,155,115,220,84,37,202,65,161,48,131,91,44,235,90,160,54,225,94,49,132,23,234,125,208,163,54,137,28,239,66,213,168,59,142,97,244,71,150,226,67,210,42,249,25,145,251,81,148,107,171,31,109,227,120,216,49,144,25,103,188,18,226,29,198,41,107,210,91,171,44,136,213,125,207,77,228,62,219,143,56,139,30,241,68,215,170,61,144,99,246,73,220,175,2,149,104,251,78,33,245,84,201,40,146,7,46,147,12,159,114,197,88,43,190,17,228,119,202,93,48,131,22,233,124,207,162,53,136,27,238,65,129,233,115,217,108,217,70,217,172,63,146,101,248,75,222,177,4,151,106,253,80,35,182,9,156,111,194,85,40,187,91,175,61,147,40,104,193,64,169,55,230,95,50,133,24,235,126,209,164,55,138,29,240,67,214,169,60,143,98,245,72,219,174,1,148,103,250,77,32,252,84,153,100,213,82,37,184,11,158,113,196,87,42,189,16,227,118,201,92,47,130,21,232,123,206,161,52,135,26,237,64,211,166,57,140,31,240,38,153,229,112,222,48,247,24,152,227,76,218,63,185,79,103,228,93,210,62,145,17,99,186,88,174,58,146,67,44,189,56,229,120,203,94,49,132,23,234,125,208,163,54,137,28,239,66,213,168,59,142,97,244,71,218,173,0,147,102,249,76,223,178,11,150,107,191,95,74,246,71,216,90,195,86,41,188,15,226,117,200,91,46,129,20,231,122,205,160,51,134,25,236,127,210,165,56,139,30,241,68,215,170,61,144,109,248,73,222,180,2,199,45,189,28,100,231,79,154,33,143,18,98,246,89,203,114,202,88,110,239,68,173,39,202,9,120,198,22,187,57,140,237,103,204,94,170,65,129,233,115,217,98,217,70,217,172,63,146,101,248,75,222,177,4,151,106,253,80,35,182,9,156,111,194,85,40,187,14,225,116,199,83,7,128,19,230,121,204,95,50,133,24,235,126,209,164,55,138,29,240,67,214,169,53,165,98,245,72,219,174,1,148,103,250,77,32,179,6,153,108,255,82,37,184,11,206,57,133,4,111,189,13,227,116,158,29,102,214,92,166,60,206,231,123,213,26,189,12,146,229,124,193,90,188,17,216,230,113,223,33,174,72,247,176,3,150,105,252,79,34,181,8,155,110,193,84,39,186,13,224,115,198,89,126,250,83,161,33,199,94,102,204,78,234,96,208,203,56,254,93,166,22,179,253,117,202,50,252,1,143,227,67,199,47,182,2,215,187,47,152,107,254,81,36,183,10,157,112,195,86,41,188,15,226,117,200,91,46,129,20,231,122,205,242,118,210,76,190,49,210,205,54,254,80,184,16,180,229,110,196,107,183,71,178,238,79,208,100,251,38,47,193,73,211,57,147,40,115,247,69,203,15,204,88,100,236,17,165,121,169,18,99,215,22,166,46,207,178,31,136,27,238,65,212,167,58,141,96,243,70,217,172,63,146,101,248,75,222,177,65,217,46,241,80,101,227,71,216,60,182,28,101,254,65,180,32,203,90,126,197,65,175,56,128,83,50,196,91,191,55,158,234,91,203,95,181,15,223,131,60,143,98,245,72,219,174,1,148,103,250,77,32,179,6,153,108,255,82,37,249,88,205,52,150,3,34,239,85,162,50,144,80,47,213,93,177,114,228,161,52,135,26,237,64,211,166,57,140,31,242,69,216,171,62,145,100,247,74,141,248,66,197,44,252,82,34,183,91,222,32,133,29,105,253,13,176,63,135,26,105,242,87,171,44,201,116,49,132,23,234,125,208,163,54,137,28,239,66,213,168,59,142,97,244,71,218,225,79,208,39,181,76,156,244,5,133,107,157,55,118,246,71,216,126,141,19,126,180,90,172,37,137,24,101,137,85,233,25,171,242,114,203,92,229,118,248,165,56,139,30,241,68,215,170,61,144,99,246,73,220,175,2,149,104,251,78,109,251,68,219,33,192,0,99,247,88,147,114,149,10,100,252,93,161,58,202,64,26,131,22,233,124,207,162,53,136,27,238,65,212,167,58,141,96,243,70,217,172,63,146,101,248,35,208,215,77,197,47,245,82,87,249,94,217,61,163,17,108,185,2,225,47,199,52,108,205,86,230,100,204,30,60,235,89,166,59,221,164,66,196,84,164,42,146,169,33,143,55,187,1,143,162,1,228,40,169,77,61,179,69,223,98,143,29,118,241,95,215,62,138,91,42,222,118,177,55,132,25,47,159,21,171,61,206,252,61,173,26,237,64,211,166,57,140,31,242,69,216,171,62,145,100,247,74,221,176,3,215,58,175,10,112,225,0,200,43,143,0,43,186,93,178,60,132,21,105,242,27,207,120,203,94,49,132,23,234,125,208,163,54,137,28,239,66,213,168,59,142,97,164,15,155,254,69,147,123,249,78,136,243,76,204,34,176,22,36,241,69,207,112,183,25,126,249,93,131,49,140,91,109,206,90,161,51,159,237,114,210,80,163,49,208,143,56,139,30,241,68,215,170,61,144,99,246,73,220,175,2,149,104,251,78,33,248,72,217,44,140,83,96,246,89,209,54,201,88,98,250,84,170,35,131,9,105,230,68,187,51,157,136,53,136,27,238,65,212,167,58,141,96,243,70,217,172,63,146,101,248,75,222,227,65,214,46,164,92,35,225,65,197,111,223,85,64,181,121,160,61,147,47,99,212,90,170,113,138,10,124,198,76,162,49,159,172,62,160,29,240,67,214,169,60,143,98,245,72,219,174,1,148,103,250,77,32,179,6,153,108,255,82,99,247,94,208,53,200,87,99,249,85,173,34,128,8,118,231,71,186,52,156,161,41,135,114,227,38,154,232,125,252,83,179,6,157,230,123,223,48,255,11,209,176,64,218,40,181,2,103,241,1,177,110,193,84,39,186,13,224,115,198,89,44,191,18,229,120,203,94,49,132,23,234,125,208,163,100,204,72,186,16,155,168,125,193,52,186,3,218,243,29,147,40,176,0,223,253,87,152,34,186,20,106,227,67,201,41,166,4,123,243,93,226,43,213,91,96,200,88,205,122,205,160,51,134,25,236,127,210,165,56,139,30,241,68,215,170,61,144,99,179,7,152,163,2,132,120,247,78,114,241,85,211,44,140,90,12,185,12,159,114,197,88,43,190,17,228,119,202,93,48,131,22,233,124,207,162,116,219,72,171,19,128,175,116,194,52,243,15,157,233,113,198,44,172,18,187,227,86,216,56,241,80,106,242,76,210,59,139,1,113,222,92,179,59,149,83,7,128,19,230,121,204,95,50,133,24,235,126,209,164,55,138,29,240,67,214,169,125,220,49,176,26,143,166,83,209,38,190,20,44,179,4,233,32,190,17,96,245,78,208,37,196,2,100,254,95,173,48,128,14,98,199,81,243,123,157,245,123,215,74,168,4,211,242,118,140,94,164,10,145,239,62,213,49,167,6,148,243,66,194,44,252,31,110,244,75,222,35,132,26,115,233,15,233,89,198,89,44,191,18,229,120,203,94,49,132,23,234,125,208,163,54,137,28,239,16,144,238,104,245,32,250,44,159,244,125,147,123,249,10,144,231,75,220,101,151,21,14,183,10,157,112,195,86,41,188,15,226,117,200,91,46,129,20,231,122,205,160,112,202,88,165,50,151,225,67,205,81,164,10,147,164,84,212,30,246,84,220,251,80,192,45,209,78,33,180,7,154,109,192,83,38,185,12,159,114,197,88,43,251,93,183,50,224,93,48,131,22,233,124,207,162,53,136,27,238,65,212,167,58,141,96,243,70,149,227,124,211,41,248,2,154,177,25,151,56,184,22,112,205,72,146,4,135,12,85,145,14,225,116,199,90,45,128,19,230,121,204,95,50,133,24,235,126,209,164,55,198,82,179,2,154,169,104,143,127,245,1,159,174,64,218,35,250,37,46,199,73,206,41,173,1,94,241,79,227,91,196,87,42,189,16,227,118,201,92,47,130,21,232,123,206,161,52,135,26,237,1,128,245,124,222,75,250,17,212,171,60,252,45,164,25,148,254,68,150,59,185,12,109,231,76,222,42,193,0,104,237,72,178,115,196,89,34,177,18,164,118,160,27,104,141,61,234,125,208,163,54,137,28,239,66,213,168,59,142,97,244,71,218,173,0,147,47,191,76,158,188,110,209,37,186,81,57,170,10,159,5,147,17,123,253,75,167,119,200,15,102,196,90,205,122,205,160,51,134,25,236,127,210,165,56,139,30,241,68,215,170,61,144,99,246,73,220,175,85,221,33,183,11,33,188,83,213,35,149,30,100,252,94,151,38,203,52,110,232,84,168,126,202,18,98,131,7,224,124,211,162,116,134,119,171,23,145,235,58,201,47,217,70,217,172,63,146,101,248,75,222,177,4,151,106,253,80,35,182,9,156,111,194,85,40,187,14,225,116,199,22,98,195,82,170,121,142,26,116,202,74,174,126,204,164,99,197,83,165,14,148,236,110,135,54,251,36,158,248,68,216,110,250,2,114,179,23,179,108,255,82,37,184,11,158,113,196,87,42,189,16,227,118,201,92,47,130,21,232,123,206,161,52,135,26,237,16,155,231,106,201,31,239,69,218,252,127,216,48,190,4,154,176,69,217,59,252,26,114,242,90,218,42,132,84,106,245,67,165,42,196,115,44,191,18,229,120,203,94,49,132,23,234,125,208,163,54,137,28,239,66,213,168,59,142,97,244,71,218,173,82,214,39,189,21,211,178,82,208,50,254,76,36,223,4,234,49,138,2,79,233,65,166,38,192,29,123,207,87,179,51,130,238,59,143,51,236,127,210,165,56,139,30,241,68,215,170,61,144,99,246,73,220,175,2,149,104,251,78,33,180,7,154,109,192,83,38,185,94,218,38,144,10,101,190,121,234,2,154,26,98,194,82,172,31,128,241,97,128,79,231,65,155,245,58,204,110,144,9,138,248,63,221,55,248,91,244,177,4,151,106,253,80,35,182,9,156,111,194,85,40,187,14,225,116,199,90,45,128,19,230,121,204,95,50,192,86,175,114,209,226,98,196,89,163,55,159,228,121,192,55,161,68,219,253,68,198,46,187,1,44,179,71,218,56,182,29,107,212,74,220,52,136,94,0,189,16,227,118,201,92,47,130,21,232,123,206,161,52,135,26,237,64,211,166,57,140,31,242,69,216,171,62,208,55,164,15,143,228,11,196,44,189,11,123,185,8,204,38,152,93,13,186,13,224,115,198,89,44,191,18,229,120,203,94,49,132,23,234,125,208,163,54,137,28,239,66,213,168,59,222,41,181,20,159,173,29,147,100,170,9,145,246,76,214,44,254,4,116,240,88,220,52,134,84,3,188,15,226,117,200,91,46,129,20,231,122,205,160,51,134,25,236,127,210,165,56,139,30,241,68,215,170,61,220,44,181,8,144,175,81,208,38,175,66,33,228,85,213,47,140,22,107,185,17,159,26,203,62,98,236,84,236,117,190,18,103,198,68,156,44,136,240,116,204,94,236,77,212,252,58,228,36,243,91,217,229,123,146,56,241,97,222,177,4,151,106,253,80,35,182,9,156,111,194,85,40,187,14,225,116,199,90,45,128,19,230,121,204,95,115,214,75,174,44,133,172,100,207,83,164,79,214,249,110,192,32,185,13,150,167,43,148,103,250,77,32,179,6,153,108,255,82,37,184,11,158,113,196,87,42,189,16,227,118,201,92,47,130,21,184,51,143,242,113,135,7,237,66,132,231,112,216,86,188,2,216,237,113,195,100,131,5,138,245,81,227,57,187,29,99,241,77,155,45,142,26,97,243,95,173,50,146,16,99,241,16,207,120,203,94,49,132,23,234,125,208,163,54,137,28,239,66,213,168,59,142,97,244,71,218,173,0,147,102,249,30,154,243,65,193,103,254,6,108,238,10,128,112,171,88,94,253,70,182,0,134,15,103,205,28,161,47,131,227,103,207,86,162,119,219,143,56,139,30,241,68,215,170,61,144,99,246,73,220,175,2,149,104,251,78,33,180,7,154,109,192,83,38,185,12,159,114,197,12,43,163,17,140,121,190,18,103,198,68,186,7,134,230,72,162,27,238,65,212,167,58,141,96,243,70,217,172,63,146,101,248,75,222,177,4,151,106,253,80,35,182,9,156,111,194,85,40,233,75,181,33,149,20,45,212,19,167,55,136,95,58,209,87,165,43,156,230,114,216,21,164,77,186,236,106,202,46,252,72,148,252,1,133,110,250,83,32,241,67,223,35,173,23,15,184,11,158,113,196,87,42,189,16,227,118,201,92,47,130,21,232,123,206,161,52,135,26,237,64,211,166,57,201,81,182,73,216,186,46,157,100,164,15,143,249,66,218,96,214,79,34,181,8,155,110,193,84,39,186,13,224,115,198,89,44,191,18,229,120,203,94,49,132,23,234,125,208,226,101,218,89,189,22,221,250,126,207,37,173,75,218,175,117,195,33,171,13,155,247,5,205,37,189,30,106,241,67,207,61,134,18,50,188,95,174,52,145,25,111,194,95,231,41,153,239,99,214,92,168,125,219,143,56,139,30,241,68,215,170,61,144,99,246,73,220,175,2,149,104,251,78,33,180,7,154,109,133,29,98,147,12,159,114,197,88,43,190,17,228,119,202,93,48,131,22,233,124,207,162,53,205,87,189,4,157,225,58,204,110,152,15,151,232,63,143,120,248,73,170,240,86,208,47,169,82,35,226,65,217,33,232,85,40,187,14,225,116,199,90,45,128,19,230,121,204,95,50,133,24,235,126,209,164,55,138,91,191,17,214,214,60,146,98,228,68,219,191,19,148,35,181,103,32,179,6,153,108,255,82,37,184,11,158,113,196,87,42,189,16,227,118,201,92,47,130,21,232,123,206,161,125,193,26,185,78,167,231,107,203,90,166,40,151,239,123,145,121,234,74,156,190,119,215,59,187,10,118,181,92,211,43,143,126,39,186,13,224,115,198,89,44,191,18,229,120,203,94,49,132,23,234,125,208,163,54,137,28,239,66,213,168,59,142,97,244,5,136,232,65,216,76,249,76,223,178,5,152,107,254,81,36,183,10,157,112,195,86,41,188,15,226,117,200,91,46,129,20,231,122,136,238,119,172,25,236,127,210,165,56,139,30,241,68,215,170,61,144,99,246,73,220,175,2,149,104,251,78,33,180,7,154,61,136,18,117,252,12,130,114,199,15,106,247,69,173,57,141,93,118,204,68,233,8,128,245,112,218,111,175,19,147,226,110,141,35,188,8,159,229,109,223,36,172,2,145,255,6,189,106,253,80,35,182,9,156,111,194,85,40,187,14,225,116,199,90,45,128,19,230,121,204,95,50,133,24,235,50,158,231,118,198,29,178,6,144,230,110,202,98,232,72,143,160,117,213,53,189,8,116,222,73,221,41,213,82,37,184,11,158,113,196,87,42,189,16,227,118,201,92,47,130,21,232,123,206,161,52,135,26,237,64,211,234,118,207,94,190,69,139,238,112,197,104,247,26,143,255,65,218,44,177,79,63,181,96,149,8,136,6,98,178,15,148,60,145,28,126,203,83,183,63,142,10,51,136,23,177,125,185,231,54,148,28,166,6,213,245,50,164,97,244,71,218,173,0,147,102,249,76,223,178,5,152,107,254,81,36,183,10,157,112,195,86,41,188,15,226,52,155,8,107,211,64,239,41,136,238,103,138,25,188,45,157,231,116,206,83,248,110,215,170,61,144,99,246,73,220,175,2,149,104,251,78,33,180,7,154,109,192,83,38,185,12,159,114,197,88,121,251,80,160,46,198,93,103,203,79,233,97,207,202,59,255,90,167,21,161,233,110,196,44,251,0,140,226,124,198,44,183,5,214,184,46,151,106,253,80,35,182,9,156,111,194,85,40,187,14,225,116,199,90,45,128,19,230,121,204,95,50,133,24,235,126,209,164,99,138,0,240,43,216,221,115,216,39,167,27,160,231,69,233,77,250,77,32,179,6,153,108,255,82,37,184,11,158,113,196,87,42,189,16,227,118,201,92,47,130,21,232,123,206,161,52,135,72,168,20,134,244,119,140,75,242,4,150,239,62,197,106,131,11,143,247,70,194,4,179,11,103,181,86,134,110,131,17,97,245,95,165,89,198,89,44,191,18,229,120,203,94,49,132,23,234,125,208,163,54,137,28,239,66,213,168,59,142,97,244,71,159,227,68,159,102,236,64,223,225,64,202,34,191,29,45,157,10,157,112,195,86,41,188,15,226,117,200,91,46,129,20,231,122,205,160,51,134,25,236,127,210,165,56,139,95,162,23,146,248,105,152,49,179,8,152,246,14,149,63,179,23,40,158,7,154,109,192,83,38,185,12,159,114,197,88,43,190,17,228,119,202,93,48,131,22,233,124,138,236,113,162,27,238,65,212,167,58,141,96,243,70,217,172,63,146,101,248,75,222,177,4,151,106,253,80,98,229,90,217,61,150,93,124,181,122,160,38,128,31,121,237,92,162,60,204,66,47,133,89,229,10,144,246,112,207,73,252,67,212,221,125,221,37,176,28,219,227,78,208,34,250,14,111,230,74,221,108,177,29,113,184,73,219,113,150,18,107,254,88,166,50,203,85,5,130,21,232,123,206,161,52,135,26,237,64,211,166,57,140,31,242,69,216,171,123,221,55,178,3,155,176,66,152,2,181,1,102,181,21,134,110,195,39,98,246,65,226,115,146,17,105,241,56,229,120,203,94,49,132,23,234,125,208,163,54,137,28,239,66,213,168,59,142,97,244,71,218,253,72,210,53,188,76,194,178,7,207,42,183,5,109,249,77,157,54,140,4,41,200,64,181,48,154,41,107,204,91,177,63,205,227,124,200,95,165,45,159,228,108,194,81,191,70,253,170,61,144,99,246,73,220,175,2,149,104,251,78,33,180,7,154,109,192,83,38,185,12,159,62,138,27,106,242,17,183,50,132,9,60,131,70,187,51,141,238,112,197,27,243,65,188,169,92,196,50,182,78,219,216,112,197,32,170,56,155,253,72,149,102,253,11,35,223,77,156,114,194,28,108,187,83,232,94,199,90,45,128,19,230,121,204,95,50,133,24,235,126,209,164,55,138,29,240,67,214,169,60,206,49,166,13,137,250,9,199,34,180,25,44,179,86,203,35,189,30,96,245,2,180,113,196,87,42,189,16,227,118,201,92,47,130,21,232,123,206,161,52,135,26,237,64,211,166,107,201,94,182,28,212,171,105,217,61,247,87,221,216,13,225,40,181,27,87,251,92,210,34,201,18,114,244,78,180,58,137,23,36,182,56,229,120,203,94,49,132,23,234,125,208,163,54,137,28,239,66,213,168,59,142,97,244,71,218,173,0,147,102,171,9,139,231,87,214,107,150,95,86,242,71,210,38,134,18,82,245,75,159,117,150,70,46,207,93,171,80,205,160,51,134,25,236,127,210,165,56,139,30,241,68,215,170,61,144,99,246,73,220,175,2,208,38,191,66,33,165,23,150,109,147,22,116,240,77,211,123,239,88,43,190,17,228,119,202,93,48,131,22,233,124,207,162,53,136,27,238,65,212,167,58,141,33,160,21,156,254,107,154,55,189,10,154,232,8,151,61,181,9,42,156,9,156,111,194,85,40,187,14,225,116,199,90,45,128,19,230,121,204,95,50,192,86,175,84,209,164,55,138,29,240,67,214,169,60,143,98,245,72,219,174,68,218,35,208,77,32,179,6,153,108,255,82,37,184,11,158,52,138,19,0,189,16,227,118,201,92,47,130,80,166,63,199,139,52,135,26,237,64,211,166,57,197,89,242,45,214,216,123,195,45,182,6,221,173,30,150,58,185,29,107,244,68,155,58,137,17,105,144,13,224,115,198,89,44,191,18,229,120,203,94,89,138,103,166,60,137,234,120,206,28,242,66,147,233,119,221,36,222,71,218,173,0,147,102,249,76,223,178,5,152,3,240,33,104,246,83,223,49,128,29,79,253,70,174,32,154,30,46,156,20,169,53,153,160,124,205,25,173,49,150,165,108,217,75,180,68,152,248,61,222,42,186,99,220,175,2,149,104,251,78,33,180,7,154,109,137,21,38,246,71,159,38,141,29,101,148,17,228,119,202,93,48,131,22,233,124,207,162,53,136,27,238,41,218,215,118,204,57,177,7,154,231,86,220,33,189,19,222,172,4,135,64,253,80,35,182,9,156,111,194,85,40,187,14,164,58,131,112,45,128,19,230,121,204,95,50,133,24,235,126,157,235,116,203,81,240,17,147,232,111,192,44,245,85,219,250,78,199,51,168,4,110,244,14,220,62,173,91,63,255,88,203,51,204,85,84,179,29,249,115,141,87,53,135,70,226,121,194,161,54,133,19,199,64,211,166,57,140,31,242,69,216,171,62,145,12,249,57,152,228,112,194,40,168,26,113,189,34,155,110,193,84,39,186,13,224,115,198,89,44,191,18,229,120,201,51,112,199,69,165,127,220,137,54,137,28,239,66,213,168,59,142,97,244,71,218,173,0,147,41,178,76,158,252,65,152,105,142,29,101,238,72,220,51,136,86,106,243,66,178,57,141,15,107,131,62,231,122,205,160,51,134,25,236,127,210,165,56,139,30,241,68,215,170,61,144,44,164,73,143,251,80,220,38,188,64,103,251,85,215,44,148,91,36,202,88,208,34,149,29,111,164,17,225,36,202,1,48,134,69,233,32,207,225,116,219,83,238,68,135,167,102,141,101,160,68,213,172,126,209,49,177,4,144,221,69,213,47,177,92,35,230,65,221,60,135,89,40,211,0,130,53,148,18,37,137,31,230,43,137,30,97,202,86,226,84,209,164,55,138,29,240,67,214,169,60,143,98,252,98,219,174,1,148,103,250,77,32,246,72,221,70,255,82,37,184,78,208,53,205,125,42,189,16,227,36,140,8,122,208,91,232,47,156,244,113,173,95,163,4,249,171,52,140,109,183,22,151,231,104,212,100,180,5,142,228,80,150,47,174,0,111,181,92,211,43,193,19,102,247,72,231,32,198,22,123,241,18,166,55,133,24,120,195,66,184,60,132,234,121,199,28,184,10,144,230,59,207,55,181,14,150,236,66,223,35,247,102,153,231,75,219,63,183,30,106,183,98,147,19,140,24,111,245,72,151,59,129,15,38,207,85,170,63,196,138,51,134,25,236,51,157,230,121,199,30,163,11,152,254,61,141,99,158,71,172,238,86,221,96,137,61,45,180,5,247,34,132,6,106,252,96,208,51,129,29,121,177,114,171,57,140,20,119,208,25,138,51,129,228,124,207,25,231,107,212,167,58,141,41,181,70,151,227,107,146,55,183,4,138,177,80,223,47,179,122,35,182,9,156,111,194,85,40,233,75,181,33,149,20,45,206,90,170,83,204,95,50,133,93,165,58,251,164,55,138,29,185,5,214,251,115,192,54,239,33,136,207,9,150,10,181,9,117,255,67,234,47,173,27,117,236,9,151,113,144,31,111,243,58,227,118,201,92,47,130,21,232,50,136,161,122,200,78,237,40,221,197,118,194,89,187,2,216,255,118,212,42,221,74,221,176,3,150,105,252,79,34,181,8,155,34,142,23,102,246,13,175,56,202,89,111,191,15,229,40,136,31,125,200,31,184,56,129,246,127,219,89,227,66,135,231,116,218,104,222,71,218,173,0,147,102,249,76,223,178,5,152,34,184,81,107,252,10,201,56,134,24,3,188,15,226,117,200,91,46,129,20,231,122,205,160,51,134,25,132,113,177,234,118,205,87,182,68,202,170,126,186,99,246,73,220,175,2,149,104,251,78,33,180,66,212,41,234,83,38,185,12,159,114,197,88,110,240,85,206,119,202,93,48,131,22,233,124,131,237,118,201,87,238,2,155,233,124,196,39,243,91,217,196,49,241,42,182,13,151,246,46,151,106,253,80,35,182,9,156,38,132,85,124,226,94,164,124,132,21,99,198,90,161,112,204,66,47,133,26,191,63,147,232,114,136,29,177,13,146,169,104,214,50,176,64,152,225,79,210,46,189,67,84,252,81,220,62,172,91,37,165,22,158,115,144,22,104,241,85,225,118,157,20,106,204,63,232,123,206,161,52,135,26,237,64,211,166,57,222,90,166,16,138,229,62,210,43,185,12,148,247,13,226,38,171,10,112,230,115,213,47,140,17,90,144,13,224,115,198,89,44,191,18,160,54,143,116,49,132,23,234,56,158,231,28,137,28,239,66,153,231,120,207,45,244,18,148,228,84,147,123,249,36,209,194,68,204,35,246,3,107,248,94,145,112,193,34,102,235,74,176,38,199,89,46,143,26,231,52,140,237,118,143,51,236,127,210,165,113,205,30,164,10,158,254,61,196,43,179,7,246,175,2,149,104,251,78,33,180,75,213,46,129,31,38,244,67,219,39,137,29,43,163,17,177,57,131,9,42,234,69,136,116,205,207,122,204,78,162,4,167,228,104,196,48,167,68,208,172,126,220,33,248,30,144,248,80,151,37,175,80,118,248,64,200,117,164,28,102,255,104,168,38,148,14,78,200,90,170,61,196,93,81,202,86,173,55,150,166,62,160,29,240,67,214,169,60,143,98,188,14,219,227,78,208,50,182,8,32,242,72,221,108,178,29,97,237,71,219,107,173,4,75,181,18,142,57,141,9,99,199,102,171,41,135,241,96,133,19,237,20,155,227,119,166,31,242,69,216,171,62,145,100,247,74,221,176,107,152,10,179,1,100,252,79,238,32,136,0,116,186,16,224,27,200,58,99,241,84,172,63,190,16,120,208,68,234,50,130,163,109,212,54,239,66,213,168,59,142,97,244,71,218,173,0,218,32,249,2,144,230,5,240,101,157,30,106,241,67,218,5,141,31,125,239,116,172,52,133,30,83,129,64,175,63,131,138,51,134,25,236,127,210,165,56,139,30,241,68,215,170,61,144,47,185,10,157,227,2,218,35,247,78,98,180,26,154,61,131,18,106,245,4,205,55,148,13,98,236,84,232,119,135,18,116,214,90,172,117,229,162,53,136,27,238,65,212,167,58,141,96,243,70,217,172,63,219,35,248,4,149,177,80,223,47,179,122,35,182,9,156,111,194,85,40,187,14,225,116,199,90,45,128,19,230,121,204,55,60,230,87,165,56,152,227,66,196,84,164,16,173,231,125,194,39,136,72,198,174,66,190,103,250,77,32,179,6,153,108,255,82,37,184,11,158,113,196,18,100,249,58,227,118,201,92,47,130,21,232,123,206,161,52,194,84,169,106,211,166,57,140,31,242,69,216,171,62,145,100,165,15,137,229,81,216,105,148,65,65,250,70,221,39,134,33,105,243,89,179,8,136,24,97,250,111,207,120,203,94,49,132,23,234,125,149,237,114,163,28,239,66,213,237,117,202,75,177,9,158,135,70,198,40,186,24,150,253,75,152,3,240,36,106,254,94,254,63,144,2,33,242,78,175,48,196,91,123,207,93,179,115,231,160,51,134,25,225,114,210,196,56,200,81,191,2,158,237,61,211,44,184,29,157,230,76,208,58,251,13,96,250,7,223,53,137,0,114,185,91,214,38,141,23,126,234,17,161,47,154,18,99,202,88,174,124,142,162,119,201,72,171,65,132,245,115,206,37,253,70,178,233,122,194,101,190,10,146,253,77,217,45,215,80,35,182,9,145,98,194,1,96,233,65,180,51,143,90,121,207,19,178,49,137,95,115,198,76,190,63,157,164,114,219,72,185,19,134,236,120,143,49,185,7,143,174,72,218,52,174,8,97,247,6,214,42,255,0,96,236,94,204,63,141,25,109,189,94,170,58,201,25,110,208,89,177,117,228,161,52,135,26,161,15,144,231,117,140,92,242,88,216,195,48,242,43,185,12,148,247,118,216,32,168,71,108,244,69,222,103,235,84,39,186,13,169,53,198,13,117,239,87,237,59,194,94,44,153,23,232,41,145,225,122,204,30,239,22,157,237,117,164,97,244,71,218,173,0,147,102,181,3,156,243,73,152,41,191,2,97,183,23,157,51,184,71,84,188,64,176,117,139,85,93,213,85,179,41,205,239,97,134,90,198,127,210,165,56,139,30,241,68,155,229,126,209,47,246,25,142,230,65,208,104,230,78,117,237,87,223,101,130,18,117,252,5,159,111,216,88,41,234,80,166,59,143,95,48,194,88,173,124,155,237,123,221,86,172,4,134,175,120,204,51,182,72,169,254,118,209,32,248,4,140,177,70,214,57,184,94,64,249,90,200,102,232,85,40,187,14,225,116,199,90,100,198,19,182,43,133,28,119,133,89,165,58,209,244,101,195,94,181,67,200,169,44,143,54,189,13,149,132,1,148,103,250,77,32,179,6,153,108,255,82,119,253,95,203,35,138,87,122,239,89,160,51,227,92,47,130,21,232,123,206,161,113,201,94,199,64,211,166,57,201,81,182,111,216,171,62,145,40,184,9,156,252,3,208,60,178,12,118,252,71,213,110,146,24,104,238,125,178,58,133,28,36,234,27,207,120,203,94,49,132,23,234,125,156,236,117,200,80,239,17,153,231,111,142,124,244,19,149,227,85,222,36,188,30,215,231,11,253,58,171,24,116,231,79,217,121,233,86,41,188,15,226,117,200,91,103,199,20,169,53,153,160,96,202,86,184,127,157,247,56,216,82,190,16,215,182,61,129,99,185,27,220,252,78,218,60,251,80,33,161,7,213,63,192,0,106,246,88,159,119,197,73,43,224,12,228,103,202,9,120,198,88,195,124,207,162,53,136,27,238,65,212,167,58,141,50,182,18,140,254,113,146,43,177,7,244,177,4,151,106,253,80,35,182,76,210,43,232,85,40,187,14,225,116,199,90,97,207,80,167,53,204,19,115,199,93,167,126,204,164,95,132,122,133,42,222,171,79,195,45,161,27,212,221,77,219,51,248,77,46,189,6,202,56,173,27,107,255,5,216,62,150,26,107,233,24,225,115,141,94,35,130,70,164,52,154,168,52,137,20,237,66,220,210,107,195,80,162,35,138,234,115,212,107,135,24,148,243,70,148,96,214,79,34,181,8,155,110,193,84,107,245,78,161,63,198,11,109,232,18,248,120,135,31,115,193,91,234,60,158,231,54,197,93,173,7,153,166,79,203,57,160,93,157,254,85,209,110,251,64,221,190,5,154,105,247,75,105,246,94,222,56,203,84,82,185,75,231,123,181,80,44,136,62,231,122,205,160,51,134,25,236,51,157,230,121,199,30,161,22,158,233,120,144,126,246,29,147,225,87,216,42,190,28,41,230,70,205,100,234,83,38,185,12,159,114,197,88,98,248,17,180,37,131,30,117,131,87,167,56,207,242,103,193,88,171,65,202,167,42,141,52,187,3,151,134,63,146,101,248,75,222,177,4,151,106,253,80,113,243,93,201,61,140,85,120,233,71,162,49,237,90,45,128,19,230,121,204,95,119,203,92,193,126,209,164,55,207,83,180,105,214,169,60,143,43,179,72,142,224,72,192,103,174,5,101,253,44,153,108,255,82,37,184,11,158,61,139,20,107,241,16,179,36,128,31,106,130,8,232,40,130,238,96,247,72,164,3,150,174,108,194,86,166,76,242,171,62,145,100,247,74,221,176,74,208,105,172,29,107,246,77,155,58,137,17,105,144,13,224,115,198,89,44,191,18,229,120,203,94,99,193,67,191,47,158,163,102,219,85,172,7,255,168,59,142,97,244,71,218,173,69,221,34,211,76,223,178,5,221,39,173,20,14,183,10,157,112,195,86,41,188,73,173,39,200,36,34,129,65,231,51,131,160,122,214,88,165,45,129,173,80,133,123,160,17,158,250,109,213,39,254,64,213,175,70,218,66,251,78,33,180,7,154,109,192,83,38,185,12,214,52,197,13,37,208,80,169,50,202,64,45,131,88,168,49,138,162,97,192,94,160,107,212,167,58,141,96,243,70,217,172,63,146,101,248,75,222,177,72,216,41,188,28,35,230,91,213,44,135,85,53,187,93,173,59,147,42,127,201,80,163,113,153,86,24,133,24,235,126,209,164,55,138,29,240,67,214,169,60,143,98,188,14,219,254,83,221,36,191,77,116,251,67,215,70,255,82,37,184,11,158,113,196,87,42,189,16,227,118,201,92,47,130,21,232,41,139,245,97,213,84,237,16,129,239,122,201,53,242,69,216,171,62,145,100,247,74,221,176,3,150,105,252,79,103,251,76,177,110,193,84,39,186,13,224,115,198,89,44,191,87,171,60,225,94,49,132,23,234,125,208,163,115,199,88,197,66,213,168,59,203,47,176,109,218,173,0,147,52,188,24,138,224,75,152,3,240,58,106,248,93,211,19,140,5,125,239,116,172,52,133,30,83,129,85,169,62,205,200,61,237,87,163,40,156,198,119,216,74,162,63,153,235,112,213,30,141,88,161,175,77,199,104,181,7,109,158,66,212,41,234,21,115,247,79,203,59,138,22,43,214,31,145,39,141,15,113,199,83,138,51,156,246,61,220,84,185,4,134,174,16,141,96,243,70,144,234,63,220,42,172,75,138,254,83,210,56,253,4,107,243,71,182,111,194,85,40,187,14,225,116,149,31,121,213,65,168,121,130,22,126,175,24,235,126,209,225,121,206,55,240,67,214,169,112,192,33,180,4,219,237,1,137,103,146,67,67,252,72,223,37,184,39,107,241,95,150,37,139,0,111,239,30,141,55,132,25,38,168,21,232,123,206,237,123,196,91,161,64,159,227,111,201,83,161,69,197,171,106,200,52,178,66,158,185,3,139,116,252,77,118,244,74,215,43,195,84,102,244,73,224,123,133,87,89,239,85,183,57,143,27,98,132,88,184,125,147,173,90,204,74,170,14,134,168,116,220,97,183,78,240,173,0,147,102,181,3,156,243,73,152,37,187,9,112,219,79,203,53,143,86,52,188,91,187,37,141,83,98,196,66,162,54,158,169,51,155,4,236,125,134,228,122,199,91,243,68,150,228,121,144,47,179,31,153,227,81,238,96,175,1,111,225,74,216,40,146,91,114,246,91,218,32,203,52,110,232,84,168,126,202,18,98,131,7,224,124,196,162,36,245,49,238,65,212,167,118,194,35,178,10,217,239,112,220,35,177,12,139,227,65,211,106,224,80,119,239,89,217,103,140,16,112,239,98,164,34,130,22,36,128,14,251,121,206,11,115,199,84,174,124,209,229,121,206,29,164,12,152,252,113,205,39,167,64,149,235,89,192,11,191,27,101,255,8,233,62,182,17,96,184,68,204,113,138,18,114,233,124,166,32,140,16,33,225,90,187,47,199,139,52,135,26,237,9,149,166,122,195,81,180,12,159,254,108,212,32,247,20,192,176,77,223,37,252,27,106,240,70,177,110,193,84,39,186,13,224,115,148,28,120,234,64,171,120,136,17,127,194,94,173,40,130,230,114,163,28,239,66,213,237,117,202,75,244,71,218,173,76,220,37,184,0,223,249,75,215,60,176,81,57,183,98,147,27,141,25,126,242,108,173,38,156,8,85,213,91,176,63,159,174,93,199,84,169,2,248,165,56,139,30,163,1,131,255,111,222,99,189,7,147,248,76,149,41,181,10,33,255,73,213,58,142,40,46,237,67,209,39,136,26,110,236,25,176,56,157,24,98,141,122,172,42,138,238,60,136,84,188,65,197,174,58,134,96,226,59,217,227,109,146,43,177,7,244,244,74,211,64,187,5,109,245,93,213,32,140,85,64,181,99,160,36,148,82,36,170,19,230,121,204,19,125,198,89,167,126,135,229,123,223,88,163,79,214,250,121,202,44,245,85,219,245,92,152,103,161,16,10,179,6,153,108,179,29,102,249,71,158,52,136,18,124,252,68,172,36,154,92,50,130,98,155,97,168,232,122,195,124,164,18,128,242,90,196,86,190,1,208,169,91,221,33,161,11,137,255,81,197,107,245,101,34,181,8,155,40,142,6,39,197,1,224,37,198,16,98,191,91,181,57,130,12,98,140,82,166,56,134,226,98,198,78,188,66,148,230,127,142,36,184,2,140,236,84,220,52,170,86,184,247,81,251,35,183,29,96,229,79,211,120,202,86,102,238,15,185,40,193,91,106,206,62,231,122,205,160,51,134,25,236,51,157,230,121,199,30,188,5,135,170,32,144,53,236,46,153,251,99,193,60,169,7,99,225,83,223,101,194,62,103,233,14,150,88,197,88,43,190,17,228,119,202,20,118,131,66,176,44,138,170,120,201,75,231,65,201,186,58,143,51,167,20,144,226,120,144,101,185,5,154,177,74,216,62,253,3,102,243,71,231,34,131,5,85,187,90,169,49,137,112,45,128,19,230,121,204,95,50,133,24,235,126,130,225,114,196,102,189,2,134,212,60,146,98,161,26,142,235,43,148,103,250,77,32,179,6,153,108,255,82,37,236,74,220,61,129,89,99,243,67,166,36,157,84,121,195,89,189,62,157,173,52,202,91,189,73,249,166,57,140,31,242,69,216,171,123,223,32,221,74,221,176,3,211,39,184,101,34,181,8,155,39,135,84,36,236,76,172,38,131,10,44,162,15,229,104,203,10,121,193,89,192,125,208,163,54,137,28,239,66,131,233,119,219,36,167,71,199,173,91,147,100,141,3,150,254,64,204,107,157,24,112,238,8,145,112,193,50,108,239,74,176,33,202,87,46,131,119,166,55,136,242,114,203,88,162,127,186,212,58,139,67,219,68,215,170,61,213,45,178,99,220,175,2,149,60,186,12,109,241,9,201,34,146,7,46,239,77,211,39,128,11,34,148,17,228,119,202,15,117,215,67,187,50,207,244,116,196,78,171,18,254,226,116,201,74,181,19,151,239,107,219,42,182,75,182,191,104,216,40,191,9,80,226,76,204,103,203,127,40,187,14,225,61,129,90,106,193,94,163,119,188,19,115,198,93,130,58,209,250,42,138,117,254,47,153,235,126,214,11,177,72,148,252,1,218,40,174,77,83,189,103,204,56,176,62,106,250,73,199,113,139,5,42,213,30,151,51,133,25,127,205,71,188,50,128,230,52,211,82,168,14,249,166,57,140,31,242,69,216,171,108,212,48,162,24,147,154,3,150,105,252,10,108,241,34,155,110,193,84,107,245,78,161,63,198,28,96,250,68,164,44,132,12,98,132,10,234,10,163,185,80,192,82,171,36,156,250,104,218,2,188,14,150,233,8,145,3,181,9,137,243,81,215,57,173,83,45,157,10,157,112,195,31,111,188,65,173,33,200,30,98,196,66,166,46,130,242,96,134,77,164,58,156,143,56,139,30,241,68,215,170,61,194,38,162,28,142,225,40,149,104,251,78,100,250,67,176,109,192,83,38,240,74,159,26,203,61,103,251,71,165,35,133,15,48,215,94,172,50,229,162,53,136,27,238,65,212,167,118,194,35,178,10,217,233,115,215,51,185,31,145,227,4,138,106,184,28,102,224,72,200,32,144,6,50,221,71,175,48,161,19,127,211,71,133,49,133,19,118,141,112,229,27,157,225,97,203,73,191,17,223,131,60,143,98,245,72,219,174,1,221,33,250,3,111,231,6,220,32,186,4,100,236,68,204,113,144,31,111,243,58,227,118,201,92,47,130,21,232,123,206,161,52,239,20,136,12,150,240,120,216,80,160,69,197,171,112,216,40,221,74,221,176,3,150,105,252,79,34,181,8,155,60,132,0,114,232,67,202,115,198,89,44,191,18,229,120,142,16,117,174,23,234,125,208,163,54,137,28,135,76,166,237,111,253,53,181,19,143,254,8,185,102,249,76,223,178,5,152,107,254,81,36,183,8,241,63,129,20,112,190,3,200,117,200,91,46,129,20,231,122,205,160,51,134,74,184,45,155,235,127,133,88,190,22,154,235,105,152,73,246,73,220,175,2,149,104,251,78,33,180,7,154,109,192,83,36,188,95,159,46,197,93,120,190,77,228,114,153,82,53,208,22,181,124,202,241,102,138,23,196,65,212,167,58,141,96,243,70,217,172,63,146,101,248,75,222,217,10,242,38,184,6,98,226,70,206,99,232,85,40,187,14,225,116,199,90,45,128,19,230,121,204,95,50,209,87,184,42,131,237,121,205,21,181,15,147,255,125,219,45,167,82,188,235,85,245,51,174,31,105,241,83,205,41,247,80,72,249,91,156,120,205,91,0,189,16,227,118,201,92,47,130,21,232,123,206,161,52,135,26,185,15,128,242,107,197,81,181,77,157,231,123,199,37,163,5,143,170,100,211,61,157,27,118,231,65,217,59,149,17,47,184,125,172,50,159,28,126,236,16,236,113,199,116,49,132,23,234,125,208,163,54,137,28,239,66,213,168,59,142,53,187,20,142,255,73,221,33,241,9,147,247,83,217,63,177,3,62,208,79,201,17,151,2,123,245,77,183,33,141,83,44,236,85,191,10,129,225,106,195,75,191,125,219,172,52,161,30,241,68,215,170,61,144,99,246,73,220,175,2,149,104,251,26,110,231,83,200,36,142,20,46,252,64,218,36,132,12,100,236,11,131,50,158,60,100,215,68,160,62,154,246,112,128,25,154,8,153,226,56,132,105,217,70,217,172,63,146,101,248,75,222,177,4,151,99,215,80,35,182,9,156,111,194,85,33,145,14,225,116,199,90,45,128,19,175,63,230,95,50,133,24,235,126,209,164,55,138,29,240,48,216,218,104,206,48,161,38,148,249,43,148,103,250,77,32,179,6,153,108,255,82,37,249,69,218,113,172,89,67,238,120,172,37,157,118,47,130,21,232,123,206,161,52,135,26,237,64,146,232,125,140,81,189,17,216,195,48,226,48,182,24,137,194,70,199,60,185,28,118,240,76,177,110,193,84,39,186,13,224,115,198,89,44,191,83,171,60,203,86,101,203,89,191,48,146,230,100,129,89,163,7,131,233,111,193,51,238,32,159,249,97,199,50,171,5,157,231,81,221,99,252,33,104,246,83,216,34,144,84,32,181,15,173,39,200,75,39,129,10,250,122,190,174,67,202,88,181,58,128,246,18,139,30,241,68,215,170,61,144,55,190,12,146,133,2,149,104,251,78,33,180,7,154,109,192,83,78,183,127,203,51,151,12,89,251,64,177,50,153,9,117,199,22,244,124,155,240,96,205,49,238,65,212,167,58,141,96,243,70,217,172,63,222,42,187,10,146,177,75,220,102,253,17,96,245,76,204,59,135,17,40,166,14,137,122,174,20,123,207,88,163,113,206,58,126,192,78,170,42,158,246,68,222,92,162,23,212,165,60,231,108,144,4,158,248,64,192,40,168,68,10,179,6,153,108,255,82,37,184,11,158,113,196,30,108,189,94,172,34,201,19,100,130,90,186,123,143,226,119,194,74,185,5,151,166,103,145,31,166,23,141,238,62,197,44,178,4,247,176,3,150,105,252,79,34,181,8,155,110,193,84,39,186,13,136,125,181,28,120,204,70,164,44,158,13,57,134,123,165,63,146,250,52,133,28,237,49,129,233,105,218,97,166,2,144,232,67,199,35,189,87,223,229,68,209,63,183,31,99,183,76,210,34,195,2,97,249,15,167,57,141,13,111,213,91,181,122,142,239,102,200,77,168,48,133,235,58,130,52,241,68,215,170,61,144,99,246,73,220,175,2,208,38,191,100,33,180,7,154,109,192,83,38,252,66,219,88,197,88,43,190,17,228,119,202,15,117,215,67,187,50,229,162,53,136,27,171,15,144,141,58,141,96,243,10,150,239,126,222,101,187,3,159,227,69,212,62,184,2,35,171,9,236,97,161,29,105,233,79,162,32,130,8,7,128,19,230,121,128,16,113,196,84,235,54,131,244,55,151,29,179,11,151,251,125,204,54,176,26,219,239,79,208,103,185,5,97,225,71,218,56,186,0,63,222,66,208,53,162,30,120,238,68,128,62,128,16,107,138,23,128,46,131,224,122,200,83,169,50,156,233,109,252,94,160,17,218,162,20,145,100,247,74,148,246,3,216,38,168,79,106,231,88,155,58,137,17,105,144,13,224,115,198,89,44,191,18,141,118,184,27,101,247,67,171,41,133,240,62,139,112,160,0,151,241,57,130,97,246,48,155,228,84,218,40,190,76,153,253,87,152,40,182,16,118,246,73,201,53,145,84,32,150,15,226,117,200,91,46,129,20,181,63,153,245,97,200,51,236,127,210,165,125,197,90,219,68,215,170,61,217,37,246,33,210,195,77,215,42,162,47,117,224,66,215,61,148,83,103,247,72,159,61,150,86,104,242,94,167,60,194,84,48,142,22,129,114,163,237,119,202,66,143,21,128,226,119,221,52,253,39,141,172,35,146,116,237,75,138,249,65,217,64,253,80,35,182,9,156,111,194,61,38,200,75,181,7,147,27,121,213,64,238,123,160,16,112,199,65,233,114,209,166,64,203,84,164,10,152,238,60,201,45,167,72,190,226,68,194,38,174,2,114,214,72,205,41,173,23,97,184,72,209,63,130,30,120,240,81,183,63,134,18,45,139,63,232,123,206,161,52,135,26,237,18,150,242,108,222,81,216,69,216,171,62,212,42,179,96,221,176,3,150,1,242,35,109,247,74,194,15,149,0,98,247,93,180,115,219,89,98,246,94,207,120,203,94,49,200,88,169,60,156,163,117,193,83,188,7,155,164,59,202,40,167,19,240,173,0,147,102,191,3,141,178,122,148,107,187,29,97,225,75,201,63,145,86,96,242,15,171,37,137,18,124,210,28,162,54,136,246,114,210,86,190,44,200,194,125,223,125,185,13,155,238,111,213,45,254,64,213,175,70,218,66,251,78,33,180,7,154,109,192,26,96,147,12,159,114,197,88,43,190,17,228,119,202,93,117,207,83,191,61,155,237,103,146,124,171,21,181,243,110,223,41,177,19,141,233,55,144,8,185,27,220,184,4,138,119,253,35,45,219,72,204,69,194,85,40,187,14,225,116,199,90,45,128,19,167,55,136,95,58,209,87,165,43,156,230,114,216,21,181,15,147,255,125,219,45,167,82,188,235,85,245,51,174,31,105,241,83,205,41,247,80,85,244,74,199,52,150,4,40,180,25,227,57,155,92,63,139,21,245,102,206,177,30,135,26,237,64,211,166,57,140,75,186,0,150,129,62,145,100,247,74,221,176,3,150,105,252,79,110,250,75,218,34,193,4,102,254,13,253,115,131,21,105,233,83,177,55,153,68,87,205,89,174,27,153,241,101,221,127,167,11,153,236,51,140,17,181,3,216,164,42,147,102,249,76,223,178,5,152,107,254,81,36,251,69,222,49,143,86,121,243,92,226,104,200,11,111,197,62,231,122,205,160,51,134,25,236,127,210,165,56,139,30,241,68,150,228,121,144,107,166,8,152,181,107,198,9,243,76,76,251,67,223,33,194,90,38,248,66,219,114,149,25,111,164,118,161,35,186,20,102,204,66,225,117,193,210,122,219,82,186,8,155,233,58,194,50,243,22,152,232,37,251,54,153,67,220,211,69,196,47,141,17,113,226,11,149,111,131,27,108,187,94,160,48,201,42,98,211,90,178,48,131,17,59,175,24,235,126,209,164,55,138,29,240,67,214,169,117,201,98,165,7,136,174,85,220,34,180,103,32,179,6,153,108,255,82,37,184,11,158,113,196,87,42,189,92,172,53,136,16,47,198,21,245,123,198,241,123,212,26,224,64,155,244,105,130,111,189,22,145,255,119,222,42,254,68,176,241,68,216,32,168,26,102,240,34,155,110,193,84,39,186,13,224,115,198,89,44,191,18,229,120,130,24,49,202,88,190,125,148,234,101,221,28,160,16,213,236,59,146,97,176,14,137,249,0,199,46,188,2,245,178,5,152,107,254,81,36,183,10,157,112,195,86,41,188,15,226,117,200,91,109,201,91,180,63,131,172,51,194,80,191,43,210,184,56,206,82,180,18,150,254,114,194,111,246,13,246,175,2,149,104,251,78,33,180,7,154,109,192,83,38,185,12,218,60,129,114,43,190,17,228,119,202,93,48,131,22,233,124,138,236,113,162,27,238,65,212,167,58,141,96,182,8,157,134,63,146,101,248,14,144,245,46,151,106,253,80,106,240,9,210,32,150,85,107,243,65,178,49,137,90,121,200,86,168,83,204,95,50,133,24,235,126,209,204,57,249,88,164,48,130,232,104,218,49,253,74,183,225,67,214,62,248,65,32,177,113,216,37,171,27,107,255,11,216,62,150,87,107,243,16,166,59,153,8,118,130,80,164,62,152,224,96,200,72,247,64,209,166,55,130,31,129,75,181,234,110,152,78,247,74,221,176,3,150,105,252,29,103,225,93,201,32,235,84,39,186,13,165,61,130,115,44,191,18,229,52,132,29,112,200,23,186,60,148,163,43,137,95,167,13,134,237,117,148,7,189,9,158,203,73,193,53,173,47,151,251,73,220,99,252,33,101,243,8,148,90,195,86,41,188,67,173,54,137,23,46,209,91,180,122,208,160,99,199,93,246,22,129,196,48,137,115,190,0,146,230,63,153,99,183,7,152,175,82,212,44,225,41,100,224,119,211,59,143,7,46,176,2,239,61,150,17,127,247,94,170,119,133,15,48,211,87,173,114,191,237,102,193,79,167,14,154,141,58,141,96,243,46,215,192,112,208,39,161,42,138,229,65,218,58,169,80,62,182,82,156,14,150,85,53,187,65,178,122,132,22,98,195,88,238,112,192,95,91,193,24,246,126,146,236,120,217,88,190,77,184,232,113,202,98,168,98,219,174,1,148,36,178,12,114,242,69,205,41,173,72,85,241,93,209,37,176,24,34,222,118,177,55,132,25,33,204,80,191,115,158,238,103,135,17,237,54,150,229,109,195,77,225,75,150,238,105,153,116,251,74,206,188,3,134,96,245,70,8,181,8,155,110,149,21,116,241,3,183,50,143,13,36,175,28,253,113,203,83,60,132,91,175,41,208,247,126,204,28,168,3,152,237,60,221,97,164,15,131,254,73,208,39,181,76,133,253,75,221,107,182,16,106,243,70,216,34,195,4,124,242,15,164,60,154,8,122,171,20,231,122,205,233,117,134,87,163,43,210,205,54,249,75,191,10,158,228,122,144,44,164,73,146,224,86,149,27,245,47,116,224,72,246,34,130,17,127,185,88,215,55,139,114,43,190,17,228,119,202,93,48,209,83,189,41,157,236,31,136,27,238,65,145,233,126,167,96,243,70,217,229,121,146,43,183,31,222,217,10,242,38,184,6,98,226,70,206,111,150,29,109,245,36,225,116,199,90,45,128,19,230,53,131,28,115,201,24,164,53,221,164,118,201,94,181,19,130,236,120,143,127,245,32,213,199,79,194,40,177,8,40,177,99,213,41,169,19,113,247,89,251,63,144,18,120,191,28,227,53,129,19,124,199,91,230,21,143,236,113,142,48,237,64,211,166,57,140,31,242,12,158,171,112,222,48,247,5,150,176,76,196,105,189,12,97,240,88,207,43,133,84,121,167,13,180,33,147,28,44,235,90,160,54,225,94,49,132,23,234,125,208,163,54,137,28,239,42,219,219,126,218,18,160,6,142,248,83,155,100,149,3,157,240,92,154,103,254,83,65,249,94,216,34,195,4,108,246,74,161,33,141,31,53,129,87,175,63,142,235,122,200,94,236,58,158,224,110,202,74,190,22,215,235,122,209,42,184,73,149,225,2,132,125,168,76,40,158,7,154,109,192,83,38,185,12,218,60,129,114,43,190,17,228,50,132,25,26,198,88,173,86,137,247,123,203,79,167,14,154,167,82,131,12,182,7,143,233,90,222,32,174,10,138,254,86,159,99,215,80,35,182,9,213,41,194,61,38,222,66,164,34,134,14,98,210,19,178,49,137,17,24,133,24,235,126,209,164,55,138,117,254,42,152,255,115,196,39,253,74,190,226,68,194,38,174,2,114,223,67,216,58,186,80,41,184,99,144,20,136,18,124,252,68,172,36,192,118,47,130,21,232,62,128,229,30,194,84,169,106,149,243,119,207,75,187,10,150,171,86,159,21,162,15,136,245,119,211,37,185,31,109,231,92,147,103,235,84,39,186,13,169,53,198,23,99,235,18,150,118,170,11,101,203,114,178,56,147,246,98,204,28,160,16,213,192,53,255,52,177,18,159,233,0,199,46,188,2,245,178,5,152,107,254,81,36,183,88,216,36,150,4,103,150,15,226,117,200,30,96,197,62,231,122,205,160,127,201,90,173,51,210,244,109,206,75,180,68,202,170,108,197,38,163,12,163,224,76,234,60,190,2,100,228,72,200,57,192,28,116,185,93,202,55,144,29,100,240,69,161,59,143,13,127,209,66,233,51,157,162,61,219,66,160,65,149,233,126,141,51,170,8,215,253,106,215,48,189,52,145,255,123,195,47,177,21,115,249,91,200,102,232,85,40,187,14,168,50,199,14,116,208,86,238,40,153,26,103,192,17,235,32,204,164,53,204,72,190,0,130,224,115,193,96,245,7,137,174,79,219,51,250,37,46,213,117,153,35,173,82,107,247,95,158,56,151,17,99,241,85,235,30,199,58,96,206,81,173,41,206,175,58,135,24,226,40,134,228,55,192,74,179,71,209,171,106,217,33,185,96,221,176,3,150,105,252,79,34,221,6,232,43,149,39,115,251,89,181,32,206,91,65,254,81,183,55,201,82,49,134,118,191,41,159,163,83,209,89,172,23,129,237,59,219,47,181,17,155,228,76,210,36,181,9,197,178,84,205,46,171,20,91,248,68,226,36,134,26,108,236,64,176,33,200,80,46,210,92,166,40,136,228,51,192,80,160,58,129,252,107,223,91,188,68,133,239,108,197,42,164,12,152,173,11,191,104,251,78,33,180,7,154,109,146,22,114,236,94,209,88,197,88,43,190,84,170,51,224,93,48,131,22,165,51,140,227,121,136,88,161,5,145,167,39,167,96,243,70,217,172,63,146,101,255,31,159,226,79,153,61,188,25,119,190,26,149,116,194,25,103,248,79,173,116,130,71,106,197,71,161,60,130,9,58,140,3,235,55,151,164,114,132,98,143,32,151,228,121,221,35,129,44,170,251,68,193,34,190,39,111,241,6,199,113,255,6,106,235,95,204,56,138,16,34,250,81,174,51,199,54,96,192,124,172,114,206,245,124,194,84,237,5,221,217,70,239,94,191,0,138,234,74,245,21,162,15,136,245,71,252,38,190,82,118,250,91,207,60,136,26,96,178,74,161,62,131,87,70,240,80,140,60,194,69,49,200,88,169,60,156,163,121,194,16,188,95,133,235,122,194,45,252,21,159,236,68,213,47,181,9,211,176,102,217,38,187,3,101,195,110,226,29,130,21,123,243,92,237,6,141,15,122,200,90,160,41,195,234,96,201,87,238,118,201,165,116,196,93,176,8,215,239,115,209,33,186,12,152,178,86,199,61,190,85,33,253,65,154,34,139,83,114,241,73,209,114,137,23,104,255,93,228,48,133,18,116,143,85,244,44,140,227,121,196,19,168,20,154,228,110,196,47,189,78,208,172,109,215,49,173,25,144,177,67,214,39,184,74,68,243,93,239,42,144,3,97,248,75,233,118,175,14,121,208,96,163,43,154,22,113,192,26,226,100,187,215,88,228,121,181,0,153,237,121,135,49,252,72,158,224,69,157,124,250,4,102,179,65,214,35,187,82,113,240,78,208,113,129,25,107,255,92,166,50,212,31,33,227,64,188,52,171,249,113,196,79,185,5,141,187,127,205,83,161,0,216,238,112,213,100,178,4,153,171,3,223,47,252,10,108,244,74,215,43,133,84,115,242,72,174,115,138,22,109,251,65,177,42,130,16,118,140,69,175,60,148,229,127,197,89,231,64,182,233,118,203,51,181,51,190,210,109,210,37,171,3,140,189,109,205,41,240,29,113,246,8,148,121,203,95,41,249,65,166,117,141,21,106,134,62,231,122,205,160,127,201,90,173,51,210,234,115,135,30,180,22,133,170,32,144,51,181,8,144,227,10,196,61,190,27,100,184,7,217,34,132,22,47,147,12,159,114,197,48,37,207,68,161,34,143,25,48,158,22,166,55,229,162,53,136,27,167,7,212,233,117,217,96,188,13,217,248,119,215,43,210,75,222,177,4,151,106,253,80,75,184,122,217,59,177,1,105,239,91,178,124,197,55,108,195,65,169,123,192,95,48,228,77,191,49,209,193,111,207,94,165,23,147,169,109,218,39,160,13,219,232,64,221,43,191,9,58,179,4,153,98,241,82,113,247,88,202,35,141,25,109,181,85,177,36,192,85,5,130,21,232,123,139,239,112,173,95,163,4,249,224,108,194,92,166,12,151,229,62,249,106,135,11,137,248,119,215,59,187,10,118,189,1,177,110,193,84,39,246,66,163,50,138,89,97,254,66,229,101,203,41,66,158,113,163,51,148,197,127,219,79,187,33,157,225,119,202,105,246,32,155,224,69,145,111,211,76,223,178,5,209,45,254,31,107,227,10,208,49,147,86,125,244,74,172,95,200,91,46,129,20,231,122,205,242,118,210,76,190,49,210,235,113,199,52,241,68,215,170,120,222,39,220,73,220,175,2,217,39,184,15,109,180,70,207,57,143,83,59,185,100,145,19,144,12,100,148,17,228,119,202,20,118,131,87,188,40,128,172,88,201,75,238,31,201,167,119,204,48,243,18,145,233,113,184,101,248,75,222,177,4,151,106,187,31,113,182,118,144,111,129,85,97,245,14,168,36,134,19,127,211,27,167,44,152,16,60,232,89,187,29,158,234,121,207,94,164,10,153,231,111,143,45,167,72,128,243,8,148,35,181,103,32,179,6,153,108,255,82,37,184,11,158,113,135,77,78,244,67,160,57,135,18,106,193,65,224,114,228,161,52,135,26,237,64,211,166,124,194,91,216,69,216,171,62,145,100,247,74,156,229,87,217,103,145,14,114,214,71,213,32,132,23,115,243,66,174,32,198,68,44,228,79,207,120,203,94,49,132,23,234,125,145,246,98,198,18,130,3,133,168,38,142,44,181,23,240,173,0,147,102,249,76,223,178,68,205,63,177,95,67,242,69,208,53,151,4,112,221,91,226,104,200,86,99,192,64,175,116,133,245,116,195,51,236,127,210,165,56,139,30,241,5,130,254,114,158,4,179,6,145,234,86,199,49,159,7,115,224,94,154,112,192,7,116,236,73,181,114,197,88,43,190,17,228,119,139,8,100,204,24,153,48,142,225,112,248,94,160,5,157,233,125,141,125,243,29,132,134,63,146,101,248,75,222,177,4,214,63,169,31,45,195,89,219,61,131,17,109,203,75,175,48,142,20,106,128,14,230,34,145,117,50,133,24,235,126,209,164,55,203,72,164,12,216,207,125,198,46,160,26,158,253,1,137,103,161,16,10,179,6,153,108,255,82,37,184,74,203,37,139,89,89,241,95,183,21,134,19,99,198,90,191,53,157,161,41,135,65,176,106,211,166,57,140,31,242,69,216,234,107,197,43,249,62,146,231,70,196,10,179,0,110,241,71,204,32,146,84,58,186,86,189,89,198,89,44,191,18,229,120,203,18,126,199,86,166,125,150,246,120,202,72,166,13,155,168,120,198,32,186,0,159,233,8,220,36,179,9,156,230,12,178,107,254,81,36,183,10,157,112,195,86,41,188,67,173,54,137,23,46,207,91,163,63,205,189,51,201,91,166,58,145,241,18,139,30,241,68,215,170,61,144,99,246,73,220,248,74,220,36,190,78,111,251,67,223,109,129,29,98,185,66,208,54,128,88,117,163,17,169,54,154,93,116,204,60,233,124,207,162,53,136,27,238,65,212,167,58,141,96,243,70,144,234,63,220,42,188,14,208,223,69,218,47,253,77,62,182,11,235,46,155,5,103,242,64,181,39,197,90,98,210,19,168,54,136,26,60,235,89,166,59,209,185,42,138,31,132,12,129,236,110,238,48,176,9,217,174,85,220,34,180,103,32,179,6,153,108,255,82,37,184,11,158,113,196,87,42,189,16,227,118,201,29,122,214,90,230,28,139,238,121,194,78,191,25,183,239,107,216,70,242,88,216,255,108,196,33,221,74,221,176,3,150,105,252,79,34,181,8,155,110,193,84,39,186,13,224,115,148,28,120,234,64,171,82,203,94,49,132,23,234,125,208,163,54,137,28,239,66,213,168,126,192,37,222,71,218,173,0,147,102,249,76,223,178,5,152,107,254,81,36,249,69,217,53,195,75,41,242,64,166,48,198,43,111,211,81,169,46,231,160,51,134,25,236,127,210,165,56,139,30,241,1,153,238,23,144,99,246,73,220,175,2,149,45,181,10,11,180,7,154,109,192,83,38,185,88,222,48,137,29,37,247,95,183,50,152,9,56,194,67,189,51,193,207,116,216,120,161,15,154,226,121,217,41,188,8,138,160,63,223,36,168,69,186,244,87,212,47,179,20,98,248,93,253,43,134,16,108,161,109,174,58,137,31,110,212,27,165,49,141,17,117,192,92,226,119,251,164,55,138,29,240,67,214,169,104,206,32,185,13,213,231,79,199,34,168,25,40,242,83,205,35,241,63,100,232,104,209,63,138,18,105,233,89,172,56,154,80,47,207,84,184,117,170,228,103,196,95,163,4,146,232,109,254,90,191,10,142,226,112,214,126,148,5,147,254,70,213,61,244,12,106,244,70,220,43,133,93,46,144,13,224,115,198,28,98,251,56,229,120,203,94,120,194,23,165,46,222,224,122,198,95,164,74,220,168,54,142,105,181,18,142,226,14,244,35,182,1,154,230,87,193,10,170,81,107,229,10,144,61,130,2,97,178,71,183,50,141,82,46,159,9,231,111,205,239,97,134,88,185,43,157,171,95,206,81,188,1,131,248,100,244,42,164,29,133,175,86,221,45,181,100,33,180,7,154,109,192,83,38,248,89,203,61,203,63,110,241,92,161,35,152,4,81,215,22,244,124,128,241,59,203,87,161,2,159,175,51,167,96,243,70,217,172,63,146,101,185,30,138,254,10,240,47,178,29,102,226,91,197,11,139,7,124,226,14,252,116,129,27,97,211,86,204,121,204,95,50,133,24,235,126,157,235,116,203,81,240,17,153,230,104,143,127,245,5,154,254,27,242,46,180,9,70,250,84,202,56,156,26,108,244,79,150,115,179,22,115,237,95,170,56,157,15,45,139,63,232,123,206,161,52,135,26,237,12,156,229,120,192,31,188,10,156,238,109,145,121,247,24,146,255,87,150,40,178,11,34,231,71,212,58,219,51,98,238,110,168,58,138,29,126,250,92,237,113,203,17,99,132,76,183,87,208,163,54,137,28,239,66,213,252,122,204,45,177,73,137,226,82,199,110,183,3,155,247,86,148,107,184,4,106,244,94,212,63,141,94,104,176,15,160,124,226,91,46,129,20,231,122,205,160,51,134,25,236,45,151,241,109,217,80,241,76,131,229,115,197,46,180,12,142,167,67,155,6,186,3,100,174,74,219,57,131,27,46,187,9,219,121,199,81,34,190,94,182,119,218,84,48,159,22,225,40,128,236,96,197,89,171,19,220,229,52,227,33,190,3,195,225,126,198,38,176,67,220,180,64,156,104,244,89,35,249,91,156,127,203,127,40,187,14,225,116,199,90,45,197,93,162,112,230,95,50,133,24,235,126,209,164,126,204,29,190,12,146,236,111,244,115,136,72,154,224,69,148,41,181,25,32,253,73,221,41,172,41,52,197,17,247,34,165,95,40,223,81,176,51,185,29,125,214,23,225,123,154,233,113,201,48,237,64,211,166,57,140,31,242,69,216,171,62,223,43,179,15,142,176,30,150,39,179,11,103,230,115,138,19,219,51,98,238,110,168,58,138,29,126,250,92,237,113,225,94,49,132,23,234,125,208,163,115,199,88,197,66,213,168,59,142,97,244,71,150,226,67,210,42,249,28,144,251,75,204,56,254,76,36,236,87,183,112,195,86,41,188,15,226,117,142,20,124,129,107,235,122,131,239,119,195,25,165,49,210,236,104,202,87,163,23,223,228,114,212,38,165,64,220,235,77,191,104,251,78,33,180,7,154,109,192,83,38,185,69,217,114,139,23,111,251,11,141,36,171,85,50,225,87,186,57,191,227,103,220,25,231,65,128,239,127,195,74,243,70,217,172,63,146,101,248,75,222,177,4,151,106,253,80,119,247,75,208,42,204,28,102,232,75,179,32,207,10,98,201,93,178,42,192,95,124,202,92,174,119,251,164,55,138,29,240,67,214,169,60,143,98,245,13,149,234,43,148,103,250,77,32,179,6,153,41,177,22,15,184,11,158,113,196,87,42,189,68,162,52,133,25,33,209,90,186,47,198,241,123,206,84,185,19,223,166,127,217,81,177,17,145,228,112,153,37,251,74,159,185,41,150,105,252,79,34,181,8,155,110,193,84,39,232,72,180,38,148,23,44,183,70,170,54,158,19,115,193,69,226,60,222,205,119,196,89,245,15,148,252,120,198,105,246,66,158,166,2,154,111,249,3,141,178,21,145,107,226,81,44,227,69,211,37,142,20,108,238,7,160,123,166,26,99,196,14,170,59,153,227,123,142,27,233,59,217,167,49,130,30,190,22,215,186,52,186,99,246,73,220,175,2,149,104,190,0,101,189,45,154,109,192,83,38,185,12,159,51,144,12,100,176,97,171,62,132,9,99,131,11,233,44,128,235,123,220,72,196,65,212,167,58,141,96,243,70,152,249,107,221,107,153,25,155,240,4,138,106,176,17,115,172,111,213,33,134,51,97,233,93,181,23,143,19,97,196,27,228,13,131,8,119,215,121,185,59,144,166,62,160,29,240,67,214,236,114,203,72,245,72,219,174,77,219,36,187,1,32,227,73,208,34,171,1,37,165,11,223,36,144,24,36,205,95,170,56,157,15,47,205,71,232,32,147,139,52,135,26,237,9,149,166,58,220,80,187,11,140,248,62,140,121,247,90,221,228,75,211,39,214,79,34,181,8,155,110,193,84,117,255,89,181,33,136,89,98,246,94,207,120,203,94,49,193,89,174,87,208,163,54,137,80,160,1,148,228,59,218,46,160,6,150,173,29,147,118,211,76,223,178,5,222,36,172,81,109,183,23,157,98,207,86,42,236,64,171,59,156,8,46,197,91,205,122,205,160,51,134,25,236,127,134,234,108,202,82,241,89,215,254,114,196,34,186,73,215,175,10,197,39,178,0,117,231,124,211,16,206,35,105,234,69,203,59,138,22,43,179,17,180,56,131,19,100,208,109,160,124,194,162,36,245,21,158,14,135,238,110,196,47,189,79,215,193,126,213,43,177,31,139,245,65,189,106,253,80,35,243,71,216,69,194,85,40,187,66,174,55,134,22,45,196,90,181,45,141,17,113,192,24,246,126,133,235,99,203,81,240,73,214,218,50,255,46,180,11,158,227,68,218,51,136,12,110,244,67,153,99,255,67,53,168,33,158,113,196,87,108,242,66,227,63,201,65,47,144,25,232,120,158,238,125,201,78,190,64,151,233,19,140,31,242,69,216,171,62,145,40,184,9,156,252,3,215,101,252,13,34,168,8,203,33,136,26,115,233,118,169,115,203,89,61,194,28,149,55,152,23,101,205,88,164,113,208,243,121,192,82,187,17,174,225,70,128,17,187,20,147,249,73,220,40,211,76,223,178,5,152,107,254,81,104,248,73,220,60,195,26,108,242,72,182,61,200,70,46,137,86,231,119,205,225,58,136,116,173,56,156,236,108,222,90,180,110,215,170,61,144,99,246,73,220,230,68,149,44,178,29,117,245,73,217,40,192,79,59,185,64,218,60,130,12,99,190,69,172,50,132,119,48,131,22,233,124,207,162,53,136,27,238,65,152,232,121,204,44,243,0,149,237,107,146,120,248,61,155,242,80,216,56,238,94,109,243,94,148,45,204,45,40,182,14,160,122,191,86,45,144,31,230,59,194,37,50,136,24,170,112,171,173,29,138,29,240,67,214,169,60,143,98,245,72,219,226,78,215,38,182,77,100,250,84,220,47,171,27,106,246,11,131,113,130,27,107,233,30,142,55,142,18,102,214,64,172,62,206,191,52,151,26,172,14,151,166,127,192,94,166,69,215,171,120,221,37,163,68,176,241,68,216,32,168,26,102,240,8,212,60,193,34,98,249,89,175,33,213,87,98,250,69,237,105,199,94,33,136,23,250,116,250,163,54,137,28,239,66,213,168,59,142,97,244,21,159,249,85,193,40,249,13,197,222,64,202,59,246,19,40,183,70,216,62,132,2,97,188,17,226,101,200,26,96,197,20,163,51,158,244,114,200,90,169,127,221,165,116,206,80,182,16,159,170,114,194,99,230,64,208,175,70,220,58,190,13,117,253,72,212,71,192,83,38,185,12,159,114,197,29,101,250,59,228,119,202,93,48,131,22,233,56,134,241,97,201,85,173,4,212,186,58,201,41,160,18,152,226,124,215,101,245,75,146,244,74,208,62,181,122,35,182,9,156,42,140,17,2,187,14,225,116,139,21,110,193,95,230,56,204,66,50,213,87,162,48,133,247,76,199,92,164,11,216,228,125,215,106,228,68,219,173,81,219,46,180,25,115,179,11,153,125,246,47,43,200,68,205,56,144,30,101,243,58,227,118,201,92,99,205,86,169,55,206,227,52,154,26,189,15,154,232,109,223,100,241,21,151,226,112,197,55,138,68,173,255,80,223,61,181,0,108,159,8,155,110,193,24,104,249,76,172,115,128,21,109,235,18,248,120,189,27,114,208,88,184,110,222,237,115,222,20,173,76,173,168,54,142,32,250,63,214,173,16,159,102,187,66,165,178,8,152,42,240,43,45,157,10,157,112,195,4,108,232,90,176,59,200,25,34,129,82,171,59,153,174,94,199,94,162,54,134,240,124,206,30,239,68,199,170,124,222,39,246,15,144,238,86,149,103,251,8,109,245,83,148,0,129,20,104,240,88,202,54,128,88,100,236,17,146,50,137,9,127,209,5,231,50,138,245,61,153,23,238,81,216,167,42,132,74,182,8,157,134,121,199,43,187,31,151,254,74,151,2,243,32,111,247,74,217,12,131,27,108,242,74,160,32,130,82,36,170,19,230,121,204,19,125,198,89,167,126,146,225,121,222,88,162,79,214,237,117,221,39,182,28,146,225,79,148,122,250,37,46,195,71,205,36,139,19,119,255,78,202,121,205,125,42,189,16,227,58,134,31,110,206,21,169,41,139,224,52,154,26,133,78,163,231,109,196,23,133,54,212,171,60,246,37,186,15,210,196,76,193,44,174,46,112,240,73,153,103,235,84,39,186,13,169,53,198,23,99,235,18,166,61,133,10,116,214,23,165,47,208,237,121,221,28,174,16,144,233,59,218,41,177,9,240,173,0,147,102,249,76,223,178,87,221,63,171,3,106,183,68,212,60,233,86,41,188,15,167,59,140,113,46,129,20,231,62,132,242,118,197,77,165,48,156,165,37,139,90,184,22,146,233,105,217,44,184,73,147,253,2,227,45,184,26,110,230,20,148,35,133,4,46,168,0,159,98,201,88,59,183,59,228,119,202,93,124,204,85,168,48,207,241,124,204,94,238,92,212,209,127,206,52,188,20,202,162,113,215,50,240,70,154,248,86,210,41,169,25,108,248,7,230,99,194,69,36,187,74,168,38,130,25,121,201,92,168,119,180,86,24,133,24,235,126,157,235,116,203,81,240,19,151,251,125,194,49,245,85,219,220,64,205,36,187,30,116,195,71,203,45,178,1,43,246,78,201,121,205,125,42,189,16,227,38,136,14,110,207,70,230,29,135,237,96,194,72,153,25,131,227,57,145,31,151,11,141,230,48,227,37,174,9,156,227,87,240,32,176,27,103,231,124,194,62,132,90,78,244,78,172,38,130,28,6,191,18,229,120,155,31,99,197,90,185,115,182,234,122,221,89,189,38,144,251,120,203,47,176,6,148,249,83,250,40,170,24,158,252,70,221,56,254,76,36,236,10,220,34,134,23,41,225,37,226,117,200,91,98,206,87,166,54,205,225,102,210,86,236,98,210,205,54,234,75,165,11,253,170,61,144,99,186,6,159,238,78,149,35,190,23,33,169,7,201,57,146,26,104,254,2,217,61,151,21,106,234,25,230,114,196,79,118,140,19,231,110,137,173,48,134,9,168,67,216,167,121,200,46,167,3,139,162,71,158,101,187,14,144,229,65,197,100,132,92,35,245,76,210,59,135,7,38,193,7,203,116,199,90,45,201,85,230,56,153,11,125,139,123,170,48,149,237,115,203,73,181,40,147,240,60,209,127,245,3,158,247,1,219,53,250,12,117,231,73,151,15,190,28,97,241,79,223,37,129,39,101,244,94,183,37,201,2,50,130,84,189,47,129,175,68,200,83,163,20,128,166,109,196,90,188,111,216,171,62,145,100,247,74,221,241,86,194,38,242,44,99,251,76,210,42,128,0,98,209,72,185,127,198,24,121,235,93,235,27,138,16,117,205,83,171,41,149,211,121,192,82,187,17,213,181,59,197,36,173,75,218,236,85,199,41,247,60,144,251,75,204,56,212,81,36,183,10,157,112,195,86,104,233,91,173,123,171,26,96,197,93,163,59,153,229,96,134,4,236,36,143,143,56,139,30,241,68,215,170,61,248,109,149,8,146,235,75,209,41,175,11,33,169,7,138,71,192,83,38,185,12,159,114,197,85,38,190,117,161,57,153,24,48,207,89,170,61,131,162,102,201,86,190,13,157,233,125,141,38,188,10,149,227,104,193,101,189,29,155,227,93,151,36,184,17,113,244,80,156,60,135,18,101,254,64,181,120,199,19,99,195,95,179,61,133,17,117,133,90,174,48,149,247,57,160,29,240,67,214,169,60,143,98,248,69,219,220,64,218,44,250,25,104,246,6,218,32,176,1,96,235,95,158,61,133,25,111,189,85,167,49,140,92,105,203,71,187,47,213,161,123,201,86,180,64,150,254,105,205,81,182,69,151,254,106,198,37,165,14,142,176,84,222,44,178,79,109,246,75,206,62,136,17,99,180,39,224,115,198,89,44,191,18,229,62,132,12,49,220,23,247,125,221,178,46,133,28,254,90,217,168,42,128,116,244,3,149,135,0,147,102,249,76,223,178,5,152,107,254,81,98,248,88,157,42,195,75,41,177,30,250,121,200,74,54,141,20,246,116,216,160,119,201,51,236,127,210,165,56,139,30,241,68,215,170,61,144,99,246,73,149,233,2,205,104,241,78,121,180,12,154,55,192,89,38,227,12,131,111,197,73,51,190,27,228,102,210,93,100,203,83,167,86,207,162,53,136,27,238,65,212,167,58,141,96,243,70,217,172,63,146,101,248,7,145,242,69,219,106,173,80,62,182,74,217,33,150,16,122,187,5,225,2,130,25,121,207,65,245,119,130,26,101,141,64,231,126,193,168,55,208,20,218,67,214,169,60,143,98,245,72,219,174,1,148,103,250,77,32,179,6,153,108,179,29,102,249,71,158,63,129,22,120,248,67,183,118,212,92,98,195,65,160,117,134,244,115,194,48,237,64,211,166,57,140,31,242,69,216,171,62,145,100,247,74,221,176,3,150,47,179,29,34,252,8,134,110,211,88,39,185,5,161,38,146,22,34,207,93,172,54,159,13,49,203,69,234,38,141,170,54,205,83,197,66,213,168,59,142,97,244,71,218,173,0,147,102,249,76,223,178,5,152,107,254,81,36,183,70,210,51,130,26,41,253,3,226,55,200,70,46,192,65,179,53,195,208,124,207,87,184,44,169,236,56,134,30,224,57,217,218,114,195,42,162,0,147,225,14,149,41,174,26,110,186,119,213,36,142,7,117,194,69,226,124,181,23,120,247,69,173,56,132,119,48,131,22,233,124,207,162,53,136,27,238,65,212,167,58,141,96,243,70,217,172,63,146,101,180,4,157,240,72,151,43,191,80,62,182,127,217,44,150,26,122,168,0,175,49,144,82,111,142,107,230,116,204,30,60,253,20,235,110,221,164,117,132,103,240,78,214,232,50,245,107,223,72,219,174,1,148,103,250,77,32,179,6,153,108,255,82,37,184,11,158,113,196,87,42,189,92,172,53,136,16,47,195,69,232,102,206,215,113,196,78,162,18,192,168,119,201,72,250,21,214,211,62,156,100,182,68,165,188,3,134,101,252,31,44,207,8,150,110,128,90,93,179,39,224,115,198,89,44,191,18,229,120,203,94,49,132,23,234,125,208,163,54,137,28,239,66,213,228,116,205,32,184,71,142,173,29,147,39,187,86,187,253,81,144,42,188,88,36,169,10,141,112,130,24,109,188,66,163,33,128,85,109,205,85,170,42,197,225,99,156,125,163,43,218,228,122,130,30,254,68,150,232,39,244,44,162,65,157,237,11,153,104,235,66,33,165,14,154,34,146,83,54,147,12,159,114,197,88,43,190,17,228,119,202,93,48,131,22,233,124,207,162,53,136,27,238,65,154,226,123,223,37,160,18,217,177,63,223,36,172,3,208,252,77,217,98,179,21,98,228,76,207,59,206,85,32,250,94,225,121,199,27,111,128,25,230,45,197,81,95,196,95,165,55,133,241,115,207,20,218,67,214,169,60,143,98,245,72,219,174,1,148,103,250,77,32,179,6,153,108,186,28,97,146,11,158,113,196,87,42,189,16,227,118,201,92,47,130,21,232,123,206,161,52,206,92,237,14,150,231,107,201,76,166,69,198,182,62,130,106,226,74,156,254,71,150,39,185,14,112,240,91,207,110,221,84,106,251,89,168,125,142,12,107,250,18,177,48,142,16,27,132,23,234,125,208,163,54,137,28,239,66,213,168,59,142,97,244,71,218,173,0,147,102,249,24,158,240,73,221,101,183,31,119,242,88,201,120,233,86,41,188,15,226,117,200,91,46,129,20,231,122,205,160,51,134,25,236,127,210,165,56,139,30,241,68,215,235,104,196,44,248,42,157,225,70,220,44,186,26,100,231,11,176,109,192,83,38,185,12,159,114,197,88,43,190,17,228,119,202,93,48,131,22,233,124,207,162,53,136,27,238,26,212,215,117,222,41,167,15,150,226,63,143,101,168,71,222,194,71,216,56,184,80,62,182,68,221,59,138,91,110,247,65,174,38,207,20,104,193,65,163,42,152,95,56,133,10,235,117,209,180,57,159,20,240,73,214,184,44,159,114,245,67,219,246,1,158,103,162,77,43,179,92,153,102,255,8,37,229,33,158,113,196,87,42,189,16,227,118,201,92,47,130,21,232,123,206,161,52,135,26,237,64,211,175,19,140,31,242,69,216,171,62,145,100,247,74,221,176,3,150,105,252,79,34,181,77,213,42,235,84,39,186,13,224,115,198,89,44,191,18,229,120,203,94,49,193,89,174,87,208,163,54,137,28,239,66,213,168,59,142,97,177,9,158,135,0,147,102,249,76,223,178,5,221,37,186,123,36,183,10,157,112,195,86,41,232,78,160,57,141,85,125,206,70,179,114,140,245,103,201,23,143,62,156,225,113,207,95,165,1,132,166,61,214,54,184,10,136,230,77,219,96,186,66,33,246,14,176,109,192,83,38,185,12,159,114,197,88,43,190,88,162,119,139,83,67,192,89,187,57,207,252,40,136,89,224,50,151,232,104,200,96,167,14,156,226,21,146,101,248,75,222,177,4,151,106,253,80,35,182,9,156,111,144,16,124,238,92,175,116,134,84,94,195,92,180,60,204,67,50,199,22,152,61,158,246,114,160,29,240,67,214,169,60,143,98,245,72,219,174,68,218,35,208,77,32,179,6,153,108,255,82,37,184,11,158,56,130,87,107,179,96,172,37,128,8,102,205,91,230,3,206,255,41,135,88,227,48,156,245,112,216,86,189,11,214,211,62,197,44,178,4,247,176,3,150,105,252,79,34,181,8,155,110,193,84,39,186,13,178,54,146,12,126,241,18,164,118,187,17,98,205,67,163,50,158,173,78,137,0,239,0,219,216,116,221,40,160,14,149,227,14,235,76,249,76,223,178,5,152,107,254,81,36,183,10,216,62,135,124,41,188,15,226,117,200,91,46,129,20,231,122,159,229,103,211,75,162,127,147,171,72,196,77,184,16,158,229,115,158,25,246,85,220,237,12,229,39,168,7,117,253,72,212,99,186,121,38,185,12,159,114,197,88,43,251,95,160,126,224,93,48,131,22,172,50,139,136,53,136,27,238,13,155,228,123,193,96,176,7,151,232,118,214,36,172,14,141,177,25,151,43,168,4,108,184,106,221,33,134,28,108,250,90,164,39,199,21,127,128,72,187,83,204,95,50,133,81,173,126,210,231,118,196,89,185,7,151,253,121,220,98,232,85,219,190,1,192,47,191,3,10,179,6,153,108,255,82,37,184,89,219,37,145,5,100,189,94,170,58,227,92,47,130,21,173,53,138,139,52,135,26,237,6,156,244,57,243,31,239,69,201,167,62,220,37,163,2,211,253,74,216,97,238,91,46,181,11,216,47,143,16,110,254,76,180,54,149,80,44,251,93,207,120,203,94,49,132,23,234,125,184,173,85,200,82,171,11,145,233,111,203,97,233,71,210,197,14,240,39,183,8,150,246,68,204,46,254,30,118,183,26,148,112,198,86,42,255,78,172,49,129,31,111,213,81,180,122,198,160,34,172,25,236,127,210,165,56,139,30,189,11,148,235,113,144,51,246,84,220,236,67,219,44,178,10,96,224,66,201,22,168,93,69,248,66,219,59,129,25,127,251,108,234,7,133,14,121,215,95,166,50,229,162,53,136,27,238,65,212,167,115,203,96,251,22,217,161,63,209,32,182,31,155,227,13,153,7,188,23,109,255,93,201,43,135,85,52,166,14,240,108,199,14,101,197,93,204,121,204,95,50,133,24,235,126,209,164,55,138,81,191,0,151,229,60,221,39,166,29,151,250,1,137,103,141,62,58,193,71,192,47,190,1,113,176,91,158,122,196,33,111,254,68,172,36,218,82,97,199,66,224,107,194,161,37,151,10,225,64,195,175,53,140,105,183,6,140,228,108,130,106,185,15,138,184,19,154,105,241,93,50,165,4,155,126,200,88,39,234,76,178,50,139,10,37,149,18,229,120,203,94,49,132,23,234,125,208,163,127,207,28,189,7,134,253,119,218,97,160,15,159,227,42,147,102,249,76,223,178,5,152,107,254,81,36,183,10,157,112,143,25,106,253,67,226,50,154,20,123,207,80,231,103,205,242,118,213,76,160,43,220,213,119,216,87,165,13,152,228,23,144,99,246,73,220,175,2,149,104,251,78,33,180,7,154,109,140,28,101,248,64,159,49,137,29,106,236,17,249,119,158,15,101,198,60,233,124,207,162,53,136,27,238,65,212,167,58,141,96,243,70,159,227,109,146,26,244,75,138,254,83,210,56,253,25,109,182,89,221,38,144,6,32,211,0,149,59,144,31,127,211,26,230,61,131,117,50,133,24,235,126,209,164,55,138,29,240,67,214,169,60,143,98,245,72,219,226,78,215,38,182,77,112,252,85,153,113,255,58,43,200,68,205,56,144,30,101,243,24,183,57,158,25,125,139,63,232,123,206,161,52,135,26,237,64,211,166,57,140,31,242,69,216,171,62,145,45,177,96,221,176,3,150,105,252,79,34,181,8,155,110,193,84,39,186,13,224,115,198,89,44,191,18,181,55,152,116,49,132,23,234,125,208,163,54,137,28,239,66,213,168,59,142,97,244,71,218,173,0,147,102,184,2,155,178,13,238,46,189,5,107,229,25,147,62,134,1,33,236,64,177,123,176,87,46,145,24,231,42,130,243,61,252,16,236,114,210,211,125,200,74,190,22,196,164,115,213,52,254,14,142,224,87,219,44,245,54,45,180,23,150,109,135,1,105,236,66,219,124,191,81,34,176,124,165,48,132,20,100,214,82,172,86,207,162,53,136,27,238,65,212,167,58,141,96,243,70,217,172,63,146,101,248,75,222,177,4,151,106,253,80,63,182,29,146,122,232,85,40,187,14,225,116,199,90,45,128,19,230,121,204,95,50,133,24,235,126,133,236,114,196,55,240,67,214,169,60,143,98,245,72,219,174,1,148,103,250,77,32,179,6,153,108,255,82,37,251,71,219,48,150,87,55,189,86,162,58,154,25,5,130,21,232,123,206,161,52,135,26,237,64,211,166,57,140,31,242,69,216,171,62,145,100,247,8,143,245,66,221,67,252,79,34,181,8,155,110,193,84,39,186,13,224,115,198,89,44,191,18,229,61,133,26,27,132,23,234,125,208,163,54,137,28,239,66,213,168,59,142,97,177,9,158,135,0,147,102,249,76,223,178,5,152,107,254,81,36,183,10,157,57,133,86,106,240,74,163,39,200,15,102,196,90,205,122,205,160,51,134,25,236,127,210,165,56,139,30,241,68,215,170,61,144,99,176,6,142,175,125,153,104,171,11,111,240,78,212,42,192,26,104,185,92,222,59,151,11,35,214,31,133,34,158,18,62,243,90,168,63,138,210,112,198,95,167,15,147,174,58,201,47,217,70,217,172,63,146,101,248,75,222,177,4,151,106,253,80,35,182,9,156,111,194,85,40,187,66,174,55,134,22,45,195,85,230,100,204,15,119,203,92,162,48,150,170,86,201,73,185,12,152,167,95,233,48,180,5,158,132,1,148,103,250,77,32,179,6,153,108,255,82,37,184,11,158,113,196,87,42,189,16,227,118,128,26,5,130,21,232,123,206,161,52,135,26,237,64,211,166,57,140,31,242,69,216,171,62,145,100,247,74,221,176,3,158,31,185,12,118,250,90,136,96,143,17,112,178,78,166,8,215,36,32,191,2,233,120,136,24,74,151,106,227,125,221,163,64,204,95,187,13,135,187,53,192,36,163,79,157,255,79,198,40,189,66,167,190,5,136,103,254,22,118,248,95,211,52,205,44,32,181,1,143,52,143,21,103,213,65,163,63,231,160,51,134,25,236,127,210,165,56,139,30,241,68,215,170,61,144,99,246,73,220,175,2,149,104,251,78,33,168,7,142,99,213,121,38,185,12,159,114,197,88,43,190,17,228,119,202,93,48,131,22,233,124,207,162,53,136,27,186,9,145,233,16,141,96,243,70,217,172,63,146,101,248,75,222,177,4,151,106,253,80,35,182,9,156,111,194,85,40,187,14,162,56,130,27,127,128,14,230,63,141,19,97,192,50,235,126,209,164,55,138,29,240,67,214,169,60,143,98,245,72,219,174,1,148,103,250,77,32,179,6,153,108,189,0,96,249,64,180,113,196,87,42,189,16,227,118,201,92,47,130,21,232,123,206,161,52,135,26,237,64,211,166,124,194,91,216,69,216,171,62,145,100,247,74,221,176,3,150,105,252,79,34,181,8,155,110,132,26,99,144,13,224,115,198,89,44,191,18,229,120,203,94,49,132,23,234,56,158,231,28,137,28,239,66,213,168,59,142,97,244,71,218,173,0,147,102,176,10,223,241,73,221,42,172,81,112,255,79,211,90,195,86,41,188,15,226,117,200,91,46,129,20,231,122,205,160,51,134,25,236,51,157,230,121,199,30,161,11,158,228,105,195,99,235,73,180,161,99,192,60,180,64,81,251,78,212,57,147,83,105,235,12,196,47,239,88,43,190,17,228,119,202,93,48,131,22,233,124,207,162,53,136,27,238,65,146,232,104,141,41,243,91,217,190,51,146,102,168,4,151,255,80,196,106,185,31,9,182,9,156,111,194,85,40,187,14,225,116,199,90,45,128,19,230,121,204,95,50,133,24,235,50,158,231,118,198,29,177,79,214,235,60,146,98,165,7,146,224,85,199,28,179,77,45,179,23,228,98,143,29,118,241,95,215,62,138,91,42,237,95,170,56,157,15,84,203,104,230,11,129,242,125,211,83,162,14,249,166,57,140,31,242,69,216,171,62,145,100,247,74,221,176,3,150,105,252,79,34,181,8,155,34,142,23,102,246,13,161,49,198,68,44,201,87,166,44,132,12,34,138,89,175,42,216,225,56,241,28,226,66,148,166,67,130,97,228,75,218,239,14,233,102,244,76,158,188,127,145,65,254,81,36,183,10,157,112,195,86,41,188,15,226,117,200,91,46,129,20,231,122,205,160,51,202,86,175,62,158,165,121,219,30,236,68,161,239,126,196,44,164,90,210,225,71,194,96,188,28,110,225,73,222,99,184,83,43,185,77,145,10,201,88,59,178,17,163,37,133,8,126,199,24,147,124,194,162,116,134,97,231,107,212,167,58,141,96,243,70,217,172,63,146,101,248,75,222,177,4,151,106,253,80,35,182,9,208,32,129,20,100,187,90,225,105,199,27,111,154,119,169,45,196,30,112,140,24,245,126,193,164,118,196,89,240,14,151,253,116,129,33,185,9,150,254,9,213,55,224,41,111,231,14,216,46,246,82,42,184,74,220,107,160,24,126,181,81,161,127,197,92,63,142,21,249,114,206,238,102,135,10,199,64,211,166,57,140,31,242,69,216,171,62,145,100,247,74,221,176,3,150,105,252,79,34,181,65,221,110,201,21,119,186,0,224,50,132,89,38,191,70,236,118,166,31,118,202,94,190,40,148,230,54,149,28,252,76,192,168,111,198,36,186,109,218,173,0,147,102,249,76,223,178,5,152,107,254,81,36,183,10,157,112,195,86,41,188,15,226,117,200,91,109,205,81,166,40,205,189,51,192,88,160,44,151,143,56,139,30,241,68,215,170,61,144,99,246,73,220,175,2,149,104,251,78,33,180,7,154,109,192,83,38,185,78,205,55,132,19,1,190,17,228,119,202,93,48,131,22,233,124,207,162,53,136,27,238,65,212,167,58,141,96,243,3,151,232,21,146,101,248,75,222,177,4,151,106,253,80,35,182,9,156,111,194,85,40,187,75,175,48,237,90,45,128,19,230,121,204,95,50,133,24,235,126,209,164,55,207,83,180,105,214,169,60,143,98,245,72,219,174,1,148,103,250,77,32,179,79,223,108,188,30,96,249,89,158,37,140,18,100,151,16,227,118,201,92,47,130,21,232,123,206,161,52,135,26,237,64,211,166,57,222,90,166,16,138,229,62,242,2,165,11,144,245,13,216,44,171,71,101,231,71,206,32,133,93,13,186,13,224,115,198,89,44,191,18,229,120,203,94,49,132,23,175,51,148,137,54,137,28,239,66,213,168,59,142,97,244,71,159,227,68,185,102,249,76,223,178,5,152,107,187,31,96,157,10,157,112,195,19,103,248,37,226,117,200,91,124,196,64,178,40,131,160,125,207,85,198,58,156,225,18,161,19,252,68,164,230,114,192,110,165,29,133,227,71,149,59,190,28,104,245,75,154,41,137,0,118,248,88,220,58,128,10,49,190,65,171,59,134,93,115,204,88,175,53,157,239,116,220,82,161,15,135,167,109,196,52,187,9,140,248,63,208,41,183,8,149,248,74,208,106,178,4,107,243,91,156,59,141,2,109,233,93,239,94,175,84,76,213,71,169,121,209,95,105,175,24,235,126,209,212,123,203,94,181,51,147,231,120,198,44,178,72,198,174,90,201,107,208,77,32,179,6,236,60,184,0,100,252,78,238,52,138,19,99,243,87,227,107,201,7,114,142,63,232,123,206,161,71,203,85,185,35,156,233,117,200,80,165,11,139,171,35,145,63,170,70,247,176,3,150,105,136,0,117,240,90,248,33,142,24,99,245,90,174,32,198,68,44,228,79,233,82,203,94,49,132,113,171,52,156,246,100,204,79,239,95,213,243,102,130,75,244,71,218,173,110,214,62,173,45,139,178,24,152,123,242,123,36,183,10,157,0,143,23,106,249,123,183,39,134,91,51,129,64,181,47,136,172,25,219,51,170,42,156,230,108,194,81,191,68,191,164,92,197,55,185,71,190,250,81,204,96,242,100,33,180,7,154,63,133,7,115,235,66,159,60,128,0,127,182,121,234,22,159,9,127,141,102,165,61,140,231,69,205,85,170,8,154,224,51,141,62,238,70,151,229,115,146,42,170,75,144,244,92,195,98,149,94,66,227,93,211,97,183,5,111,233,79,165,49,183,31,99,196,90,168,62,197,95,108,152,24,165,55,157,142,114,196,89,218,5,131,231,127,219,43,186,6,219,198,15,245,50,174,2,46,209,83,221,43,186,6,45,177,33,158,113,196,87,102,242,83,162,58,201,14,106,209,80,186,45,139,229,52,154,26,253,106,211,166,57,140,89,189,23,216,212,50,145,52,178,4,153,249,77,209,105,181,1,34,229,73,210,60,146,92,79,180,108,181,39,137,87,92,243,83,166,61,187,27,127,192,94,164,58,217,163,114,198,54,239,66,213,168,59,142,97,244,21,159,254,69,193,48,188,8,223,175,5,202,46,173,20,118,225,79,217,112,200,86,33,236,74,172,49,129,21,105,143,119,168,41,153,160,124,212,25,132,113,177,228,107,195,22,248,77,253,170,61,144,99,179,7,152,133,2,149,104,251,8,110,230,7,229,97,192,3,99,247,72,214,60,130,88,98,240,17,180,54,131,15,99,139,126,231,29,154,246,122,134,110,190,6,134,230,126,200,16,182,8,157,229,113,213,108,248,15,145,155,4,151,106,253,80,35,182,9,206,42,145,16,122,237,75,165,116,218,90,127,197,64,163,43,154,26,118,133,19,235,118,129,225,121,206,84,190,4,216,202,115,220,54,245,7,137,174,105,154,4,187,30,104,187,15,144,70,255,82,37,184,78,208,53,238,87,42,189,16,177,51,157,9,125,204,21,165,58,154,233,58,202,91,181,72,195,170,57,228,17,145,4,139,227,54,152,100,250,74,143,245,80,211,59,170,10,102,188,34,222,32,133,126,97,239,67,163,39,143,22,98,191,122,235,25,158,10,126,138,103,165,49,156,171,63,163,28,239,66,213,228,116,205,32,184,71,155,248,84,220,102,228,76,183,188,100,205,63,177,123,36,183,10,157,60,140,21,104,240,15,172,58,159,91,51,129,91,180,116,142,236,124,197,82,228,118,248,165,56,139,30,183,11,133,170,116,212,111,246,25,153,225,70,220,38,188,78,104,250,7,202,44,137,1,117,177,77,202,38,138,86,91,242,80,167,50,186,24,126,199,95,167,59,198,162,113,199,49,238,65,212,167,58,141,96,243,10,150,239,126,222,101,190,4,139,255,64,155,106,188,29,97,255,78,201,32,151,6,40,166,14,137,122,161,19,99,196,99,170,56,143,26,127,192,86,191,118,129,225,121,206,84,190,4,216,200,127,219,43,186,6,215,174,81,209,41,190,4,110,244,8,251,41,185,29,119,253,2,180,113,196,87,42,189,16,227,118,128,26,47,196,90,189,53,138,161,117,201,94,237,6,156,243,119,200,17,135,11,145,255,87,213,100,234,87,221,249,71,150,61,180,10,108,159,8,155,110,193,84,39,186,13,224,115,198,89,109,234,70,170,118,187,18,112,199,82,154,56,158,231,127,199,91,148,11,145,213,59,147,97,186,14,150,135,0,147,102,249,76,223,178,5,152,107,254,81,101,226,94,210,126,176,26,102,232,108,173,58,132,31,97,214,90,180,1,132,228,78,134,4,236,49,157,242,56,128,30,130,74,182,255,105,223,7,179,5,157,246,40,149,104,251,78,33,180,7,154,109,192,83,38,209,2,236,55,145,43,127,255,69,177,36,194,95,81,214,66,166,126,195,162,55,248,87,175,2,145,227,58,143,96,253,72,217,234,112,199,43,188,69,176,240,73,210,106,243,94,35,180,9,192,111,129,26,102,253,71,179,57,130,30,47,137,57,230,121,204,95,50,133,24,235,59,157,247,114,195,91,240,75,151,228,126,198,37,160,7,142,253,1,219,53,250,3,111,228,6,148,108,175,23,107,252,66,208,54,202,54,126,189,14,254,118,216,76,38,130,84,166,63,206,239,123,211,26,189,5,157,226,112,194,88,252,50,153,249,112,212,32,247,30,149,245,77,188,105,252,79,34,181,8,155,110,193,84,39,186,93,165,61,130,16,98,248,28,146,57,153,16,116,192,23,247,125,132,241,99,204,54,239,66,213,168,59,142,97,244,71,218,173,0,251,104,138,9,139,193,81,217,63,171,2,44,157,10,157,112,195,86,41,188,15,226,117,200,91,46,129,20,231,120,172,245,103,201,27,224,85,210,165,56,139,30,241,68,215,170,61,144,99,246,73,220,175,67,216,42,178,9,116,251,82,201,71,192,83,38,185,12,159,114,197,88,43,190,17,228,119,202,93,48,131,22,233,51,157,162,61,162,27,238,65,212,167,58,141,96,243,70,217,172,63,146,101,248,75,222,177,4,151,106,253,80,33,198,69,221,44,135,24,109,245,90,225,33,137,25,98,206,85,175,43,129,26,118,159,24,233,84,209,164,55,138,29,240,67,214,169,60,143,98,245,72,219,174,1,148,103,250,77,32,179,6,151,98,255,2,96,246,79,215,63,131,89,75,254,68,170,57,135,82,65,195,88,173,81,206,161,52,135,26,237,64,211,166,57,140,31,242,69,216,171,62,145,100,247,74,221,176,3,152,103,252,77,34,233,8,207,38,136,7,39,239,67,169,39,198,16,127,191,94,170,59,128,27,117,132,71,175,51,148,234,120,206,28,163,3,129,237,59,205,46,186,1,147,255,77,210,50,176,3,145,176,47,152,107,254,81,36,183,10,157,112,195,86,41,188,15,226,117,200,91,46,129,29,205,122,205,160,51,134,25,236,127,210,165,56,139,23,219,68,215,170,61,144,99,246,73,153,225,70,191,104,251,78,33,241,73,222,71,192,83,38,185,74,208,32,197,17,111,178,17,180,50,132,25,121,205,81,233,53,129,162,101,201,82,188,18,220,230,111,217,47,253,51,137,235,109,211,33,189,59,155,255,64,222,36,186,89,35,242,70,182,111,194,85,40,187,14,225,116,139,21,110,193,95,230,45,131,8,119,215,24,246,126,185,170,67,197,74,181,17,133,210,117,203,31,223,72,219,174,1,148,103,250,77,105,245,6,215,35,171,82,113,247,92,219,35,196,24,120,189,24,183,57,135,9,98,192,80,186,115,154,238,99,194,72,227,44,150,240,124,192,22,242,10,138,171,47,152,100,233,74,141,245,77,210,32,178,8,44,217,77,205,43,141,84,115,242,72,174,89,198,89,44,191,18,229,120,203,94,49,132,23,171,40,132,236,56,252,76,168,16,148,236,126,254,36,186,3,147,227,71,232,47,189,49,223,175,5,214,34,178,123,36,183,10,157,112,195,86,41,188,15,226,117,137,14,122,206,26,147,53,154,229,97,229,86,163,51,150,234,111,197,77,138,13,147,215,61,141,99,184,6,139,175,9,149,27,245,47,116,224,72,254,40,140,18,127,147,12,159,114,197,88,43,190,17,228,119,202,93,113,214,66,166,114,169,227,124,196,78,188,4,135,220,115,201,29,243,91,217,226,118,222,79,248,75,222,177,4,151,106,253,80,35,182,9,213,41,194,1,103,236,75,179,116,147,18,104,206,57,230,121,204,95,50,133,24,235,126,209,164,55,138,29,240,67,190,167,79,202,54,134,28,154,250,84,199,111,248,44,117,231,73,155,96,255,80,80,232,76,204,48,128,18,110,189,18,227,120,199,92,123,205,66,173,41,192,207,117,202,95,237,78,221,166,59,140,67,242,9,157,253,123,221,100,245,74,211,190,3,194,38,171,10,112,187,100,222,56,132,24,46,144,13,224,115,198,89,44,191,18,229,120,203,94,116,202,83,192,125,208,163,54,137,28,239,66,144,228,104,203,40,178,71,148,226,87,147,107,249,28,154,252,65,209,37,185,95,69,227,10,131,109,195,71,57,188,91,170,48,134,113,46,129,20,231,122,205,160,51,134,25,236,127,147,240,108,196,16,132,20,144,248,124,212,38,134,12,146,235,75,219,47,128,7,101,201,7,135,109,142,26,106,147,12,159,114,197,88,43,190,17,228,119,202,93,113,214,66,166,114,187,237,98,205,73,141,14,155,235,126,194,55,189,21,162,229,123,239,101,229,75,144,254,83,151,97,253,65,54,156,9,156,111,194,85,40,187,14,225,116,199,90,108,213,71,169,119,170,30,123,201,77,185,59,130,223,126,206,96,240,94,214,242,60,248,35,163,13,219,179,1,252,105,141,12,118,246,14,144,96,255,49,100,235,67,158,108,196,63,36,222,81,176,62,193,85,35,130,121,173,45,139,237,52,154,26,185,15,132,227,107,130,115,183,19,157,231,62,204,78,247,74,221,176,3,150,105,252,79,34,181,8,243,96,178,17,115,201,89,161,39,147,10,36,149,18,229,120,203,94,49,132,23,234,125,208,163,54,137,28,239,64,180,253,111,193,99,248,109,218,173,0,147,102,249,76,223,178,5,152,107,254,81,36,183,8,232,32,132,4,104,248,74,226,32,134,24,97,207,82,174,40,128,229,119,156,25,238,127,220,171,56,223,81,166,1,133,164,83,209,46,179,73,210,161,2,151,104,167,78,113,245,82,201,40,132,83,115,247,88,214,62,197,15,106,232,84,235,52,139,14,120,140,90,172,42,138,238,53,203,83,175,15,147,226,105,143,74,243,70,217,172,63,146,101,248,75,222,177,4,158,64,253,80,35,182,9,156,111,194,16,102,255,36,225,116,199,90,104,206,87,204,60,130,27,24,195,77,165,61,133,237,120,196,29,152,77,183,252,104,192,108,128,24,156,252,64,208,34,137,25,101,227,14,144,70,255,82,37,184,66,216,113,138,24,126,189,99,237,23,156,8,96,247,69,175,41,143,229,113,135,78,165,5,157,140,57,140,31,242,69,216,171,62,195,33,163,31,143,254,3,208,40,176,28,103,159,8,155,110,193,17,105,254,39,224,115,198,89,96,240,81,164,52,203,31,100,208,88,234,96,208,203,56,232,73,187,13,255,168,59,142,97,184,8,153,236,76,147,37,184,31,151,178,24,152,42,171,5,107,185,104,200,52,132,19,125,180,6,200,117,200,91,46,205,91,164,59,129,160,97,195,88,168,38,210,184,56,208,67,219,68,215,170,61,214,44,164,73,163,163,2,193,39,172,11,115,180,78,212,109,137,3,103,240,94,204,122,173,86,68,233,95,161,51,194,84,57,131,82,166,86,207,162,53,136,27,238,65,212,235,117,206,33,191,70,144,232,63,143,101,172,4,137,244,86,153,3,185,122,35,182,9,156,111,194,85,40,247,65,162,53,139,90,107,193,90,170,44,158,26,50,152,24,170,43,133,235,57,236,92,185,15,131,251,121,220,25,188,12,166,132,1,148,103,250,77,32,179,6,213,35,188,19,105,184,91,204,56,135,18,42,160,16,139,120,188,12,104,208,84,172,62,173,238,103,211,18,185,15,132,227,107,133,53,242,69,216,171,62,145,100,247,6,146,243,66,218,105,191,7,99,251,79,222,42,193,73,39,244,66,180,115,128,24,101,243,71,183,61,225,94,49,132,23,234,125,208,163,54,137,28,239,13,135,168,111,193,54,177,21,212,193,69,197,35,181,76,129,175,5,222,42,183,29,113,229,79,147,28,134,0,108,240,37,226,117,200,91,46,129,20,231,122,205,160,51,201,75,236,23,220,210,121,221,91,249,77,215,244,32,144,37,183,0,144,250,80,208,102,140,15,119,241,45,154,109,192,83,38,185,12,159,114,197,88,43,241,67,228,31,196,62,113,208,94,225,117,207,188,53,206,90,167,13,129,245,127,131,3,178,21,145,172,52,146,116,232,91,244,177,4,151,106,253,80,35,182,64,218,69,194,85,40,187,14,225,116,199,90,45,128,19,165,49,141,17,117,192,92,193,126,209,164,55,138,29,240,67,214,169,60,143,35,187,12,219,224,78,192,103,187,24,116,252,8,236,60,184,0,100,252,78,238,52,138,19,99,243,87,152,63,141,33,5,130,21,232,123,206,161,52,135,26,237,64,211,231,119,200,31,189,22,214,232,114,222,39,188,66,212,176,29,139,105,244,14,119,225,71,149,26,142,3,98,232,110,175,60,138,29,99,232,92,182,3,130,26,76,132,88,184,125,192,170,28,137,28,239,66,213,168,59,142,97,244,71,218,236,78,215,102,241,68,143,224,76,219,46,254,16,106,243,10,205,34,138,21,108,188,17,226,101,200,26,96,197,20,183,40,132,227,118,134,5,241,127,145,228,107,195,23,241,11,133,170,53,222,44,162,73,140,253,75,214,45,251,15,111,240,7,217,44,147,27,38,167,12,143,114,132,22,111,190,95,171,35,202,28,101,215,89,231,30,154,241,108,128,18,231,72,254,167,58,141,96,243,70,217,172,107,218,32,182,97,222,177,4,151,106,253,80,35,182,9,156,111,150,20,106,247,75,239,61,137,9,104,210,71,238,43,137,30,118,220,20,235,37,209,208,120,221,88,162,67,203,169,104,192,53,176,26,215,174,113,198,46,185,8,32,174,6,201,62,182,17,96,184,86,151,91,196,87,42,189,16,227,118,201,25,97,198,63,232,123,206,161,113,201,94,199,64,211,166,57,216,94,176,9,157,165,109,222,54,163,66,143,245,66,210,48,240,79,100,224,70,216,58,136,27,105,178,76,236,115,132,80,6,191,18,229,120,203,94,49,132,91,165,62,145,239,54,200,76,227,66,151,248,59,147,97,181,73,170,255,73,208,35,249,3,141,178,72,217,63,182,95,108,226,77,216,124,195,20,39,204,93,171,54,141,91,97,211,20,170,59,153,232,61,206,76,171,58,248,165,56,139,30,241,68,215,170,116,214,99,183,25,220,178,31,149,42,171,78,117,252,66,212,71,192,83,38,185,12,159,114,197,88,43,190,17,182,50,158,8,98,205,22,189,51,156,246,103,193,85,169,73,149,169,78,194,55,182,20,215,197,123,155,101,228,75,138,254,87,195,56,180,30,100,190,75,146,27,141,2,109,233,0,136,48,206,112,45,128,19,230,121,204,95,50,192,86,175,84,209,164,55,138,29,240,67,214,251,121,219,55,167,6,219,239,81,148,123,250,15,112,153,6,153,108,255,23,107,252,2,180,113,196,87,42,241,95,160,55,133,92,106,204,65,186,34,206,188,52,213,95,172,4,138,221,40,241,53,242,69,216,171,119,215,100,185,5,137,176,70,216,61,174,22,34,225,64,222,32,235,84,39,186,13,224,115,198,89,126,250,70,176,42,133,94,119,197,91,185,56,250,163,54,137,28,170,12,145,130,59,142,97,244,11,149,238,65,223,102,173,3,136,247,87,152,118,254,20,106,227,88,196,126,183,25,126,249,93,200,117,200,91,46,205,91,164,59,129,160,99,195,87,168,54,156,226,56,150,30,170,68,182,254,61,141,99,185,26,210,236,78,218,43,176,70,40,184,7,246,40,150,22,106,185,17,159,38,138,22,126,243,83,161,37,194,9,127,212,83,187,114,163,231,99,205,87,231,65,155,245,58,156,108,243,37,150,255,107,146,120,248,14,144,229,86,206,100,141,2,106,245,76,156,50,232,85,40,187,14,160,33,147,21,35,245,67,161,43,141,27,119,245,93,165,58,152,234,112,241,73,191,20,147,251,50,230,38,136,72,198,174,81,209,41,190,4,110,244,6,148,97,255,1,112,250,88,221,35,141,21,111,178,83,162,38,157,9,125,199,21,170,62,136,238,102,194,26,169,9,128,246,120,216,92,186,111,216,171,62,145,40,184,9,156,252,3,197,44,178,27,46,181,90,222,47,146,27,105,186,16,224,27,200,63,101,237,87,237,122,191,17,102,193,69,159,45,151,241,119,205,89,237,78,213,243,59,231,37,244,90,218,249,79,196,35,171,66,182,246,5,197,98,212,81,36,183,10,212,54,195,24,102,232,15,177,48,134,15,46,213,92,162,52,231,160,51,134,25,236,127,210,165,121,222,74,190,74,162,250,122,194,34,178,12,172,234,76,209,33,181,9,90,224,72,205,40,146,93,79,253,113,159,111,197,22,98,242,59,228,119,202,93,48,131,22,233,61,154,246,122,134,111,161,22,145,245,89,194,47,191,2,150,251,113,193,30,172,4,137,244,86,153,3,185,45,35,171,9,211,60,204,22,100,244,77,170,124,206,90,38,128,1,204,121,204,95,50,133,24,235,126,185,170,68,207,73,131,23,151,253,105,220,106,247,41,142,250,78,150,107,250,25,111,224,82,203,37,177,21,45,234,78,223,34,139,25,35,180,58,227,118,201,92,106,206,70,173,81,206,161,52,135,26,237,64,211,206,55,255,90,166,54,140,234,106,196,55,255,72,188,229,87,217,107,240,79,32,192,88,220,60,128,16,110,244,74,224,113,198,87,34,191,70,170,47,142,12,63,234,86,167,56,208,173,56,137,30,239,30,213,255,122,199,53,189,9,157,173,70,220,52,249,0,154,228,64,212,107,189,30,106,241,67,207,61,130,2,96,243,65,224,124,226,91,46,129,20,162,52,137,138,51,134,25,236,45,151,241,109,217,80,241,16,133,255,120,186,38,184,13,246,233,87,219,43,175,7,110,250,7,242,99,161,6,114,246,2,239,62,132,27,110,205,69,161,39,194,84,26,131,22,233,124,134,228,53,198,84,186,65,167,169,91,216,52,188,54,149,237,124,215,101,172,3,155,255,46,151,106,253,80,35,182,9,156,61,135,1,125,233,64,225,50,134,22,126,197,57,230,121,204,95,119,203,92,193,126,209,164,55,198,82,179,2,154,169,125,218,54,186,72,198,174,105,154,6,175,25,111,153,6,153,108,255,30,106,251,74,210,113,145,25,99,233,67,227,107,201,52,33,231,68,189,50,158,241,113,195,18,228,106,211,166,57,140,83,189,6,153,231,62,210,37,164,2,221,173,3,215,60,168,0,44,215,93,223,41,132,0,47,179,39,224,115,198,89,101,249,18,230,45,133,23,101,215,23,247,96,208,179,54,221,84,170,12,255,168,59,142,97,244,71,218,173,104,157,21,188,24,172,230,68,204,62,173,89,38,214,95,201,63,193,90,41,190,120,163,60,156,18,96,198,20,161,53,159,160,118,215,76,165,47,130,224,124,139,82,190,5,147,229,104,196,99,176,27,147,226,2,217,39,184,15,109,180,85,223,61,140,26,101,248,14,150,88,197,88,43,190,17,228,119,202,15,117,215,67,187,50,207,228,116,196,72,171,107,212,167,58,141,37,189,2,243,172,63,146,101,180,4,157,240,72,151,38,188,18,102,250,9,129,111,170,91,79,206,103,233,118,180,14,108,212,64,233,22,152,23,119,215,109,130,113,165,235,96,207,79,163,65,223,131,60,143,98,245,1,157,174,77,213,37,191,1,32,231,78,220,34,213,82,37,184,11,158,113,196,87,102,242,83,162,58,201,31,96,215,91,188,119,206,236,117,223,26,240,64,159,231,123,201,83,252,49,157,243,106,139,41,182,30,158,248,11,148,97,249,11,41,188,13,200,100,206,81,116,176,5,229,55,205,80,46,182,56,229,120,203,94,49,132,23,234,49,159,224,119,197,28,191,7,155,236,114,192,38,244,90,218,189,42,147,102,249,76,223,178,5,152,45,177,3,36,200,10,212,62,195,6,104,245,93,177,125,137,14,122,206,26,151,54,140,227,118,246,92,162,59,155,235,127,130,30,181,11,253,170,61,144,99,246,73,220,175,2,149,104,251,30,100,250,67,211,35,135,83,59,185,92,218,60,129,17,101,249,17,239,119,219,119,48,131,22,233,124,207,162,53,205,85,170,107,212,167,58,141,96,243,70,217,229,121,146,38,183,30,144,229,4,214,36,185,80,119,249,71,201,34,128,16,122,179,77,174,33,137,14,36,128,24,230,41,137,17,118,204,86,172,126,207,185,55,222,82,190,22,155,235,121,221,106,184,9,131,167,1,192,47,191,3,10,179,6,153,108,255,82,37,184,11,158,113,196,63,36,206,85,183,5,157,29,123,215,70,224,121,175,244,96,200,24,225,64,209,210,118,219,90,160,69,148,226,115,216,48,247,24,152,241,64,222,44,184,79,45,181,90,222,61,132,6,113,255,73,226,122,236,89,44,191,18,229,120,203,94,49,132,23,234,47,149,247,99,219,82,239,4,148,228,104,203,75,244,71,218,173,0,147,102,249,9,145,246,47,152,107,254,81,97,249,78,183,112,195,86,41,240,64,161,52,132,91,109,201,91,180,63,131,172,51,197,86,191,43,248,165,56,139,30,189,11,148,235,113,144,46,191,26,143,230,76,210,100,251,30,100,250,67,211,35,135,48,105,236,66,203,126,197,27,99,251,80,180,50,153,9,48,158,22,249,112,207,178,57,136,86,175,21,156,169,114,216,39,182,108,217,172,63,146,35,183,25,222,206,4,138,106,236,92,35,181,92,210,38,150,6,40,255,65,203,116,199,90,45,128,19,230,121,141,10,102,202,22,152,50,158,240,94,196,89,181,27,214,180,60,135,35,160,28,148,160,114,216,40,174,36,110,247,67,193,108,176,0,37,168,2,158,116,196,84,127,243,89,183,37,201,87,47,147,63,232,123,206,161,52,135,26,237,12,156,229,120,192,31,167,11,145,255,62,140,100,162,4,148,228,80,237,40,169,27,109,187,123,215,33,149,61,105,254,72,184,14,236,89,44,191,18,229,120,203,94,125,203,84,171,49,208,243,100,192,95,170,66,200,168,83,128,20,186,14,142,206,79,192,50,241,25,145,251,81,150,5,191,28,97,187,10,200,62,138,2,32,150,15,226,117,200,91,46,129,20,174,60,205,238,124,210,25,188,45,155,230,125,139,81,163,68,135,248,116,211,38,246,85,193,175,18,149,60,179,11,111,158,7,154,109,192,83,38,185,12,159,114,197,88,102,247,66,183,62,132,26,48,158,22,164,53,156,241,124,198,92,238,74,212,182,16,141,96,243,70,217,172,63,146,32,182,15,244,177,4,151,106,253,80,35,182,64,218,111,131,0,124,244,0,145,56,134,25,104,240,86,168,61,133,17,117,254,77,165,55,133,170,94,206,96,240,23,158,236,114,165,98,245,72,219,174,1,148,103,250,77,32,179,86,220,34,187,27,107,255,104,209,36,138,3,42,160,16,179,51,135,24,102,204,82,139,52,155,239,96,135,17,237,81,249,166,57,140,31,242,69,216,171,123,223,32,221,74,221,176,3,150,105,252,79,107,243,8,203,60,136,23,98,186,76,174,55,198,9,126,246,81,160,120,213,94,33,132,67,162,56,158,137,54,137,28,239,66,213,168,59,142,97,244,71,153,229,69,210,54,188,31,139,178,24,152,38,191,5,108,185,71,212,62,203,21,97,249,78,178,48,155,15,34,129,68,181,51,142,229,58,172,25,236,127,210,165,56,139,30,180,10,147,128,61,144,99,246,73,220,175,2,220,46,209,78,33,180,7,154,109,192,83,38,185,12,159,60,138,12,43,255,68,176,56,196,45,124,194,85,172,12,138,236,113,193,85,169,58,129,233,115,217,110,154,2,164,134,63,146,101,248,75,222,177,4,151,106,253,80,98,248,77,156,32,145,91,107,247,65,162,63,207,83,45,158,14,230,113,141,10,102,202,22,152,50,158,240,84,197,82,188,7,153,254,114,220,25,160,6,146,250,15,253,35,135,77,111,225,6,137,101,213,82,37,184,11,158,113,196,87,42,189,16,227,55,135,24,47,210,71,161,56,139,139,52,135,26,237,64,211,166,57,140,31,242,69,153,229,122,145,52,165,3,158,245,3,136,105,236,101,34,181,8,155,110,193,84,39,186,13,224,115,135,23,104,191,66,183,49,136,27,49,152,10,234,62,145,240,126,163,28,239,66,213,168,59,142,97,160,15,159,227,42,147,102,249,76,223,178,5,152,107,254,81,36,244,66,210,35,134,24,37,188,76,173,38,156,91,51,129,65,169,51,153,172,51,214,75,165,60,151,143,56,139,30,241,68,215,170,61,144,99,246,73,158,253,71,212,35,209,78,33,180,7,154,109,192,83,99,247,72,181,114,197,88,43,251,95,160,93,202,93,48,131,95,175,124,129,237,97,136,88,166,14,135,226,116,141,52,187,3,151,134,63,146,101,248,75,222,177,4,219,37,190,17,111,182,91,217,46,145,26,102,145,14,225,116,199,90,45,128,19,175,63,204,15,119,203,92,162,48,150,199,120,223,83,164,67,203,180,60,140,55,187,1,143,253,1,192,47,191,3,10,179,6,153,108,255,82,37,184,11,158,113,196,5,111,252,67,172,56,201,65,47,128,98,169,50,154,232,122,192,26,171,15,129,166,77,195,72,183,23,185,239,122,145,39,184,4,155,249,81,219,40,168,6,109,251,8,199,110,195,84,41,180,13,176,54,136,29,101,241,85,134,55,158,16,101,132,25,228,125,210,163,101,197,83,187,74,134,161,59,222,36,186,3,147,227,71,145,76,249,76,223,178,5,152,107,254,20,104,228,79,212,54,195,27,96,239,92,171,59,143,91,51,156,20,228,47,131,233,103,213,25,184,55,151,235,18,139,30,241,68,215,170,61,144,99,246,73,220,253,71,212,59,180,0,33,169,7,152,14,129,29,104,246,88,159,32,128,25,111,190,84,181,34,131,13,96,198,82,233,47,131,237,97,136,75,188,8,151,226,105,141,60,243,5,152,255,119,146,103,248,69,208,177,108,153,9,188,3,107,190,0,182,111,194,85,40,187,14,225,116,130,22,126,197,90,160,121,143,23,119,196,72,174,45,133,164,41,138,94,177,16,158,169,104,199,39,187,98,219,174,1,148,103,250,77,32,179,6,153,108,173,23,100,235,68,208,113,217,87,40,202,81,170,34,128,18,104,130,83,167,41,206,236,123,201,95,180,64,143,166,120,218,94,187,9,153,233,114,212,100,245,74,211,190,3,213,40,175,7,34,187,6,155,108,193,91,39,249,69,165,50,150,28,127,235,18,231,120,197,80,49,199,95,175,60,128,230,101,221,54,239,66,213,168,59,142,97,244,2,150,254,69,185,102,249,76,223,178,5,152,107,254,81,36,183,88,216,49,144,25,103,188,18,226,119,191,26,103,213,93,169,61,205,230,124,212,25,191,51,157,241,56,200,81,190,8,147,229,106,222,99,249,73,140,234,76,209,33,181,9,33,247,72,212,43,137,1,107,248,88,214,61,139,88,119,190,80,178,54,131,17,113,193,90,172,124,205,162,59,134,27,173,0,135,239,16,141,96,243,70,217,172,63,146,32,182,15,244,177,4,151,106,253,80,35,182,97,146,28,135,1,91,239,79,181,33,148,82,47,225,70,178,54,206,83,50,215,93,170,45,158,234,62,160,29,240,67,214,169,60,143,98,167,13,143,251,83,218,103,188,12,108,224,67,179,108,255,82,37,253,69,218,91,196,87,42,189,92,172,53,136,16,47,193,83,232,102,206,201,58,247,86,172,3,150,197,120,194,91,187,1,153,255,123,153,109,221,74,221,176,3,223,47,252,1,109,225,8,216,40,193,0,111,255,67,202,115,198,89,44,191,18,229,120,163,80,66,193,67,153,41,145,247,99,218,20,237,35,128,252,116,140,109,244,69,169,232,65,193,37,177,5,145,245,5,222,36,172,81,103,251,79,220,34,195,17,123,243,90,172,49,200,25,107,210,93,163,63,205,244,123,195,25,188,62,134,237,58,130,52,241,68,215,170,61,144,99,246,27,153,251,87,199,38,251,8,96,248,84,223,71,192,83,38,185,73,209,54,239,88,43,190,17,168,56,137,28,124,131,84,172,58,128,240,112,136,6,238,26,137,141,58,141,96,243,0,150,254,63,237,105,248,31,222,248,74,151,35,173,17,106,228,90,148,7,204,58,127,245,75,165,124,206,83,45,196,92,204,121,204,95,50,133,24,235,126,147,225,113,197,79,181,56,130,167,85,203,31,245,85,219,250,83,193,34,208,77,32,179,6,220,34,187,120,37,184,11,158,25,202,52,107,243,84,170,50,136,8,106,130,8,232,107,206,172,57,135,105,185,1,129,242,57,205,88,179,12,150,171,127,197,100,163,2,152,176,77,211,40,174,10,113,225,8,221,60,132,17,39,255,73,167,54,198,31,99,237,18,177,48,142,94,127,193,79,190,125,132,236,97,204,78,225,104,213,168,59,142,45,187,4,155,225,0,210,37,173,5,144,252,5,133,107,165,81,74,246,71,216,112,222,86,106,244,64,177,48,134,85,64,192,89,162,118,205,213,125,207,77,133,59,210,184,56,200,86,190,23,146,228,51,249,39,250,73,191,201,80,212,37,190,78,60,180,92,154,46,134,73,65,252,88,252,61,136,8,100,240,84,170,35,153,85,57,131,75,233,33,229,162,53,136,27,175,20,128,232,52,253,44,178,5,156,220,122,220,33,177,5,153,202,71,223,37,174,21,109,184,96,216,18,194,72,40,224,14,128,32,199,71,45,207,64,232,58,128,16,113,206,16,226,114,209,198,114,204,82,162,6,214,180,60,205,39,179,7,137,235,13,148,6,185,25,105,252,72,153,113,255,19,102,236,66,209,63,200,87,73,242,67,183,118,212,92,108,205,70,188,123,147,139,52,135,26,237,12,156,229,120,192,31,161,0,150,255,50,145,54,178,11,142,255,77,150,116,214,79,34,181,8,155,110,193,84,79,180,107,169,33,131,81,46,203,93,178,61,153,63,117,192,21,230,125,139,163,88,200,81,170,66,200,168,120,198,46,167,2,148,163,110,210,43,188,64,223,199,75,209,63,151,21,36,170,10,222,56,140,5,108,242,1,139,49,196,91,94,206,71,231,103,205,227,117,136,105,163,44,155,241,113,196,80,253,68,180,204,111,209,46,179,73,193,175,65,211,104,166,71,11,180,7,154,109,137,21,38,247,67,203,114,150,29,101,234,17,176,63,143,19,26,131,22,233,124,207,162,53,136,90,187,21,155,169,74,193,33,176,3,169,233,113,214,44,182,12,165,242,76,216,57,184,30,45,223,77,225,111,223,85,102,242,66,203,116,199,90,45,128,19,230,121,141,10,102,202,22,152,50,158,240,84,197,82,188,7,153,254,114,220,25,182,0,148,253,68,218,105,147,9,93,179,27,153,35,172,92,102,244,68,221,58,204,94,42,182,16,241,92,201,92,47,130,21,232,123,206,201,58,244,95,185,51,135,231,109,217,76,250,71,185,254,106,222,102,251,74,137,255,80,194,59,181,1,101,189,90,222,47,146,27,105,179,4,202,115,198,89,44,250,94,182,61,225,94,49,132,23,234,125,208,163,94,135,111,170,22,166,252,122,218,52,167,79,216,204,85,199,41,251,64,223,176,117,212,42,189,24,106,240,10,159,112,205,88,41,255,71,173,38,141,21,32,239,85,170,63,205,174,61,134,27,236,35,210,242,121,194,74,184,10,144,170,123,223,49,246,29,147,248,71,199,104,184,1,111,242,78,200,32,129,7,111,246,66,157,123,239,88,43,190,17,161,57,142,119,48,131,22,233,46,138,246,96,218,85,238,21,134,242,127,167,37,189,2,243,234,106,220,38,172,2,145,255,4,255,100,156,5,119,249,122,200,42,146,93,33,145,14,225,116,199,22,98,195,82,170,121,141,10,102,202,24,246,126,185,170,86,223,73,191,105,214,169,60,143,43,179,72,179,160,96,215,51,179,27,101,187,15,153,56,183,23,107,146,11,158,113,196,87,42,189,16,139,120,185,29,123,202,97,169,41,137,228,96,143,19,199,64,211,166,57,201,81,182,111,216,171,62,145,37,162,30,146,190,115,217,37,176,71,43,159,8,155,110,193,29,97,186,67,175,39,198,42,34,222,71,177,55,187,18,112,199,82,234,60,158,231,54,199,83,187,66,166,166,90,219,53,187,50,138,234,82,210,34,188,76,139,250,64,214,65,254,81,36,183,10,157,112,195,62,39,207,74,182,6,156,26,122,212,71,239,120,172,245,103,201,27,224,127,147,240,108,196,16,147,17,132,243,53,153,99,183,7,152,175,0,241,33,168,15,99,248,66,222,109,156,83,116,252,95,208,62,147,17,101,249,17,171,34,158,14,100,194,88,173,53,129,229,53,218,94,191,20,145,244,110,222,98,243,9,139,172,61,246,44,171,10,156,253,65,211,104,244,122,35,182,9,156,111,194,85,40,233,75,181,33,149,20,7,128,19,230,121,137,17,118,175,24,235,126,209,237,113,138,117,254,51,154,232,101,198,44,178,72,148,252,1,252,105,136,8,99,252,84,221,37,177,21,37,236,67,219,63,238,87,42,189,16,227,118,201,92,71,140,102,173,47,189,245,117,211,79,190,72,209,199,108,216,80,240,73,216,169,78,208,49,164,15,153,170,3,219,40,191,29,109,181,90,222,45,142,6,99,243,67,167,115,201,89,124,243,83,188,58,138,29,122,134,30,192,125,208,163,54,137,28,239,66,135,237,111,219,51,186,109,218,173,0,147,35,183,8,245,178,5,152,107,183,23,36,249,69,201,112,171,88,72,255,91,171,35,141,83,39,129,64,175,63,131,138,51,134,25,236,127,210,165,56,227,16,130,1,131,217,105,209,55,163,26,212,173,99,192,60,180,76,45,180,5,237,44,137,7,111,247,75,159,52,138,10,43,255,17,169,54,158,30,120,129,31,195,124,207,162,53,136,27,238,65,134,226,110,216,50,189,108,217,172,63,146,32,182,15,244,177,4,151,106,180,22,35,197,7,253,58,150,26,88,247,79,162,49,199,27,99,196,19,229,17,194,58,99,208,81,187,46,148,224,63,131,29,237,94,214,185,60,206,44,177,72,148,253,15,215,43,181,14,107,187,15,153,114,226,82,45,249,94,202,62,202,63,115,249,66,162,34,140,61,123,130,90,186,123,222,168,52,211,82,168,14,249,166,57,140,31,242,69,216,171,127,196,48,184,68,181,233,71,196,40,168,10,67,225,92,222,35,145,0,116,186,16,224,123,135,12,120,240,28,141,33,143,12,112,208,82,139,41,132,230,123,217,72,188,66,154,250,59,158,104,244,76,218,188,42,147,102,249,76,223,178,5,152,42,171,5,107,185,98,196,52,145,23,125,249,110,182,117,213,91,97,210,26,164,54,130,227,120,142,16,236,116,210,173,121,222,74,190,74,191,243,121,194,34,162,12,189,251,86,208,37,171,26,114,180,27,135,109,211,83,103,247,72,159,99,213,88,100,236,17,247,103,195,119,48,131,22,233,124,207,162,53,224,21,134,24,144,245,123,217,37,251,79,243,172,63,146,101,189,5,154,155,4,151,106,253,25,101,182,70,207,97,129,25,103,248,69,233,125,199,70,45,193,70,178,54,194,49,119,221,76,138,42,209,240,127,207,83,218,67,214,169,60,143,98,245,72,137,235,85,193,53,180,103,32,179,6,153,41,177,22,15,184,11,158,113,136,24,105,252,92,227,50,128,15,127,195,65,171,51,139,229,52,154,26,171,1,159,245,124,166,31,242,69,216,226,120,145,37,162,30,146,190,115,218,40,191,10,86,224,90,213,110,149,28,98,244,39,224,115,198,89,44,191,18,229,60,130,13,97,197,67,169,53,149,231,54,148,28,174,23,129,231,53,254,45,181,4,159,222,84,214,54,241,69,245,178,5,152,107,254,81,36,183,67,219,112,141,25,125,188,75,171,38,152,26,122,194,92,162,62,205,244,123,195,87,198,127,210,165,56,139,30,241,68,215,170,61,144,39,191,26,140,238,86,214,32,190,10,33,169,7,219,56,148,28,40,204,92,216,32,132,28,110,205,69,161,39,194,84,26,131,22,233,124,207,162,53,136,94,160,5,254,167,58,141,96,182,10,138,233,21,146,101,248,75,222,177,4,151,46,180,3,115,247,93,223,39,135,17,40,166,14,160,33,147,21,35,245,67,161,43,141,27,119,246,76,174,46,217,173,29,138,29,240,67,214,169,60,143,43,179,72,149,225,85,148,35,179,30,112,242,82,218,36,186,22,37,236,67,219,63,238,87,42,189,16,227,118,201,92,47,130,21,232,63,135,242,100,198,78,174,8,150,226,57,145,31,179,16,140,228,48,225,40,182,9,152,195,87,211,57,244,70,8,181,8,155,110,193,84,39,186,72,174,55,236,89,44,191,18,160,54,143,116,49,132,23,234,52,150,163,114,192,79,191,3,129,235,115,203,37,244,19,146,232,78,185,102,249,76,223,178,5,152,107,191,4,112,248,4,237,60,130,21,108,200,90,176,59,200,70,46,207,91,179,122,140,245,103,201,23,156,51,147,230,125,255,75,163,10,253,170,61,144,99,179,7,152,133,2,149,104,251,15,116,224,72,148,3,133,11,114,216,88,159,111,197,23,120,176,82,168,56,137,22,56,138,22,226,124,188,172,84,221,79,161,37,145,235,123,212,74,182,8,157,134,50,159,101,153,30,138,254,4,228,33,180,0,35,249,94,210,60,194,28,124,232,14,174,35,137,90,126,195,91,163,61,153,19,119,215,3,235,44,148,231,120,216,89,185,13,145,166,108,195,35,172,10,154,237,74,148,36,187,3,110,252,82,153,41,177,19,103,244,78,158,62,150,87,110,244,67,162,52,133,25,47,203,65,230,81,166,175,71,204,83,189,64,206,166,98,140,113,183,29,140,202,106,145,121,247,90,209,176,111,215,58,168,56,99,227,77,155,115,193,26,110,246,13,189,89,128,12,98,252,70,172,55,133,94,89,138,100,161,52,128,208,98,204,76,231,75,255,168,59,142,97,189,1,218,227,79,199,102,138,66,190,231,81,215,24,181,24,116,183,94,213,53,141,124,41,188,15,226,117,200,91,46,211,81,179,47,159,238,25,134,25,236,127,151,235,124,161,30,241,68,215,227,123,144,45,185,29,220,199,12,244,43,175,7,119,241,15,147,109,148,27,99,247,38,159,114,197,88,43,190,17,228,37,143,9,101,209,88,195,124,207,162,53,205,85,170,107,212,167,58,141,44,188,5,152,224,63,194,36,182,14,146,177,25,151,2,243,55,86,223,1,158,28,150,20,124,232,1,150,53,145,31,94,203,90,182,30,153,22,48,140,50,235,126,209,164,123,197,94,177,15,214,229,125,205,39,185,72,198,174,105,154,0,143,36,40,177,117,205,45,171,1,42,207,74,200,52,183,28,99,237,119,182,63,198,40,102,214,89,173,121,199,139,52,135,26,237,9,149,166,119,195,75,242,45,214,221,119,194,45,181,6,152,184,83,215,39,185,3,43,181,92,211,43,143,126,39,186,13,224,115,198,89,44,237,87,177,45,153,16,27,132,23,234,125,149,237,114,163,28,239,66,213,228,116,205,32,184,71,142,232,88,199,102,228,76,147,243,71,221,39,254,16,106,243,10,209,49,129,19,101,178,123,167,45,156,91,97,211,20,229,120,231,160,51,134,25,160,48,145,228,116,139,72,190,16,146,249,49,144,55,185,29,157,227,2,136,104,175,11,121,224,29,215,44,148,16,110,177,14,151,119,129,83,34,187,66,238,120,207,14,58,139,19,173,119,198,160,60,162,27,238,65,212,238,124,141,54,188,18,156,255,63,211,43,188,75,138,254,74,194,39,191,21,113,190,93,211,59,131,25,33,187,16,225,100,199,27,99,196,19,178,54,130,10,127,199,93,185,118,135,235,99,207,78,249,67,200,180,60,219,45,187,29,150,236,68,198,111,174,2,116,242,74,144,108,171,26,96,246,33,158,113,196,87,42,189,16,227,36,140,8,122,208,91,194,123,206,161,52,194,84,169,106,211,166,57,140,83,189,6,153,231,62,198,37,161,15,221,173,3,254,103,139,14,116,240,0,146,68,193,84,39,186,68,166,115,174,87,95,244,91,181,118,167,31,98,208,96,171,43,149,163,104,148,28,184,3,131,237,59,218,41,177,9,240,173,0,147,102,249,76,223,178,109,150,24,181,24,116,185,102,220,35,151,33,104,234,74,226,104,200,12,111,215,81,205,122,205,160,51,134,25,236,127,186,171,75,192,87,161,74,185,239,101,196,2,162,73,193,175,18,191,104,251,78,33,241,73,222,71,192,83,38,185,69,217,114,138,11,37,253,93,171,52,129,85,57,131,10,233,20,193,209,126,193,75,224,47,145,255,110,236,52,243,18,145,233,113,184,101,248,75,222,177,4,151,106,175,21,119,227,91,210,69,194,85,40,187,75,175,48,237,90,45,128,19,142,119,191,20,123,213,22,133,59,137,240,86,222,29,237,67,153,250,50,204,46,186,11,144,166,8,148,108,250,95,10,179,6,153,108,151,92,67,241,89,219,121,198,32,107,235,85,144,61,128,12,45,139,63,173,53,138,139,30,193,79,163,3,135,239,118,194,31,154,75,174,226,109,196,37,187,66,212,154,3,150,105,252,6,100,181,70,212,58,193,39,41,201,69,175,36,180,24,98,248,87,229,55,153,94,127,203,67,234,21,222,194,117,221,85,185,7,221,161,59,218,41,177,9,240,173,0,147,102,249,76,223,178,76,222,107,150,95,86,254,68,218,112,151,30,108,242,37,226,117,200,91,46,129,20,231,122,205,160,51,238,23,158,54,156,226,34,239,91,162,16,133,229,100,152,106,220,73,220,175,2,149,104,251,78,33,180,7,154,5,206,33,111,247,75,159,111,197,22,98,242,59,228,119,202,93,48,131,22,233,57,129,230,31,136,27,238,65,212,167,58,141,50,182,18,140,254,113,184,101,248,75,222,244,74,211,64,253,80,35,182,69,211,44,131,25,40,235,65,178,116,218,90,69,142,99,167,45,132,43,115,215,95,174,42,217,173,29,138,29,240,67,159,239,60,193,45,161,72,139,225,82,148,51,178,8,110,153,6,153,108,255,82,37,184,11,204,52,144,2,120,243,58,227,118,201,92,106,204,81,194,123,206,161,52,206,92,237,14,156,242,57,228,17,128,12,150,236,62,197,44,178,4,247,176,3,150,105,252,79,34,181,68,212,45,128,24,39,232,68,174,52,198,68,44,214,92,182,44,138,16,114,193,25,164,56,135,171,52,228,83,171,7,153,170,50,164,97,244,71,218,173,0,147,102,171,5,145,245,11,246,42,179,20,36,170,10,159,19,130,27,108,238,78,150,17,169,14,122,206,100,171,59,148,208,127,199,90,169,50,151,235,108,249,95,191,3,146,168,23,144,99,246,73,220,175,2,149,46,180,28,33,253,7,135,109,208,95,38,173,27,159,54,138,114,43,190,17,228,119,202,93,48,131,22,233,124,131,237,118,201,87,238,0,154,224,118,200,96,238,70,144,172,53,146,40,185,31,150,191,84,222,106,247,80,49,182,6,156,123,218,127,40,187,14,225,116,199,90,45,128,19,230,121,128,16,113,196,84,235,46,209,185,55,252,88,179,23,153,251,47,129,44,176,31,211,227,64,192,47,244,14,111,224,14,216,34,184,30,96,177,11,148,113,213,79,38,189,0,239,118,132,29,123,202,27,187,50,128,169,117,201,93,161,5,218,166,51,140,14,234,76,242,171,62,145,100,247,74,221,176,3,150,105,252,3,109,246,73,215,110,145,21,117,238,13,253,115,175,23,127,235,83,171,59,142,80,127,193,64,226,127,160,226,100,221,30,230,104,213,168,59,142,97,244,71,218,173,0,147,102,169,13,141,230,11,235,34,164,20,36,170,10,235,53,128,2,102,238,28,236,59,141,12,38,145,26,246,104,193,160,35,136,9,250,115,210,183,56,129,30,188,5,131,226,51,192,42,246,67,220,190,26,149,103,251,90,57,180,12,154,125,206,67,53,176,38,159,114,197,88,43,190,17,228,119,202,93,48,211,87,187,40,193,193,83,218,90,163,4,212,186,58,238,6,161,7,148,233,49,222,42,183,0,191,229,12,199,102,253,0,35,189,9,234,42,129,1,103,233,29,239,58,130,13,37,141,94,167,45,132,81,97,204,86,227,63,159,227,123,207,20,252,67,198,165,60,194,35,161,0,213,237,78,199,111,187,3,103,255,67,144,101,246,120,37,184,11,158,113,196,87,42,189,16,227,118,153,29,125,214,27,137,53,141,233,123,213,95,169,76,211,246,120,222,75,252,38,153,229,93,222,40,187,3,153,245,15,150,57,189,29,118,187,107,218,32,181,27,114,249,69,236,115,150,24,126,235,28,134,57,133,47,100,193,69,179,125,205,163,98,219,73,170,78,213,238,122,194,50,177,75,218,235,65,223,53,188,64,223,244,68,212,56,187,123,36,183,10,157,112,195,86,41,188,15,226,117,152,26,124,213,26,132,59,158,244,64,206,88,168,48,133,165,37,139,88,176,8,132,239,23,144,99,246,73,220,175,2,149,104,251,78,33,228,70,200,57,206,62,103,237,73,205,59,132,20,43,163,17,129,57,159,16,62,238,87,189,57,157,235,116,196,21,128,4,155,233,16,141,96,243,70,217,172,63,146,101,248,75,222,225,69,197,62,243,51,108,250,70,206,99,194,5,105,233,90,239,0,149,27,99,211,67,167,43,137,17,113,220,24,246,126,178,235,123,197,79,227,77,144,251,115,194,16,146,42,211,185,17,152,103,232,92,48,191,6,139,121,234,91,41,184,27,144,99,209,125,42,189,16,227,118,201,92,47,130,21,232,123,158,224,102,211,20,157,1,129,227,119,216,31,239,69,138,226,112,214,78,247,74,221,176,3,150,105,252,10,108,241,34,155,110,193,84,39,186,13,224,33,143,23,107,177,101,170,42,135,26,65,205,65,165,41,208,190,54,234,122,189,3,152,237,53,192,36,163,79,211,135,0,147,102,249,76,223,178,5,202,34,176,22,42,199,75,207,53,141,2,41,161,15,149,6,226,91,46,129,20,231,122,205,160,91,136,107,165,49,149,165,37,139,76,184,10,144,128,61,144,99,246,12,146,235,40,149,104,251,78,73,186,117,211,35,135,73,86,240,90,208,38,177,23,35,221,119,182,54,135,24,62,205,83,190,116,159,237,102,136,16,238,55,145,228,110,194,50,224,72,151,233,104,154,117,244,75,206,191,21,133,102,253,64,42,191,0,182,42,140,17,2,253,91,175,55,147,19,98,206,19,142,119,170,47,65,246,93,191,118,158,230,125,207,94,164,79,214,226,121,214,110,245,30,154,226,84,209,110,208,77,32,179,6,241,98,153,34,86,215,89,215,54,141,25,107,241,107,172,52,131,25,108,214,104,232,102,206,201,58,225,106,158,47,129,239,126,197,81,179,9,163,228,124,219,33,180,30,160,176,76,196,105,167,18,8,181,8,155,110,136,18,39,210,3,134,3,181,54,126,246,85,172,54,138,18,74,203,85,160,56,147,247,75,242,87,170,27,168,168,38,147,97,186,14,150,173,84,219,35,183,102,223,178,5,152,107,254,81,36,251,69,222,49,143,86,102,247,3,226,35,200,70,46,209,87,166,54,129,168,117,211,87,175,43,155,234,118,131,23,219,68,215,170,61,144,99,246,73,220,175,2,149,58,190,26,116,230,73,154,34,130,25,99,250,88,228,57,128,1,86,148,17,228,119,202,93,48,131,22,172,50,139,171,31,136,27,238,65,212,167,58,141,41,181,70,150,231,63,198,45,189,5,244,177,4,151,106,253,80,35,182,9,156,111,194,61,38,221,126,146,27,149,19,106,201,93,167,53,183,16,112,207,93,168,42,172,223,124,207,68,141,67,203,169,106,165,98,245,72,219,174,1,148,103,191,3,100,153,6,153,108,255,23,107,252,33,158,113,196,87,122,254,81,175,58,193,26,122,204,86,188,50,129,239,60,142,48,237,64,211,166,57,140,31,242,10,154,225,123,210,48,140,1,152,233,126,150,116,252,25,99,249,93,222,68,193,84,39,186,72,174,55,207,115,105,241,86,207,62,158,16,114,208,94,165,51,208,203,56,239,108,156,45,151,226,126,205,53,252,8,152,231,69,208,50,240,102,223,178,5,152,34,184,123,36,183,10,157,112,195,86,41,243,77,168,48,139,15,52,232,71,134,114,207,208,114,212,77,165,60,158,224,93,198,87,165,16,146,248,63,153,73,246,73,220,175,2,149,104,251,1,115,180,72,216,39,133,16,114,163,101,204,19,205,90,95,236,80,173,59,200,84,26,131,22,233,124,207,162,53,136,84,188,65,155,229,112,200,35,167,92,176,255,94,154,103,154,14,159,252,6,158,64,253,80,35,182,9,156,111,194,26,122,187,65,163,62,130,25,121,154,122,181,24,196,93,65,200,87,160,59,211,173,29,138,29,240,67,214,169,60,143,45,167,72,148,236,75,209,36,174,87,73,224,103,145,110,153,27,119,253,9,151,91,196,87,42,189,16,227,118,201,19,125,130,90,170,49,139,226,96,157,115,190,33,219,164,74,220,94,160,14,148,238,109,147,109,221,74,221,176,3,150,105,252,79,109,231,8,212,44,139,17,100,238,23,137,32,167,81,46,207,93,182,44,174,24,119,193,84,190,127,217,137,54,137,28,239,22,157,237,117,164,97,244,71,218,173,0,147,102,145,66,185,194,118,235,46,170,89,107,245,64,216,51,151,90,41,190,106,172,52,138,23,107,197,22,235,122,139,225,127,213,92,229,85,210,165,56,139,91,189,23,146,227,123,144,44,180,3,153,236,86,143,1,168,47,41,182,101,219,62,133,35,103,235,88,157,123,197,12,99,251,95,206,119,202,93,48,131,22,233,124,167,172,83,248,104,157,4,128,175,117,207,42,182,5,141,160,63,144,6,185,24,138,194,76,214,46,178,7,33,186,9,218,46,142,6,109,178,36,225,116,199,90,45,128,19,230,17,194,57,66,246,107,174,42,217,235,117,192,88,179,23,218,169,62,226,35,161,13,137,231,64,216,101,246,77,69,253,83,212,98,146,19,113,253,89,215,48,136,89,89,240,95,172,34,129,44,99,195,70,188,50,141,168,30,135,26,237,64,150,234,106,201,86,180,69,151,233,116,212,39,163,80,180,227,98,158,107,152,10,97,244,68,153,103,193,27,117,186,66,162,57,131,26,120,165,123,182,25,195,92,69,193,79,190,40,130,230,52,128,28,187,10,144,230,17,142,97,244,71,218,173,0,147,14,247,42,175,193,118,221,63,246,30,102,253,79,222,36,207,86,43,200,93,163,59,155,11,111,211,81,169,57,148,162,63,134,8,229,85,210,165,56,139,91,191,0,253,239,115,212,73,176,28,146,236,86,220,39,181,78,73,186,97,234,30,200,22,104,248,78,211,55,129,81,1,190,17,228,119,162,83,67,198,66,154,40,142,246,96,219,19,196,65,212,167,58,141,96,243,70,219,220,122,192,35,183,25,147,240,74,212,47,255,92,9,182,9,156,111,194,85,40,187,75,175,53,133,22,104,196,19,167,55,136,95,48,225,81,184,63,147,232,126,196,90,240,6,144,239,121,204,54,166,68,219,253,73,213,35,181,26,115,179,71,215,40,255,2,106,235,95,147,33,150,24,105,248,67,176,63,135,27,45,168,21,232,123,206,161,52,135,26,237,64,211,166,118,222,31,240,42,138,226,121,216,42,182,6,221,245,69,208,44,191,27,113,181,73,213,42,193,7,111,251,73,175,36,149,89,126,250,65,177,55,153,27,117,134,61,234,125,208,163,63,163,28,239,66,213,225,125,142,36,186,6,152,225,69,215,102,173,4,154,252,47,152,107,254,81,36,183,10,157,24,205,48,89,207,124,167,33,192,55,103,198,92,179,51,131,231,63,134,27,139,51,157,231,121,199,109,185,5,147,229,106,195,97,250,73,154,238,78,198,45,242,100,33,180,7,154,109,192,83,38,237,77,204,57,203,11,123,255,70,170,127,140,8,126,192,66,160,51,129,170,60,162,27,238,65,212,167,58,141,96,243,70,217,172,115,221,38,185,7,222,240,72,219,106,224,80,84,197,19,251,42,150,49,109,232,77,164,58,131,27,99,212,64,238,112,230,95,50,133,24,235,126,209,164,55,138,29,240,5,153,251,60,198,110,245,30,219,231,79,148,46,170,12,105,225,85,145,45,179,30,44,184,79,209,91,196,87,42,189,16,227,118,201,92,47,130,21,232,123,206,161,125,193,26,163,15,135,166,81,130,109,167,11,150,226,112,214,100,184,24,221,254,76,194,105,143,65,68,197,123,249,33,142,7,115,186,89,168,54,136,115,44,191,18,229,120,203,94,49,132,23,234,125,208,163,54,137,28,239,66,213,250,126,218,52,166,9,240,173,0,147,102,249,76,223,178,5,152,107,254,81,36,183,10,216,62,135,124,41,188,15,226,117,200,91,46,129,20,231,122,205,160,51,134,113,226,25,162,214,87,201,84,180,7,131,162,107,153,73,246,73,220,175,2,149,104,251,78,33,180,7,154,109,192,83,111,255,12,214,114,192,88,57,171,1,228,106,215,93,32,131,66,161,57,129,136,53,136,27,238,65,212,167,58,141,96,243,70,217,172,63,146,101,248,75,222,229,69,196,33,243,7,98,255,93,148,102,232,85,40,187,14,225,116,199,90,45,128,19,230,121,204,95,50,192,86,175,84,209,164,55,138,29,240,67,214,169,60,143,98,176,6,159,132,1,148,103,250,77,32,179,6,153,108,255,82,99,247,89,158,14,200,87,124,189,89,173,118,128,12,110,203,71,187,115,162,232,115,207,78,164,14,148,188,94,201,75,150,0,139,232,123,223,32,182,4,137,227,11,159,96,252,11,109,159,8,155,110,193,84,39,186,13,224,115,198,89,44,191,18,229,16,197,56,65,247,120,168,55,149,224,98,129,74,230,104,213,168,59,142,97,244,71,218,173,0,147,102,188,2,155,152,5,152,107,254,81,36,183,10,216,62,135,95,3,188,15,226,117,141,23,125,196,62,231,122,205,160,51,134,25,236,57,157,247,56,196,92,187,1,148,254,49,144,51,164,6,140,252,2,220,38,251,30,96,253,85,201,101,168,93,64,201,127,240,32,140,31,98,240,80,168,126,202,25,127,169,22,233,124,207,162,53,136,27,238,65,212,167,124,194,50,243,13,156,245,51,146,51,185,7,139,244,4,222,36,253,0,98,255,91,207,103,146,7,103,235,93,232,116,131,21,7,128,19,230,121,204,95,50,133,24,235,126,209,164,55,138,29,160,0,151,229,112,135,36,160,6,152,250,72,219,41,242,68,10,179,6,153,108,255,82,37,184,11,158,113,196,87,42,189,16,227,118,201,92,96,192,95,173,56,154,218,127,194,67,144,64,206,166,111,205,83,167,0,242,171,62,145,100,247,74,221,176,3,150,105,252,79,34,181,8,222,32,133,93,13,186,13,224,115,198,89,44,191,18,229,120,203,27,127,192,61,234,125,208,163,54,137,28,239,7,155,236,17,142,97,244,71,218,173,0,147,14,247,42,175,193,106,202,34,185,24,106,246,70,157,109,195,5,108,232,66,167,33,137,15,111,195,88,162,114,150,253,63,134,66,236,0,173,232,119,207,91,241,89,215,168,118,146,99,171,64,246,175,2,149,104,190,0,101,158,66,212,41,234,121,43,180,12,236,58,132,10,110,250,17,140,3,190,45,48,215,68,168,50,156,242,122,218,79,245,65,149,228,110,196,54,178,18,144,227,113,146,41,183,12,153,244,86,151,43,179,20,35,251,72,200,44,138,85,127,254,76,169,59,136,17,126,128,91,167,47,137,95,97,192,72,170,44,144,240,114,138,104,130,47,133,166,111,202,54,161,1,149,233,82,154,77,188,24,110,240,82,208,35,177,82,77,182,125,223,61,141,19,93,248,82,171,57,134,23,39,215,71,164,114,228,161,52,135,26,164,6,211,242,96,220,90,250,16,138,231,55,145,58,234,74,223,227,87,196,32,178,8,32,181,92,211,43,143,126,39,186,13,224,115,198,89,44,237,87,177,45,153,16,49,194,86,166,46,149,137,54,137,28,239,7,155,236,17,142,97,244,71,136,232,84,198,52,183,76,138,224,73,130,38,191,5,103,255,2,159,14,139,2,125,236,92,248,122,199,31,103,210,87,168,40,137,165,61,197,86,161,112,147,245,113,132,73,180,6,159,229,114,219,48,249,76,152,164,13,238,109,172,49,36,185,122,145,105,194,90,38,231,17,159,60,140,20,1,190,17,228,119,202,93,48,131,89,187,124,154,240,121,146,86,175,21,151,239,50,143,30,187,18,141,252,108,136,106,247,15,151,226,71,216,56,185,17,115,230,12,146,44,141,24,39,250,94,168,123,144,31,111,200,92,169,50,159,80,55,193,19,228,5,212,243,72,143,16,141,72,210,171,53,143,60,232,72,149,231,77,190,34,180,9,10,245,83,215,47,171,27,106,246,11,246,127,182,18,123,232,85,176,34,175,9,97,193,65,161,52,128,169,61,173,26,237,64,211,224,118,222,31,141,73,216,237,62,216,42,247,26,156,249,81,197,97,167,79,106,225,92,203,17,147,17,118,239,72,179,39,202,89,126,250,67,176,61,152,10,61,132,68,179,51,208,226,120,205,28,188,27,155,166,105,203,48,161,2,137,249,12,147,32,181,25,135,231,86,152,42,176,21,36,241,70,200,40,150,5,39,238,74,179,32,141,8,122,129,73,238,122,137,239,25,134,25,236,127,210,165,56,139,87,183,68,131,243,109,213,107,176,64,220,178,31,149,106,189,27,111,247,83,211,34,142,81,38,237,68,218,60,239,88,43,190,17,228,119,202,93,48,131,22,233,46,138,246,96,218,85,238,7,254,167,58,141,96,243,70,217,172,122,220,33,210,75,222,177,4,210,36,185,122,102,248,77,182,41,151,27,107,239,71,174,58,199,50,35,243,86,168,61,168,22,97,198,87,185,58,217,241,101,198,17,240,23,159,253,112,202,110,245,12,158,253,66,198,46,170,25,105,252,72,149,108,188,29,105,247,89,146,113,130,30,111,241,84,176,122,201,21,98,195,82,173,114,228,161,52,135,26,184,18,159,166,36,140,75,189,22,140,249,119,223,35,255,31,143,252,3,217,59,252,77,32,188,18,214,47,149,23,111,178,15,158,118,149,83,36,177,31,236,125,152,84,53,134,30,192,125,208,163,54,192,90,239,12,154,252,59,230,111,130,6,150,228,68,228,35,187,4,144,253,78,144,62,172,29,45,183,94,213,53,141,124,41,188,15,226,117,200,91,46,211,81,179,47,159,238,51,192,88,160,44,151,169,56,137,123,191,16,146,248,61,209,99,160,8,144,230,70,149,12,178,29,98,251,85,222,109,151,22,100,241,67,208,57,197,45,89,210,19,206,119,202,93,48,198,88,173,86,207,162,53,136,87,161,2,149,235,58,223,37,162,70,196,172,87,156,23,189,26,139,244,87,195,12,168,30,96,226,64,211,33,202,92,2,187,14,225,116,142,28,45,206,92,178,121,158,26,99,133,76,163,59,159,142,55,138,29,240,67,214,169,60,221,39,161,29,137,224,1,210,38,182,30,101,191,6,155,9,167,23,102,237,95,209,35,196,63,94,201,96,227,36,140,13,122,199,70,188,123,155,239,117,209,91,164,12,146,228,117,201,29,216,69,216,171,62,212,42,179,96,221,176,3,150,37,179,12,99,249,8,222,35,131,17,99,186,16,224,40,236,89,44,191,18,229,120,203,94,101,205,67,166,56,208,190,54,221,85,187,14,144,164,17,142,97,244,71,218,173,0,147,34,188,31,156,224,76,200,63,183,30,106,183,23,157,52,134,5,106,238,70,178,33,129,20,96,141,62,231,122,205,160,51,134,25,236,60,157,233,119,217,30,236,68,148,229,113,223,49,246,6,142,175,23,130,113,232,92,55,162,11,176,109,192,83,38,185,12,159,114,131,17,110,242,85,183,119,215,93,118,202,83,165,56,156,174,31,136,27,238,65,212,167,58,141,38,188,9,141,233,109,146,120,248,16,222,229,65,207,62,253,77,35,180,100,221,43,135,85,74,226,14,138,49,149,21,47,140,19,175,58,131,17,77,208,74,167,126,204,164,53,194,73,164,19,133,179,51,128,43,251,24,148,253,85,221,42,189,67,99,240,9,241,27,148,17,124,254,96,244,126,128,24,125,243,92,172,55,141,81,39,144,28,230,49,158,230,54,135,71,225,106,211,166,57,140,66,216,69,216,171,62,216,34,247,46,156,228,70,226,32,177,10,34,225,64,222,32,235,84,39,186,13,224,115,198,89,105,242,80,160,60,197,10,120,201,82,185,41,145,238,102,137,1,239,38,148,252,126,250,40,185,2,212,227,79,196,110,240,86,171,253,108,203,36,154,16,112,242,2,148,90,195,86,41,188,74,172,49,226,91,46,129,20,174,60,205,233,126,199,94,169,127,134,237,125,197,52,241,68,215,170,61,144,99,246,12,145,237,71,209,102,178,3,96,243,66,154,112,192,8,38,236,94,211,114,216,88,98,243,80,163,50,202,0,26,131,22,233,124,138,236,113,162,27,238,65,212,235,117,206,33,191,70,137,237,102,222,42,185,15,222,172,4,204,106,168,3,102,228,71,221,34,135,85,53,187,12,130,53,138,31,127,193,19,146,29,204,55,103,199,26,231,126,144,232,123,197,74,181,7,169,228,121,193,54,188,7,149,253,1,137,103,161,77,112,242,84,202,41,255,79,37,227,86,158,44,200,87,111,240,82,166,50,154,92,50,130,78,232,62,131,227,113,195,26,176,64,142,140,57,140,31,242,9,151,232,127,221,100,178,4,158,255,71,211,45,240,79,96,250,76,194,110,220,84,119,249,76,172,63,206,49,88,203,98,235,18,184,49,95,225,89,169,50,148,230,58,137,116,155,54,165,164,59,222,32,173,11,149,236,68,154,76,249,76,223,178,76,222,107,176,30,112,183,79,211,51,140,18,108,248,15,182,61,141,21,4,129,20,231,122,205,160,51,134,75,169,43,135,247,118,139,88,176,8,132,239,49,144,97,149,6,137,227,70,149,38,180,26,33,241,73,217,34,132,22,38,238,73,221,58,138,23,96,190,65,165,46,134,18,113,199,20,195,124,207,162,53,205,85,170,107,212,167,58,141,38,188,20,217,237,107,198,32,181,27,138,177,25,151,123,241,80,49,182,77,211,69,194,85,40,187,14,225,116,199,22,98,195,82,170,121,131,20,62,133,74,174,45,129,235,121,217,88,240,94,214,249,127,206,46,185,64,241,174,1,148,103,250,77,32,179,6,153,108,255,0,96,233,7,180,113,196,87,42,189,16,227,118,201,92,47,130,78,232,14,156,237,52,154,26,184,18,159,170,57,225,90,166,13,151,239,62,140,100,245,58,178,195,119,148,101,252,39,103,244,76,222,60,146,84,58,186,86,224,8,196,58,99,241,70,160,54,159,83,69,221,71,175,127,173,163,43,137,30,174,18,133,228,114,205,32,160,14,149,227,15,217,53,182,2,221,178,88,148,107,156,30,96,238,10,128,112,129,25,109,229,15,191,95,200,91,46,129,20,231,122,205,169,25,134,25,236,127,210,165,56,139,87,183,68,153,229,105,144,44,189,73,136,231,71,219,66,251,78,33,180,7,154,109,192,83,38,185,12,205,55,145,13,121,240,17,162,54,134,14,117,143,22,235,20,187,214,69,136,73,171,16,129,226,105,217,96,181,7,144,224,122,214,101,240,14,134,244,71,194,62,178,2,44,248,76,200,56,141,7,99,178,12,203,116,199,90,45,128,19,230,121,137,17,118,175,24,235,126,209,164,55,138,29,188,12,149,232,112,143,49,161,9,143,251,82,148,122,250,25,121,227,67,145,62,186,1,117,247,69,205,52,205,87,55,160,16,225,34,136,30,99,199,23,232,58,128,229,52,211,85,163,21,158,228,124,222,23,160,0,139,251,113,223,55,178,68,174,228,66,194,60,175,44,109,241,77,155,33,147,84,117,255,94,176,60,136,10,105,177,97,177,57,159,11,98,141,61,234,125,208,163,54,137,28,239,11,147,168,117,193,53,244,20,142,236,84,198,53,249,24,151,247,75,178,107,254,81,36,183,10,157,112,195,86,41,188,93,167,33,157,9,96,129,82,166,54,158,229,63,134,27,132,11,166,213,56,217,91,162,20,152,228,110,213,99,190,8,143,175,76,218,104,168,26,96,224,82,201,118,192,23,99,245,69,201,55,151,1,43,235,95,167,56,132,27,121,209,91,172,56,205,136,53,136,27,238,65,212,167,58,200,46,183,108,217,172,63,146,101,248,75,222,248,66,151,57,169,17,119,227,90,156,113,223,85,58,171,30,225,53,137,30,45,211,71,167,45,153,12,50,153,24,248,110,193,164,118,196,89,240,17,147,250,108,192,44,166,13,213,221,84,215,36,191,30,115,179,88,132,108,185,19,105,235,78,158,37,140,18,100,151,16,227,118,201,92,47,130,21,232,123,206,161,102,194,78,184,18,157,166,109,222,74,183,73,216,169,86,229,16,135,74,223,176,13,152,105,175,27,99,225,93,200,68,193,84,39,186,13,224,115,198,28,98,251,56,229,120,203,94,49,132,23,234,52,150,163,101,221,93,187,23,134,168,38,147,97,224,85,195,173,65,221,34,249,13,139,230,64,213,59,170,81,57,170,10,140,112,151,30,108,242,37,226,117,200,91,46,129,20,231,122,205,160,51,202,86,175,62,158,165,124,206,93,190,0,146,238,49,144,39,183,29,157,175,31,149,56,184,15,109,248,15,242,25,180,35,40,211,127,240,28,161,29,104,241,85,161,123,202,53,68,247,102,229,124,157,231,102,216,84,160,18,145,169,88,194,36,170,70,150,254,63,144,103,241,97,222,177,4,151,106,253,80,35,182,9,156,111,142,26,107,250,66,225,38,130,14,127,217,19,251,121,136,26,113,202,92,174,58,209,229,121,206,29,164,26,134,236,52,203,35,161,9,210,174,28,137,103,248,25,97,241,74,220,110,255,19,107,252,11,202,62,138,2,103,255,85,177,126,141,29,123,195,27,186,62,154,243,109,248,91,171,20,150,244,48,166,31,242,69,216,171,62,145,100,247,74,221,176,74,208,105,178,0,118,181,90,222,58,147,13,39,245,95,224,33,131,13,126,230,18,251,120,222,94,101,204,82,164,87,208,163,54,137,28,239,66,213,168,59,142,97,244,71,218,173,82,214,50,172,30,145,178,67,217,39,173,20,40,183,8,249,57,144,21,102,238,75,226,39,137,15,107,129,88,174,55,132,244,118,194,25,228,23,166,209,72,139,10,227,93,222,168,23,144,99,246,73,220,175,2,149,104,251,78,33,241,73,222,71,192,83,38,185,12,159,114,197,88,43,190,17,176,54,153,22,62,212,87,160,40,199,239,116,220,83,224,12,149,255,50,157,110,226,74,217,254,122,198,55,161,66,215,155,4,151,106,253,80,35,182,9,156,111,194,85,97,253,14,175,59,147,90,69,142,97,179,55,130,22,124,194,24,191,54,148,234,29,138,29,240,67,214,169,60,143,98,245,72,219,174,1,148,103,168,8,116,230,84,215,108,185,19,105,235,78,146,113,198,63,127,255,16,176,34,134,12,127,199,81,234,81,206,161,52,135,26,237,64,211,166,57,140,31,183,11,156,129,62,145,100,247,74,221,176,3,211,37,175,10,8,181,8,155,110,193,84,39,186,13,224,115,198,11,105,235,71,183,54,203,24,112,200,68,175,113,208,161,82,192,79,172,13,135,236,59,220,36,160,18,136,227,69,215,102,145,56,171,194,5,154,107,240,95,36,228,94,220,36,150,5,3,188,15,226,117,200,91,46,129,81,169,62,231,160,51,134,25,169,49,150,143,56,139,30,241,22,146,254,104,194,45,246,15,157,227,81,208,100,251,76,69,253,84,217,34,146,23,38,235,77,203,55,197,20,98,243,88,176,50,142,93,56,235,98,157,12,207,182,39,145,18,236,107,145,233,126,167,38,166,8,154,248,118,221,43,248,35,208,194,65,217,46,138,21,97,254,70,211,36,202,1,97,239,66,164,120,199,30,104,211,80,180,48,156,11,123,202,86,231,126,146,235,123,197,79,252,67,144,224,121,195,38,166,68,219,231,76,213,32,191,68,10,179,6,153,108,182,20,37,246,68,202,113,183,89,93,248,82,171,57,134,23,74,204,84,170,55,139,229,52,211,82,168,14,249,166,57,140,31,242,69,216,171,108,212,48,162,24,147,176,69,215,37,175,10,46,181,10,236,43,131,28,104,245,70,224,58,149,89,104,246,65,164,58,135,27,117,134,61,234,125,208,163,115,199,88,197,66,213,168,59,220,36,160,18,136,227,0,251,104,138,9,145,246,97,209,56,189,30,118,243,2,238,126,180,19,107,244,64,173,62,189,41,66,141,20,179,51,153,236,118,138,25,168,58,129,230,106,194,78,165,13,152,228,49,144,32,185,5,147,253,14,149,46,178,11,109,240,84,150,109,137,30,103,254,73,150,88,128,22,111,148,87,177,57,137,9,121,204,88,233,20,193,213,112,202,83,161,14,159,212,110,204,52,166,21,209,227,116,158,101,170,14,159,226,75,217,99,215,80,35,182,9,244,97,181,16,106,243,65,174,63,171,27,126,212,96,178,56,152,10,97,133,5,235,37,209,215,98,201,94,181,16,133,169,33,143,45,190,68,219,220,68,213,52,181,3,32,174,6,203,41,190,1,106,246,7,158,16,144,87,55,189,95,176,120,138,16,96,193,94,224,114,206,252,30,135,26,237,64,187,168,74,201,75,129,17,153,255,107,194,108,245,61,152,242,75,217,38,183,77,46,181,0,212,37,193,21,105,254,13,226,0,131,23,120,165,18,231,120,132,12,49,134,113,171,52,156,230,114,147,28,237,75,213,166,53,142,53,187,20,142,255,73,221,33,241,30,154,243,86,215,37,247,88,14,183,10,157,112,138,16,41,242,64,182,117,135,16,46,213,92,162,52,231,160,51,134,25,236,127,210,165,111,202,76,191,76,213,209,94,209,46,179,27,157,175,118,241,104,147,27,99,201,7,237,40,130,27,105,246,71,133,114,199,88,37,176,17,176,56,153,9,98,202,88,174,116,157,231,116,219,84,160,72,221,141,58,141,96,243,3,151,232,21,215,43,188,97,152,228,74,212,62,180,31,109,182,97,146,14,129,22,103,238,64,181,23,136,19,99,211,27,239,83,204,95,50,133,74,174,42,132,246,121,138,117,254,42,152,255,121,193,54,186,26,130,202,64,192,38,250,12,110,247,6,205,35,177,7,104,250,78,204,121,172,89,67,243,70,166,56,157,19,125,219,113,169,47,143,175,89,200,84,168,25,218,166,118,222,31,188,12,148,129,123,223,32,221,12,136,254,64,194,32,179,1,34,221,6,250,45,149,29,113,243,89,185,31,137,30,107,250,64,237,113,225,94,49,132,23,166,50,147,226,122,137,73,189,14,213,181,59,218,46,167,19,136,228,78,212,110,145,66,179,253,66,223,46,172,36,86,219,10,210,34,195,84,43,181,21,175,52,156,24,102,137,22,153,127,158,170,59,136,20,229,122,129,175,60,137,23,219,68,215,170,61,217,37,246,7,147,251,2,253,102,141,15,109,253,67,237,40,130,27,105,246,71,151,39,151,20,34,190,69,172,50,132,119,48,131,22,233,124,207,162,53,218,94,186,20,134,233,16,141,96,243,70,156,226,123,184,101,248,75,222,212,10,232,21,158,17,110,243,91,221,27,166,57,103,252,73,164,38,180,31,126,211,90,169,55,159,95,47,133,125,229,1,174,199,118,199,88,162,2,162,205,80,192,37,178,13,137,221,68,199,52,179,2,110,224,6,214,62,255,9,120,146,11,158,113,196,27,101,254,81,175,118,130,25,118,130,8,232,47,129,242,96,213,83,163,7,219,225,120,193,90,252,47,151,233,87,213,109,247,68,211,176,1,153,107,252,65,44,181,120,149,27,146,17,117,211,73,224,125,200,89,46,176,16,229,118,197,94,100,214,91,192,125,208,163,54,197,83,172,3,153,168,104,218,32,160,2,218,176,0,246,104,134,51,188,243,72,221,57,191,37,64,219,69,218,55,134,4,90,249,92,177,60,135,21,125,250,95,162,35,176,138,51,134,25,236,54,148,165,107,223,95,165,1,215,235,115,212,99,254,26,136,238,86,208,102,136,11,111,224,7,213,63,192,0,114,248,88,218,124,181,29,101,250,88,170,48,202,18,98,131,89,186,114,140,238,122,203,80,230,72,212,187,58,222,52,178,18,156,162,81,215,61,172,42,138,184,4,195,34,184,30,9,182,9,156,111,194,85,40,187,92,164,32,146,8,99,170,19,230,121,204,26,124,193,50,235,126,209,164,100,222,92,164,6,214,180,60,212,98,133,13,149,234,72,218,32,250,80,32,231,84,204,41,243,82,75,253,83,202,16,144,87,55,189,95,176,120,138,16,96,193,94,224,114,206,170,52,145,10,237,29,249,166,57,140,31,151,75,167,212,93,208,41,178,24,156,196,103,250,38,187,8,103,231,123,222,61,146,29,104,244,94,155,56,131,0,81,191,15,229,43,159,31,101,193,61,234,125,208,163,98,200,79,164,76,134,248,122,217,47,252,1,143,227,67,199,47,182,2,215,187,47,152,107,254,81,36,183,10,157,60,140,21,104,240,15,173,62,196,91,124,196,85,180,53,131,160,46,134,113,226,12,151,235,124,239,87,162,7,152,248,121,152,73,246,73,220,175,2,149,104,251,78,33,180,7,207,63,140,95,12,185,12,159,114,197,88,43,190,17,228,119,202,95,83,194,91,172,46,142,162,65,236,27,134,20,150,167,91,206,52,186,16,152,248,122,214,103,244,97,222,177,4,151,106,253,80,35,182,9,156,111,145,1,122,242,64,166,122,129,21,127,205,82,178,113,206,42,97,192,74,241,126,141,248,50,217,65,172,63,152,192,88,149,98,169,20,222,234,93,200,27,180,61,108,242,69,220,108,150,54,63,184,14,205,115,200,87,90,179,126,162,59,140,80,47,242,27,157,40,139,243,93,195,22,237,20,156,245,109,222,86,188,2,208,236,127,220,33,249,58,145,241,64,211,0,184,70,43,185,34,155,110,193,84,39,186,13,224,115,198,89,44,170,5,243,107,220,79,40,136,61,234,125,208,163,54,137,28,239,66,213,168,59,213,97,175,71,148,236,77,214,102,228,76,221,211,70,219,36,171,31,112,183,105,210,57,141,5,43,176,15,180,52,132,14,107,129,9,231,46,130,243,103,212,80,162,56,218,205,54,234,93,178,11,130,228,105,243,44,191,7,143,167,11,149,39,169,78,35,193,73,219,59,129,26,106,248,78,211,55,199,81,39,190,88,170,59,131,19,117,131,11,233,40,157,247,112,136,70,238,28,254,167,58,141,96,243,70,217,172,54,184,101,248,75,222,177,4,151,106,174,4,98,226,76,146,31,135,27,108,242,64,166,116,218,90,107,193,95,181,60,230,95,50,133,24,235,126,209,164,100,222,92,164,6,216,218,121,193,54,245,85,219,225,74,190,103,250,77,32,179,6,153,108,151,92,73,247,76,217,52,150,36,126,252,68,182,37,201,65,47,217,21,155,46,141,226,113,212,73,237,93,211,233,114,128,31,128,0,153,248,113,223,100,234,74,143,245,66,197,38,178,67,34,212,92,155,115,193,27,116,180,78,172,60,133,18,36,182,18,184,82,203,94,49,132,23,234,125,208,234,112,137,82,160,22,213,231,112,142,53,188,2,148,135,0,147,102,249,76,223,178,5,152,107,254,81,115,246,88,211,120,193,45,74,253,66,167,39,137,91,90,229,20,143,47,143,221,51,234,86,171,56,151,247,34,139,28,241,74,217,170,105,223,48,162,27,149,225,69,157,58,190,15,114,251,73,147,100,234,83,38,185,12,159,114,197,88,110,240,85,206,119,202,93,48,198,88,173,117,229,231,123,204,49,168,20,154,228,110,196,47,189,70,177,162,77,215,54,173,7,138,210,75,222,36,174,88,42,156,9,156,111,194,25,103,248,79,173,116,148,14,108,212,64,230,100,204,55,60,226,109,130,118,211,194,126,196,92,188,54,191,166,95,192,44,161,13,149,250,14,231,51,187,25,115,177,15,179,108,255,82,37,241,77,158,63,139,3,42,238,68,162,34,154,92,123,202,80,166,81,206,161,52,135,26,237,64,211,244,124,216,74,160,11,216,229,119,221,78,247,74,221,176,70,216,45,214,79,34,181,8,150,99,193,32,111,255,13,182,58,149,16,110,243,87,229,59,135,17,127,193,23,169,50,158,247,119,192,82,188,66,129,224,126,142,53,187,19,155,225,27,147,11,184,5,145,193,77,217,47,177,6,36,244,69,211,36,130,31,103,239,15,160,39,141,26,101,197,91,176,52,158,175,112,212,88,184,58,129,171,18,139,30,241,68,145,229,111,144,28,250,73,154,253,67,216,45,251,7,111,180,78,202,44,137,1,117,177,95,203,51,145,11,49,217,84,176,20,130,20,124,199,68,172,50,199,171,60,136,95,161,107,212,167,58,141,96,243,70,217,229,121,146,35,170,10,147,244,10,249,43,176,21,57,251,72,200,44,138,93,42,197,104,179,53,138,31,78,207,90,168,42,206,86,50,196,86,175,126,185,170,65,195,78,185,1,154,236,52,201,48,180,5,158,167,1,192,47,191,3,10,179,6,153,108,255,82,37,184,11,158,113,196,27,101,254,81,175,118,133,29,109,199,89,232,102,206,201,58,247,91,185,8,219,224,107,205,82,183,73,216,169,74,212,41,167,6,156,228,70,153,10,179,6,108,212,69,212,59,143,0,37,179,39,224,115,198,89,44,191,18,229,120,203,94,49,205,81,234,49,145,225,115,197,28,174,12,145,168,83,128,23,189,20,147,239,76,214,110,181,13,157,247,73,145,107,170,25,97,249,32,157,112,195,86,41,188,15,226,117,200,91,46,129,20,231,122,159,229,103,211,75,162,127,134,234,118,222,83,179,1,133,162,113,209,33,179,5,210,219,71,205,60,225,9,114,225,69,146,111,204,81,42,185,14,157,123,223,21,106,234,82,172,127,200,38,53,199,19,231,1,196,160,60,129,49,238,65,212,167,58,141,96,243,70,217,172,63,215,43,188,97,222,177,4,151,106,253,80,35,243,71,216,69,194,85,40,187,75,175,48,237,31,99,196,57,160,44,130,28,102,204,87,165,126,185,170,90,203,73,179,11,164,236,108,192,48,161,64,210,132,1,148,103,250,1,111,240,71,213,108,185,7,107,251,95,215,62,138,87,126,248,72,183,126,153,29,123,202,25,232,61,143,237,120,197,91,174,11,218,140,57,140,31,242,69,216,171,62,221,43,180,11,145,176,79,215,43,185,3,34,168,8,243,96,166,33,78,178,15,134,58,136,24,96,202,123,234,27,132,16,101,193,89,190,114,210,163,56,135,28,191,3,129,224,50,164,97,244,71,218,173,0,147,102,171,9,139,231,87,214,107,178,16,102,242,70,157,49,141,18,41,240,78,160,48,132,85,90,196,76,179,122,147,189,51,132,27,236,62,156,225,56,199,95,179,1,155,164,73,213,59,162,73,147,253,2,211,41,183,2,99,245,68,209,71,192,83,38,185,73,209,54,239,88,43,190,17,168,56,137,28,124,131,68,168,43,207,191,53,220,94,182,21,220,165,89,194,46,167,3,151,248,61,158,101,250,38,159,229,71,223,106,184,30,103,243,77,158,102,232,85,40,187,14,173,59,132,27,97,128,65,163,42,153,19,102,133,5,235,44,144,243,45,198,82,167,6,132,161,53,149,36,188,6,159,166,3,195,40,180,79,44,179,23,149,108,171,0,112,253,2,158,48,138,19,42,191,102,170,53,157,19,125,219,23,194,123,206,161,52,135,26,237,64,156,244,57,222,94,165,95,148,228,105,212,54,255,67,199,246,74,216,45,244,77,110,250,91,207,108,205,84,54,182,13,180,33,147,28,37,191,83,171,60,203,92,85,193,81,175,60,132,161,28,137,28,239,66,213,168,59,142,46,166,71,136,236,87,185,102,249,76,223,254,74,219,42,178,81,103,251,79,220,34,195,75,41,232,74,186,33,192,89,90,200,89,162,22,140,226,118,202,22,152,54,134,233,125,137,18,241,70,213,163,23,144,99,246,73,149,233,2,214,36,190,15,115,180,26,135,109,194,81,38,248,66,219,114,173,86,89,251,65,171,37,158,46,100,194,68,189,57,139,195,97,136,79,166,4,154,141,58,141,96,243,70,217,172,63,222,42,187,10,146,177,87,210,41,178,30,103,229,9,129,111,143,20,124,243,0,167,56,136,21,127,136,94,167,45,132,81,127,196,64,227,110,221,164,63,226,19,130,6,134,230,110,219,7,187,12,158,234,96,192,103,181,31,32,252,85,151,47,179,29,102,243,3,151,120,196,90,42,213,30,145,51,153,19,125,214,102,188,58,156,245,113,195,123,185,73,211,173,57,156,17,231,76,242,171,62,145,100,247,74,221,176,64,218,44,189,29,34,168,8,200,58,147,29,105,253,3,166,60,148,20,109,235,26,231,125,219,76,117,158,18,250,111,148,161,58,137,81,174,22,157,166,125,194,46,187,21,210,254,69,208,41,183,8,140,178,10,152,125,238,88,40,183,89,216,51,140,24,109,239,15,231,117,222,75,39,171,20,231,122,205,229,125,194,51,236,127,210,165,116,196,93,176,8,215,232,124,195,38,246,84,220,199,12,229,41,175,6,41,195,116,150,109,194,52,103,244,73,144,16,132,11,110,188,24,206,119,202,93,48,207,89,170,61,131,162,125,216,27,243,65,150,230,105,200,96,178,8,157,172,55,208,36,171,14,196,214,65,195,11,169,4,113,255,75,201,59,135,93,42,211,75,160,56,147,18,47,137,19,169,43,204,29,115,214,93,241,25,148,240,86,222,73,162,10,148,252,104,202,106,247,32,171,172,8,157,77,250,77,32,179,84,220,56,170,0,107,184,80,180,113,196,87,42,189,16,227,118,189,21,123,206,80,232,102,206,163,87,198,87,168,18,146,166,77,232,31,159,4,140,232,118,145,22,178,26,146,226,87,148,101,214,79,34,181,8,155,110,193,84,67,255,94,163,33,143,9,120,246,93,171,120,214,94,98,208,69,163,51,151,173,112,198,78,162,3,129,160,17,142,97,244,71,218,173,0,147,102,249,76,223,176,15,146,24,170,16,99,242,16,151,122,195,83,122,192,65,232,127,165,20,106,196,14,237,112,205,165,96,250,87,230,117,160,224,107,222,82,165,94,221,160,61,149,48,244,69,246,175,2,149,104,251,78,33,180,7,154,109,192,7,99,225,88,151,112,168,25,123,188,29,228,4,196,48,113,211,31,243,59,156,247,119,128,25,144,44,149,247,32,136,51,249,68,213,172,61,144,108,244,97,222,177,4,151,106,253,80,35,182,9,156,111,150,16,112,239,6,227,25,136,30,104,130,31,230,10,194,59,123,195,94,162,61,132,232,99,211,20,234,4,133,252,126,135,96,139,37,148,234,68,142,98,169,71,34,191,6,155,110,246,94,15,184,11,158,113,196,87,42,189,16,227,118,201,14,106,209,64,164,47,228,161,52,135,26,237,64,211,166,48,128,53,242,69,216,171,62,145,100,247,41,146,252,76,196,105,225,79,112,240,91,206,34,149,84,58,167,13,226,5,143,26,120,240,64,188,122,203,31,127,192,23,252,104,194,187,38,137,83,189,66,135,237,104,219,45,160,71,199,176,0,145,2,188,10,154,243,81,154,107,191,31,96,183,27,139,103,210,71,63,164,31,226,58,154,91,63,151,3,240,108,212,182,35,138,51,236,127,210,165,56,139,30,241,34,158,239,113,212,48,246,84,220,244,40,149,104,251,78,33,180,7,154,109,192,83,38,226,38,159,114,197,88,43,190,17,228,119,202,93,48,131,22,233,124,129,227,120,205,27,243,65,214,215,118,204,57,182,20,217,197,113,212,42,250,71,244,177,4,151,106,253,80,35,182,9,156,111,194,85,40,187,14,183,53,139,15,104,128,14,230,42,152,13,123,203,95,229,56,158,246,122,203,73,248,105,214,169,60,143,98,245,72,219,174,1,148,103,250,77,32,179,6,153,108,255,80,245,7,186,26,113,170,22,103,248,10,227,42,149,89,124,222,73,148,53,12,28,176,72,130,66,64,177,231,106,201,31,154,53,194,171,59,194,102,251,96,221,176,3,150,105,252,79,34,181,8,155,110,193,84,39,186,13,224,115,198,41,34,209,83,168,61,199,116,49,132,23,234,125,208,163,54,137,28,239,66,213,168,59,142,97,244,71,218,249,79,192,50,171,5,145,245,13,208,59,254,30,118,183,8,232,62,130,0,104,245,67,163,55,132,30,44,136,62,231,122,205,160,51,134,25,236,127,210,165,56,139,30,241,68,222,166,23,144,99,246,73,220,175,2,149,104,251,78,33,180,7,154,109,137,29,106,240,66,218,114,216,88,109,255,93,183,50,198,119,48,131,22,233,124,207,162,53,136,27,238,65,137,171,16,141,96,243,70,217,172,63,146,101,248,75,222,234,46,151,106,253,80,35,182,9,156,111,194,85,40,187,14,225,116,137,27,96,197,19,251,121,206,60,126,192,89,185,126,165,237,122,207,31,252,105,214,169,60,143,98,245,72,219,174,1,148,103,250,77,32,179,80,216,32,170,23,37,165,11,156,179,107,198,229,37,191,227,116,201,82,33,130,29,171,55,139,224,102,135,68,240,64,209,164,57,205,81,182,69,155,231,123,208,54,247,5,143,176,1,227,39,189,25,99,252,68,218,44,141,17,37,179,1,202,115,198,89,44,191,18,229,120,203,94,49,132,23,234,125,208,234,120,197,85,161,7,213,181,59,218,51,161,2,214,135,0,147,102,249,76,223,178,5,152,107,254,81,121,187,32,157,112,195,86,41,188,15,226,117,200,91,46,218,62,231,122,205,160,51,134,25,236,127,210,165,56,139,30,241,68,153,235,112,213,99,235,73,222,194,67,193,43,179,78,83,241,80,219,63,132,0,36,181,38,159,114,197,88,43,190,17,228,119,202,93,48,131,22,233,124,153,227,121,221,94,238,92,212,165,234,50,210,102,70,186,227,118,220,54,226,75,220,177,10,153,106,169,31,112,226,91,213,33,133,93,64,181,124,164,39,146,22,121,227,92,175,55,159,87,59,133,87,185,126,211,209,121,203,75,177,10,154,232,126,195,39,247,65,215,132,1,148,103,250,77,32,179,6,153,108,255,82,37,184,11,158,56,138,27,99,243,85,227,107,201,26,110,206,70,173,119,228,161,52,135,26,237,64,211,166,57,140,31,242,24,212,129,62,145,100,247,74,221,176,3,203,101,214,79,34,181,8,198,68,132,26,99,144,101,238,1,131,9,99,237,70,151,45,133,10,120,201,82,234,96,208,248,107,163,90,186,12,150,252,114,193,47,244,47,212,218,69,209,46,182,3,148,193,81,221,59,246,23,109,249,75,209,124,195,23,106,232,70,180,48,193,113,46,129,20,231,54,130,227,114,202,25,190,42,156,241,113,198,91,241,89,215,194,51,226,38,166,6,142,251,112,192,38,175,7,108,241,45,154,109,192,83,111,255,12,222,49,145,17,125,251,17,165,57,142,93,88,141,97,168,42,138,170,60,136,5,238,81,212,230,116,201,96,189,9,141,172,87,156,23,189,27,145,227,80,228,62,188,2,119,243,77,253,59,194,1,96,254,64,203,116,199,90,45,128,19,230,121,164,81,64,192,72,164,44,133,215,99,203,79,164,6,146,200,104,143,127,245,7,136,160,66,216,40,185,6,40,186,44,153,108,255,82,96,246,79,180,113,196,87,42,244,86,227,56,134,8,47,196,92,166,58,130,161,96,207,95,163,106,211,166,57,140,31,242,69,216,226,120,145,54,162,4,137,249,78,211,103,154,6,108,244,68,155,58,137,17,105,144,13,224,115,198,89,44,191,18,229,120,203,94,89,138,101,175,45,159,241,98,251,73,161,22,156,229,126,142,124,244,28,135,135,0,147,102,249,76,223,178,5,152,107,254,81,76,185,120,216,32,140,4,125,207,91,163,39,156,30,106,224,64,231,103,205,238,122,202,51,236,127,210,165,56,139,30,241,68,215,170,61,248,109,132,12,140,224,80,193,13,181,10,100,240,102,206,109,221,83,104,240,64,181,114,197,88,43,190,17,228,119,143,19,116,169,22,233,124,207,162,53,136,27,188,4,128,242,104,195,96,167,20,140,233,21,146,101,248,75,155,255,64,189,106,253,80,35,255,79,156,33,141,1,40,233,91,175,32,142,23,104,142,117,175,55,141,19,50,209,80,174,48,251,164,55,138,29,240,67,214,169,110,218,44,161,1,150,235,15,242,46,180,12,108,179,27,153,56,173,7,96,146,11,158,113,196,87,42,189,16,177,35,135,8,102,207,80,230,26,154,161,41,135,85,190,78,144,234,118,207,84,250,76,242,171,62,145,100,247,74,221,176,107,152,27,185,31,109,231,92,254,32,133,17,99,219,89,224,110,198,22,127,177,81,169,55,136,21,57,141,61,234,125,208,163,115,199,88,197,66,213,168,59,199,39,244,9,149,249,0,224,104,142,9,157,250,74,215,32,155,31,101,245,70,216,52,195,25,123,188,65,173,33,200,40,32,246,81,165,50,130,239,120,235,88,184,60,154,192,118,207,30,165,12,146,228,23,144,99,246,73,220,175,2,149,58,190,26,116,230,73,154,57,146,6,99,147,12,159,114,197,29,101,250,59,228,119,202,93,124,204,85,168,48,207,233,112,209,27,243,65,128,232,105,217,50,186,8,158,164,120,211,40,189,69,180,254,70,254,46,244,122,35,182,9,156,111,194,85,40,181,0,225,118,200,88,7,128,19,230,121,204,95,50,133,22,229,126,161,170,66,217,88,162,42,146,131,60,143,98,245,72,219,174,1,154,105,250,79,47,177,44,153,108,255,82,37,184,11,158,127,202,87,126,242,67,183,36,128,18,104,138,125,230,24,155,243,102,194,84,185,45,146,246,49,133,22,216,69,216,171,62,145,100,247,74,211,190,3,148,102,254,101,34,181,8,155,110,193,84,39,180,3,224,0,200,46,105,253,90,170,55,128,43,67,232,61,234,125,208,163,83,135,99,144,33,148,229,126,220,32,128,35,183,236,84,208,46,139,9,143,253,87,204,56,254,76,36,210,4,226,15,160,23,100,249,93,163,1,172,54,111,213,87,175,8,136,240,124,212,77,191,127,157,247,56,208,67,219,68,215,170,61,217,37,246,44,210,208,125,246,41,182,11,115,245,115,254,0,129,7,101,241,126,218,34,138,10,127,237,106,175,50,147,32,48,194,88,173,124,129,237,97,136,73,187,15,128,238,119,200,110,131,3,151,232,118,220,34,248,31,150,244,74,189,106,253,80,35,182,9,156,111,144,16,124,238,92,175,116,147,8,120,197,57,230,121,204,95,119,203,92,193,126,209,164,55,195,91,240,13,153,253,60,221,55,187,28,146,227,68,154,21,191,28,117,246,85,205,41,187,82,113,240,78,208,91,196,87,42,189,16,227,118,201,81,34,130,121,173,47,206,245,124,194,26,191,5,128,243,117,216,31,149,48,177,171,110,222,52,162,6,156,228,70,150,43,185,9,109,231,77,155,60,132,21,99,243,67,167,115,133,22,101,241,65,234,44,130,19,116,132,86,164,57,208,241,115,221,73,189,12,156,230,124,128,75,244,71,218,173,0,147,102,249,5,153,178,74,203,101,189,29,107,244,65,149,121,195,91,41,238,90,172,33,129,22,107,143,117,179,122,209,160,35,136,14,249,127,134,237,125,197,52,241,68,215,170,61,144,99,246,73,220,175,2,199,45,175,27,115,250,7,220,44,140,0,99,147,12,159,114,197,88,43,190,17,161,57,142,119,48,131,22,233,124,207,162,53,193,93,238,41,218,213,127,222,53,191,18,186,227,118,220,54,240,66,222,172,25,151,36,180,28,35,247,71,216,111,141,6,38,248,66,174,55,140,82,36,128,30,230,43,153,17,102,204,85,174,112,176,240,55,150,29,227,67,130,225,121,193,72,245,72,219,174,1,148,103,250,77,32,179,6,203,41,171,7,119,246,11,216,48,136,4,111,151,16,227,118,201,92,47,130,21,173,53,138,139,52,135,26,237,64,211,166,57,192,80,177,4,148,171,108,212,52,184,24,137,176,30,150,1,242,34,99,225,75,211,28,132,4,104,232,89,232,122,236,89,44,191,18,229,120,203,94,99,209,89,190,52,157,230,56,251,89,190,23,144,251,111,203,37,244,90,218,249,82,198,35,211,76,223,178,5,152,107,254,81,118,226,68,201,57,142,19,39,204,74,172,49,129,21,105,129,9,231,46,159,245,118,172,25,236,127,210,165,56,139,30,163,17,153,254,116,221,38,248,58,153,225,70,244,60,251,83,33,251,84,148,46,140,28,101,242,4,150,88,197,88,43,190,17,228,119,202,56,62,252,105,138,61,130,231,103,201,111,138,44,149,243,121,197,18,182,22,150,254,107,193,30,179,14,135,204,4,138,106,169,2,118,243,9,145,98,194,49,103,187,64,174,32,199,30,120,208,95,175,58,141,11,119,133,89,165,126,132,234,116,207,79,164,2,159,231,60,203,39,185,1,141,235,83,205,105,208,77,32,179,6,153,108,255,82,113,249,88,213,127,151,7,107,234,94,235,48,156,18,108,214,92,167,53,198,168,30,135,26,237,64,211,166,57,140,31,242,69,216,231,113,210,37,187,74,146,251,15,150,59,185,14,113,250,70,155,115,193,60,41,201,72,174,55,177,28,110,247,93,170,51,195,116,49,132,23,234,125,208,163,54,137,28,239,66,213,168,59,142,51,177,23,149,255,84,157,18,176,24,147,247,9,178,107,254,81,36,183,10,157,112,195,86,41,188,15,226,117,200,9,107,209,91,181,46,195,196,118,213,90,190,54,130,241,113,196,80,253,110,215,170,61,144,99,246,73,220,175,2,149,104,251,78,33,180,85,223,61,143,1,114,183,111,208,62,138,10,39,148,17,228,119,202,93,48,131,22,233,124,207,162,53,136,27,238,19,145,247,117,223,52,253,32,144,233,115,214,54,244,97,222,177,4,151,106,253,80,35,182,9,156,111,194,85,40,187,12,169,32,147,10,126,154,28,233,48,194,15,125,214,76,162,51,150,170,116,201,18,225,49,175,219,120,216,48,134,71,185,225,12,199,50,175,64,116,242,86,151,38,175,21,39,146,11,158,113,196,87,42,189,16,227,118,201,92,38,168,21,232,123,206,161,52,135,26,237,64,211,166,107,217,81,166,12,149,238,48,225,33,185,14,148,254,68,150,116,252,9,99,249,91,222,68,193,84,39,186,13,224,115,198,89,44,191,18,183,45,133,10,120,201,82,228,14,149,237,98,137,1,239,13,158,130,59,142,97,244,71,218,173,0,147,102,249,76,183,188,114,221,41,182,30,107,252,121,201,49,151,3,122,180,64,169,121,200,9,107,192,71,168,52,196,138,51,134,25,236,127,210,165,56,206,80,181,77,253,170,61,144,99,179,7,152,133,2,149,104,251,28,100,224,82,200,35,192,29,105,237,12,205,39,139,12,98,243,84,234,7,143,19,116,202,88,174,124,128,240,53,199,72,224,2,152,232,121,198,104,250,70,212,172,109,199,43,172,2,147,244,10,228,47,179,20,66,226,9,130,114,194,77,2,254,64,165,94,237,28,120,206,80,178,48,131,17,50,237,22,143,59,130,240,101,197,68,248,74,252,169,60,143,98,188,14,219,224,78,192,103,146,67,82,230,72,215,37,177,21,37,236,67,219,63,238,87,42,189,16,227,118,201,92,125,199,65,189,41,128,139,52,135,26,237,5,157,226,19,140,31,242,69,145,237,62,249,106,133,15,158,255,81,210,32,178,8,34,225,64,222,32,235,84,39,186,13,224,115,198,89,68,177,97,177,55,155,44,116,199,88,184,57,216,170,28,137,28,239,66,144,230,127,164,97,244,71,218,197,14,225,51,183,2,150,252,66,152,118,254,23,101,251,89,216,90,195,86,41,188,103,236,6,141,9,103,192,88,231,103,205,200,61,245,92,190,54,147,233,56,128,30,224,110,215,170,61,144,11,248,57,144,238,91,220,38,188,78,60,180,65,219,33,147,22,12,185,12,159,114,131,23,121,190,110,232,119,137,93,121,205,22,160,44,142,235,103,219,19,134,79,183,232,116,195,37,176,18,144,227,113,193,108,248,15,145,155,4,151,106,253,80,35,182,9,223,117,166,28,123,248,65,175,58,130,25,121,136,26,204,121,204,95,50,192,86,175,84,209,164,55,138,84,182,67,190,167,93,218,54,186,72,143,230,68,218,77,250,77,32,179,6,153,108,255,20,106,234,11,225,125,196,20,42,244,94,227,63,153,29,102,208,70,224,19,192,192,97,211,85,227,45,146,246,90,195,81,188,0,155,255,119,222,42,164,74,146,226,3,205,52,245,79,102,250,34,155,110,193,84,39,186,13,224,115,198,89,44,252,8,129,49,152,29,126,202,89,175,62,132,171,63,163,28,239,66,213,168,59,142,97,177,9,158,135,0,147,102,249,9,145,246,47,152,107,254,81,76,185,108,237,3,203,16,104,240,92,167,124,226,91,46,129,20,174,60,205,200,61,244,80,162,56,210,241,112,206,80,219,68,215,170,61,144,99,246,73,180,161,112,220,38,188,84,69,241,84,206,63,143,10,46,176,38,159,114,197,88,110,240,85,206,119,202,93,48,207,89,170,61,131,162,103,199,78,186,4,134,167,39,141,5,253,57,166,207,126,223,32,170,10,170,213,118,210,41,178,2,103,243,91,238,32,151,1,109,233,36,225,116,199,90,100,198,19,180,54,153,11,119,215,24,170,48,149,164,101,197,72,164,6,132,167,84,218,32,245,85,198,174,105,148,51,178,8,110,153,6,153,108,255,82,37,184,11,204,62,145,3,111,239,30,139,35,139,92,50,130,91,161,55,228,161,52,135,26,168,14,151,140,57,140,31,242,12,158,171,86,159,19,190,4,153,255,84,150,61,180,10,108,159,8,155,110,193,84,39,186,13,176,48,135,21,96,183,84,176,54,136,10,120,203,89,226,116,250,163,54,137,28,239,66,213,168,59,142,97,244,47,212,218,73,221,34,182,27,197,214,64,203,63,172,30,125,191,3,183,112,195,86,41,188,15,226,117,141,21,106,136,62,231,122,205,160,118,200,93,198,58,156,225,18,134,19,241,52,133,239,109,209,49,179,73,158,230,76,209,33,181,9,114,180,69,223,43,143,1,99,185,94,218,51,129,17,101,249,17,167,54,137,21,117,199,22,189,61,141,238,112,219,23,238,0,130,232,115,201,41,189,1,217,233,113,199,40,189,25,159,229,77,216,36,242,3,118,244,90,223,61,139,23,109,187,92,160,55,130,9,35,170,123,232,27,133,17,118,247,93,166,49,133,225,100,130,20,218,43,216,193,101,203,48,180,28,158,166,8,190,35,181,103,32,179,6,153,32,176,17,100,244,11,206,35,139,17,99,241,85,227,107,201,52,33,240,80,169,63,198,201,58,225,83,161,5,219,213,55,252,77,189,3,145,231,123,152,109,221,74,221,176,3,223,47,252,39,44,195,73,215,39,133,36,117,245,75,169,63,131,81,124,237,93,163,49,135,27,56,132,67,162,56,158,137,54,137,28,239,66,213,168,59,230,111,152,8,155,233,69,215,22,171,3,153,251,73,221,107,227,81,116,229,69,219,57,143,19,3,188,15,226,117,200,91,46,129,124,233,22,136,225,97,200,105,190,48,148,236,116,206,125,190,23,131,249,53,192,49,185,15,149,227,71,156,66,251,78,33,180,66,212,41,234,22,104,253,38,211,61,134,25,103,190,68,173,24,161,81,48,214,95,140,46,157,162,40,136,75,173,0,152,235,50,203,53,189,5,141,229,112,220,109,241,97,222,177,4,151,38,178,19,98,250,9,235,38,140,17,93,210,14,252,94,199,90,45,128,19,230,121,204,19,125,196,92,184,42,131,237,121,205,21,183,2,155,236,38,231,54,161,24,188,235,85,156,101,178,25,116,227,85,131,99,240,0,100,239,5,217,56,144,31,127,255,69,176,51,155,31,96,204,65,173,53,154,175,119,200,87,226,38,156,233,109,205,88,183,22,141,248,49,230,45,185,14,168,217,12,219,40,181,1,45,241,65,200,58,206,25,102,243,67,238,63,147,24,46,182,27,237,113,225,94,49,132,23,130,115,165,202,54,148,28,152,11,155,236,78,231,75,244,71,218,173,76,220,37,184,0,223,197,76,214,47,177,6,36,170,10,234,57,141,18,92,213,21,129,39,141,26,122,196,99,174,52,137,239,100,142,66,198,127,210,165,56,139,30,241,68,163,227,105,220,38,246,84,220,173,97,212,37,190,28,96,180,115,254,109,168,6,100,187,0,181,114,197,88,43,190,17,228,119,171,8,100,203,89,187,124,210,162,55,227,94,188,14,214,171,16,141,96,243,70,217,172,63,146,3,183,7,154,244,86,151,119,253,82,64,247,68,217,61,131,33,76,211,91,163,118,203,112,45,128,19,230,121,204,95,50,236,91,164,48,209,185,55,136,94,177,14,147,251,125,141,110,223,72,219,174,1,148,103,250,77,84,251,67,212,41,255,79,37,186,111,223,35,143,85,38,151,16,227,118,201,92,47,130,21,155,50,148,228,52,154,26,152,36,154,235,43,130,89,160,10,149,196,120,215,55,178,30,213,166,17,134,101,252,91,58,165,1,151,68,193,84,39,186,13,224,115,198,45,126,254,92,182,40,138,12,116,202,67,234,96,208,247,100,220,89,227,104,213,168,59,142,97,244,71,218,197,73,215,35,138,9,158,224,70,208,9,191,3,36,170,10,201,34,150,19,37,150,15,226,117,200,91,46,129,20,137,63,154,197,127,195,84,169,49,134,246,56,150,30,165,22,130,239,49,186,99,246,73,220,175,2,149,104,143,1,102,243,75,223,6,133,10,38,164,12,250,60,144,21,37,213,84,189,20,133,25,117,141,100,160,59,135,246,70,192,82,168,21,216,141,58,141,96,243,70,217,172,63,253,53,189,5,188,228,80,195,37,179,80,62,182,82,156,27,139,1,100,254,14,252,116,197,57,108,205,86,180,56,204,43,86,133,112,190,60,211,168,55,239,83,177,1,154,236,120,143,127,245,28,137,251,68,152,103,158,31,97,244,65,216,46,179,23,37,165,11,202,35,145,18,38,189,127,173,58,144,49,96,192,92,164,62,206,188,52,193,91,161,19,150,166,100,128,53,242,69,216,171,99,152,78,247,74,221,176,107,152,30,181,1,102,250,95,155,115,193,35,110,244,73,175,36,236,89,44,191,18,232,117,203,45,112,201,82,234,47,149,239,119,221,85,185,7,213,252,122,204,97,187,21,158,232,82,147,39,183,8,223,241,74,214,63,172,30,104,183,70,220,41,140,3,125,188,78,177,117,187,23,97,209,15,231,61,140,237,118,139,74,188,58,145,236,126,194,93,241,1,143,254,111,209,48,246,6,145,230,86,193,45,191,64,11,180,7,154,109,140,28,101,248,64,159,30,138,26,105,231,101,165,53,202,64,48,244,95,167,56,128,245,47,252,90,172,73,143,167,78,196,52,191,3,217,177,63,144,9,183,9,156,232,6,155,106,148,19,108,248,9,129,111,192,17,103,244,92,236,59,151,31,99,130,19,187,112,230,95,50,133,24,167,49,146,229,123,138,112,177,23,149,225,72,206,32,245,85,219,217,72,218,35,181,26,58,199,71,219,100,164,82,81,241,95,210,52,196,74,42,191,125,162,34,138,20,45,142,21,129,56,129,239,52,154,26,239,13,146,246,59,140,66,251,111,216,171,62,145,40,184,9,156,252,3,247,60,168,0,82,249,73,194,26,128,22,39,167,13,151,58,136,29,99,232,8,145,57,137,86,106,132,99,163,41,156,230,54,148,28,237,35,128,252,116,142,17,184,6,131,175,12,147,15,186,3,145,178,24,152,105,174,29,101,238,8,157,45,202,124,41,188,15,226,57,135,24,111,205,20,138,59,142,242,124,213,109,173,61,210,184,56,252,87,191,0,152,253,39,228,34,180,65,135,175,118,220,60,183,11,33,169,7,152,0,129,16,116,246,95,157,126,197,49,104,241,95,228,106,202,95,115,207,87,185,44,138,240,119,199,90,188,5,214,167,103,132,74,243,70,217,172,115,221,38,185,7,222,198,65,213,34,178,31,104,194,72,222,111,223,85,95,242,64,165,59,144,64,89,193,81,238,34,204,43,123,209,84,174,126,204,164,53,253,88,178,11,153,230,119,141,110,245,33,152,225,79,148,122,250,79,119,246,68,209,35,176,25,39,184,86,151,91,196,87,42,189,92,172,53,136,16,47,239,92,187,56,186,224,118,135,7,237,55,154,232,125,195,72,232,49,153,233,54,202,100,131,3,137,252,70,150,116,252,77,79,252,91,216,108,205,84,78,249,66,174,115,219,89,46,236,87,177,44,130,16,118,215,21,234,32,217,137,28,137,28,239,66,185,231,121,204,56,128,6,152,183,115,214,37,173,5,144,252,13,195,107,138,24,112,251,79,157,109,195,84,89,240,78,187,119,200,6,39,171,20,231,122,205,200,61,241,80,168,56,151,241,107,133,114,190,6,149,243,61,141,99,154,6,158,237,91,225,41,185,84,81,245,85,219,42,146,18,118,241,4,196,114,177,17,127,242,84,228,106,202,95,92,204,84,171,37,207,227,96,220,84,163,0,128,238,117,195,98,255,70,189,233,108,209,101,229,75,220,198,69,222,62,180,30,100,180,9,193,102,232,85,40,187,14,141,59,133,24,116,244,82,164,99,168,13,125,213,92,164,41,159,172,108,160,29,240,67,214,169,60,143,98,129,1,143,226,68,148,122,250,79,80,255,71,192,41,173,1,39,180,33,158,113,196,87,42,189,16,227,18,140,15,108,130,8,232,121,190,237,117,222,95,191,19,211,244,124,221,74,187,23,157,239,62,211,33,177,5,143,245,3,194,33,185,79,106,250,91,207,110,146,0,102,232,89,179,113,202,115,44,191,18,229,120,203,94,49,242,86,166,40,149,240,54,148,28,180,66,215,185,59,254,45,181,30,159,255,2,159,102,251,94,223,194,73,217,50,187,3,119,181,6,157,114,208,86,89,240,78,187,48,154,8,44,141,20,229,110,205,208,127,199,64,169,45,129,167,52,139,28,228,68,167,230,124,201,38,164,26,222,175,95,153,66,251,78,33,180,7,154,109,192,37,103,245,89,218,114,216,88,127,241,66,176,37,131,19,119,139,101,231,12,131,227,108,205,73,189,72,212,169,52,141,104,128,72,169,224,126,203,32,170,24,222,172,25,151,123,253,17,109,242,9,158,111,178,25,105,226,75,179,118,199,21,127,128,17,230,9,128,30,107,192,74,184,124,216,168,29,138,29,240,67,214,169,60,143,15,160,4,143,231,1,137,103,188,12,108,224,67,149,70,255,82,37,184,11,158,113,196,52,107,241,92,161,55,138,23,47,159,21,174,46,128,226,96,206,85,163,72,133,231,117,217,90,251,111,216,171,62,145,100,247,74,221,176,3,150,105,143,65,82,249,73,194,43,147,7,39,167,13,173,50,146,17,34,252,94,164,53,155,86,101,203,89,191,48,146,230,100,129,72,160,17,129,250,114,192,38,252,17,155,225,85,214,111,227,1,158,230,70,208,99,252,84,96,188,8,148,121,195,25,123,188,30,238,117,217,87,46,148,29,205,122,205,160,51,134,25,236,127,210,165,56,139,118,255,55,150,252,120,227,38,162,29,149,225,69,198,96,242,100,33,180,7,154,109,192,83,38,252,66,219,126,239,88,43,190,17,185,126,224,93,48,131,22,129,114,184,235,113,207,94,186,18,218,202,123,221,51,243,91,217,192,112,208,39,161,63,159,243,30,243,56,178,0,103,249,94,210,103,153,127,40,187,14,225,116,199,90,45,244,90,178,53,137,95,47,133,26,134,63,129,166,59,160,29,240,67,214,169,60,143,98,131,9,151,251,68,199,103,231,77,72,189,107,216,60,172,90,44,180,33,158,113,196,87,42,189,16,227,0,136,16,122,199,21,245,123,189,175,89,198,74,225,106,211,166,57,140,31,242,69,216,198,107,221,48,190,74,192,176,69,215,37,175,10,46,159,8,155,110,193,84,39,186,13,147,54,135,11,111,247,112,164,42,174,16,112,198,91,175,57,208,190,54,221,78,186,7,217,130,59,142,97,244,71,218,173,0,240,39,181,0,157,243,70,211,107,227,81,98,226,68,222,36,138,25,103,180,89,163,57,157,30,39,171,20,231,122,205,160,51,134,25,236,127,210,165,75,133,115,176,20,215,183,61,196,44,165,29,142,230,76,210,96,173,15,109,225,66,147,71,192,83,38,185,12,159,114,197,88,43,190,17,173,49,202,53,62,230,90,172,42,142,246,122,218,27,186,9,145,233,16,141,96,243,70,217,172,63,146,101,248,75,222,177,4,151,106,149,94,79,243,72,202,42,167,25,109,237,79,181,59,149,82,36,170,19,230,121,204,95,50,133,24,235,126,209,164,114,196,89,218,67,214,169,60,143,98,245,72,219,174,1,148,15,244,33,111,241,68,192,13,171,6,96,245,91,202,113,217,87,100,244,92,201,118,201,92,47,130,21,232,123,206,161,52,135,114,227,51,146,240,124,255,90,166,17,145,229,121,194,108,254,96,221,176,3,150,105,252,79,34,240,70,223,98,235,84,39,186,13,189,122,236,89,44,191,18,137,55,137,28,104,240,86,168,103,164,236,113,206,80,170,74,142,130,59,142,97,244,71,218,173,0,231,47,173,0,154,178,24,152,105,159,4,112,248,10,247,63,138,24,41,186,15,145,33,137,9,122,131,24,205,122,205,160,51,134,25,236,127,164,228,116,222,91,241,89,215,217,51,241,54,162,6,176,224,64,215,49,247,100,33,180,7,154,109,192,83,38,218,77,211,62,135,25,104,245,17,249,119,140,8,126,192,66,160,51,129,170,99,201,87,187,4,221,141,58,141,96,243,70,217,172,63,146,101,248,75,173,191,101,194,62,178,60,108,244,75,197,111,223,85,126,250,66,180,49,199,71,48,128,71,180,44,137,117,50,133,24,235,126,209,164,55,138,29,240,67,165,167,79,219,35,167,28,181,225,86,148,122,250,25,114,230,67,179,108,255,82,37,184,11,158,113,196,87,42,189,89,165,118,135,19,123,130,102,230,26,155,245,123,235,85,175,2,138,166,109,196,90,188,111,216,171,62,145,100,247,74,221,176,3,150,105,252,79,34,181,96,149,2,132,21,113,255,104,172,54,144,24,120,240,64,237,113,225,94,49,132,23,234,125,208,163,54,137,28,239,7,155,236,17,142,97,244,71,218,173,0,147,102,249,76,223,218,11,235,42,168,20,87,242,94,201,57,141,17,122,180,6,200,117,200,91,46,129,20,231,122,136,238,119,138,51,236,127,210,165,101,130,52,241,68,215,170,81,223,33,180,16,168,238,64,143,27,190,13,117,253,72,212,101,155,83,82,240,88,211,55,197,69,43,188,112,177,35,133,93,67,214,91,164,51,129,160,53,213,18,196,65,212,167,58,225,47,177,4,128,216,126,208,127,156,25,145,225,64,216,61,179,88,120,156,9,156,111,194,85,40,187,14,149,61,147,22,104,128,14,230,123,173,18,125,208,86,191,124,221,142,55,138,29,240,67,214,169,60,249,35,185,29,158,253,1,137,103,161,77,34,235,23,155,96,255,80,125,169,27,156,113,153,91,0,189,16,227,118,201,92,47,130,99,169,55,155,228,52,154,26,239,24,209,166,55,130,31,129,75,171,254,115,220,43,185,43,144,255,86,216,61,240,101,34,181,8,155,110,193,84,39,215,88,172,39,143,89,49,191,84,164,52,152,27,61,174,23,234,125,208,163,54,137,28,140,3,153,228,121,207,34,191,71,199,173,70,198,40,186,24,150,253,75,144,61,191,29,113,242,3,183,112,195,86,41,188,15,226,117,200,91,46,129,103,233,9,152,237,126,201,87,141,50,157,240,118,223,30,236,68,129,235,113,197,38,246,84,193,175,0,205,121,235,76,33,245,73,222,109,209,67,38,246,94,159,99,239,88,43,190,17,228,119,202,93,48,131,22,233,20,193,209,116,222,94,157,4,128,243,115,195,39,160,78,208,134,63,146,101,248,75,222,177,4,210,36,185,92,9,182,9,156,111,159,92,2,187,14,225,116,171,21,111,194,74,146,56,142,69,65,201,81,175,59,131,172,108,160,29,240,67,214,169,60,143,98,129,1,143,226,68,148,122,250,79,83,230,75,212,35,177,82,65,253,71,223,40,198,91,0,189,16,227,118,201,92,47,130,102,188,62,158,161,41,135,10,227,81,223,140,57,140,31,242,69,216,171,62,231,37,187,31,152,176,30,150,50,252,34,107,251,8,134,110,209,90,54,182,13,141,50,158,89,49,191,3,245,116,203,58,116,194,86,191,49,132,163,43,137,111,225,49,128,229,118,193,47,144,2,150,236,89,147,59,245,102,223,178,5,152,107,254,81,36,212,75,209,60,129,23,106,247,15,255,117,142,14,96,194,64,174,53,131,168,101,199,85,185,58,219,143,56,139,30,241,68,215,170,61,144,99,246,73,175,161,113,192,37,182,1,111,208,66,214,44,153,83,59,185,65,222,38,141,86,104,242,80,169,39,194,9,127,205,67,164,62,138,240,61,222,90,162,20,145,174,58,194,50,243,87,213,172,47,156,116,244,75,207,161,13,189,106,253,80,35,182,9,156,111,194,85,40,187,102,239,7,134,12,104,243,86,178,45,133,17,117,214,16,226,84,209,164,55,138,29,240,67,214,236,114,203,110,223,72,219,174,1,201,110,208,77,32,179,6,245,35,189,16,124,204,74,220,107,176,24,109,250,92,166,126,146,118,47,130,21,232,123,206,161,52,243,83,185,12,150,166,36,140,29,147,16,140,228,62,226,49,186,7,146,254,1,154,67,252,79,34,181,8,155,110,193,34,102,246,88,165,115,219,89,95,177,115,176,44,132,45,100,201,90,165,51,220,137,54,137,28,239,66,213,168,59,237,32,184,11,152,236,67,216,102,228,76,153,231,75,219,63,183,30,106,191,92,220,60,150,19,32,150,15,226,117,200,91,46,129,20,231,122,205,160,64,136,120,185,43,157,214,109,198,83,190,10,215,183,61,198,34,186,28,153,175,31,136,104,175,28,116,241,45,154,109,192,83,38,185,12,159,114,197,88,43,214,31,151,54,156,24,67,198,66,189,53,129,229,102,128,18,196,65,212,167,58,141,96,243,70,156,226,123,158,79,248,75,222,177,89,158,64,215,80,35,182,9,241,46,150,22,96,207,79,163,110,180,31,110,212,90,169,55,196,4,50,241,81,191,50,148,164,42,138,31,128,17,147,164,113,206,54,182,0,219,216,78,192,34,248,77,125,186,44,153,108,255,82,72,249,95,221,57,176,22,104,167,116,177,57,153,24,96,213,91,224,32,228,161,52,135,26,237,64,211,166,77,197,75,190,0,216,182,62,147,0,190,12,155,249,64,195,37,168,22,32,185,34,155,110,193,84,39,186,13,224,5,135,21,121,250,65,229,101,203,5,49,134,114,171,46,137,161,58,137,30,129,13,135,229,122,194,99,248,71,216,197,65,193,34,251,64,223,176,108,214,56,191,31,97,181,10,192,124,233,86,41,188,15,226,117,200,91,88,192,88,178,63,205,189,51,245,23,136,54,148,227,113,200,75,189,16,142,166,23,144,99,246,73,220,175,2,149,5,174,2,117,253,7,135,109,134,18,106,234,73,147,88,197,88,43,190,17,228,119,202,62,113,207,90,171,61,140,233,53,149,27,168,20,154,228,110,196,47,189,78,143,237,115,199,32,241,97,222,177,4,151,106,253,80,35,182,9,156,111,177,91,76,242,72,167,61,132,15,97,212,74,230,100,204,11,125,214,76,185,55,159,227,63,220,92,188,22,147,160,22,143,98,245,72,219,174,1,148,103,250,77,32,219,8,234,45,169,23,86,253,95,202,56,138,16,121,181,25,201,118,201,92,47,130,21,232,123,139,239,112,139,48,237,64,211,166,100,133,53,242,69,216,171,83,208,48,180,2,169,241,65,140,29,179,8,101,249,77,147,53,235,84,39,186,13,224,115,198,89,88,246,70,169,61,203,67,49,134,118,191,41,159,163,64,198,72,170,66,177,225,125,200,40,183,18,150,249,89,145,106,211,76,223,178,5,152,107,254,81,82,246,70,200,53,195,75,41,207,1,131,32,156,20,74,200,82,161,51,142,245,127,210,64,224,85,210,165,56,139,30,241,68,215,201,124,220,47,180,8,159,228,2,136,104,189,27,111,247,83,211,34,142,91,112,248,64,202,55,204,114,43,190,17,228,119,202,93,48,131,22,233,124,188,172,84,221,79,161,37,157,225,124,196,35,166,10,141,245,63,143,101,174,10,146,228,65,151,119,224,80,119,228,92,217,69,194,85,40,187,14,225,116,199,90,45,128,19,142,119,191,30,100,192,107,174,42,133,237,121,205,78,248,74,252,169,60,143,98,245,72,219,174,68,218,35,246,103,32,179,6,153,49,246,120,37,184,11,158,28,133,3,105,245,100,162,52,211,47,106,193,65,161,52,128,169,111,135,110,164,20,159,227,57,145,31,240,50,153,253,123,147,100,170,67,247,176,3,150,105,145,14,118,246,64,239,47,131,78,83,245,74,167,63,131,81,119,149,18,229,120,203,94,49,132,23,158,52,132,239,115,137,1,239,64,180,253,111,193,97,135,12,147,253,0,228,39,175,9,140,176,9,178,107,254,81,36,183,10,157,112,181,23,101,233,74,226,104,200,40,32,224,65,179,53,190,235,122,214,21,198,127,210,165,56,139,30,241,68,180,235,113,220,33,183,10,151,175,31,149,46,174,0,98,224,78,213,35,200,5,103,245,89,218,123,239,88,43,190,17,228,119,202,93,48,131,22,233,15,193,195,96,220,84,157,10,157,247,58,144,96,165,7,149,249,122,146,120,229,75,138,227,81,210,64,253,80,35,182,9,156,111,194,85,40,187,14,137,122,180,17,100,208,29,136,60,148,11,83,209,24,246,126,193,142,55,138,29,240,67,214,169,60,143,98,245,72,179,160,114,213,49,191,62,101,231,82,208,34,184,1,45,177,33,158,113,196,87,42,189,16,227,51,135,24,35,168,21,232,123,206,252,61,173,26,237,64,211,203,120,216,92,186,49,153,233,36,226,33,180,30,148,255,77,158,50,252,59,107,225,68,222,110,220,84,37,215,76,180,48,142,89,73,241,86,231,120,150,87,27,132,23,234,125,189,226,98,202,84,155,3,151,178,95,220,46,164,3,149,250,78,155,61,211,76,223,178,5,152,107,254,81,80,254,94,209,53,195,75,41,190,110,164,33,141,9,46,236,85,179,57,133,162,63,172,25,236,127,210,165,56,139,30,135,5,155,255,120,195,99,235,73,135,175,0,251,39,181,11,35,184,7,152,31,133,7,115,235,66,157,114,152,84,1,190,17,228,119,202,93,48,131,96,168,48,154,231,53,149,27,157,79,177,233,126,236,35,167,15,150,226,51,184,101,248,75,222,177,4,151,106,144,5,111,226,64,156,114,194,19,105,247,93,164,120,237,90,45,128,19,230,121,204,95,81,196,84,167,60,144,231,124,138,0,240,5,131,231,127,219,43,186,6,211,248,64,216,50,191,68,10,179,6,153,108,255,82,37,184,11,158,113,196,36,36,216,94,167,23,138,8,102,205,91,232,102,206,247,117,203,79,168,64,206,187,57,142,109,183,17,141,249,112,147,100,182,4,153,176,1,228,44,168,26,112,251,10,155,33,147,84,37,212,66,174,54,196,115,44,191,18,229,120,203,94,49,132,23,234,125,184,173,69,200,74,170,49,144,252,111,199,47,179,20,210,164,42,147,102,249,76,223,178,5,152,46,176,21,40,157,10,157,112,195,11,32,150,37,226,117,200,91,67,192,87,181,53,158,212,114,196,3,159,58,145,241,113,196,80,249,31,215,222,116,196,47,179,73,193,175,0,248,41,184,28,110,180,116,206,44,148,22,36,185,81,150,88,197,88,43,190,121,234,0,131,25,119,198,66,186,114,162,227,118,218,84,238,92,212,202,123,206,50,188,21,173,237,125,136,21,185,25,159,246,86,214,58,181,88,120,182,125,213,59,142,16,40,166,14,227,7,147,27,121,197,9,230,16,136,19,119,135,20,235,26,148,247,116,138,0,240,65,161,232,117,219,43,187,15,217,174,92,157,77,250,77,32,179,110,151,27,182,22,98,253,95,205,127,169,22,105,239,95,145,35,135,8,102,207,80,232,102,206,204,117,196,72,162,19,167,231,123,150,111,179,23,153,236,108,208,52,191,66,134,176,119,223,61,176,10,34,168,8,153,2,136,2,98,186,64,161,39,133,17,46,179,18,129,61,152,29,49,153,23,232,15,149,226,114,192,82,168,66,146,233,118,203,97,167,19,155,249,69,157,104,247,78,223,239,12,178,107,254,81,36,223,4,234,57,135,17,108,232,92,236,24,137,24,124,206,117,164,46,132,239,125,213,25,241,85,210,165,56,139,30,241,68,215,199,124,211,49,185,26,168,238,64,143,24,186,28,96,243,85,219,61,136,91,125,185,120,214,38,137,29,43,163,17,230,5,143,30,127,209,82,172,56,207,227,118,220,82,161,15,135,189,58,157,98,255,70,189,233,108,209,101,229,75,220,223,75,151,43,190,4,106,249,71,207,111,142,26,105,255,75,165,118,199,7,36,170,19,230,121,204,19,125,198,89,167,126,159,225,96,250,79,191,5,159,229,121,225,35,184,13,219,179,1,192,40,169,25,114,250,72,222,100,140,92,75,253,92,238,35,139,17,99,241,85,141,55,132,25,47,205,71,232,121,204,168,30,135,26,237,64,190,231,122,222,80,161,49,153,233,36,248,42,167,31,137,184,88,188,105,252,79,34,181,8,155,110,181,29,115,246,72,224,110,198,91,79,237,87,164,44,142,94,92,197,84,184,50,210,175,28,137,28,239,66,213,168,59,142,17,184,6,153,232,72,220,42,189,9,141,178,24,152,105,187,9,101,250,90,209,53,217,86,125,243,70,174,48,156,36,109,200,64,190,5,136,225,96,223,27,224,85,210,165,56,139,30,241,68,215,220,124,220,54,179,73,193,175,76,208,63,139,28,110,242,78,214,40,174,18,107,252,0,181,114,197,88,43,190,17,228,119,169,28,124,207,84,168,63,132,162,40,136,93,187,15,151,243,115,194,46,251,16,152,224,106,215,108,210,75,222,177,4,151,106,253,80,35,182,9,156,33,135,2,88,233,65,167,61,139,31,67,193,94,163,121,209,95,90,139,107,170,56,148,202,118,199,88,248,21,151,229,105,202,107,223,72,219,174,1,148,103,250,77,32,179,6,153,31,241,60,96,239,123,204,62,130,30,102,248,126,162,59,140,92,50,130,91,173,44,190,243,123,193,83,161,5,189,231,116,201,53,242,69,216,171,62,145,100,247,74,221,176,3,254,103,143,14,116,240,123,222,58,149,29,105,253,94,232,122,236,89,44,191,18,229,120,203,94,116,202,83,230,87,208,163,54,137,65,230,104,213,168,59,142,12,181,4,136,226,83,231,39,187,86,189,231,81,204,36,176,89,127,157,10,157,112,195,86,41,188,15,150,60,156,23,107,129,9,231,120,174,242,118,199,77,169,127,188,224,111,139,115,176,7,133,229,63,156,73,246,73,220,175,2,149,104,251,39,98,251,73,154,112,192,81,96,240,64,218,127,149,20,126,237,19,232,93,202,93,48,131,22,233,124,207,193,116,196,87,172,0,151,236,58,144,96,181,19,151,239,107,219,42,182,67,215,155,4,151,106,253,80,35,182,9,156,111,194,85,97,253,14,137,122,183,22,108,217,90,168,62,204,16,96,133,112,229,12,148,231,120,216,89,185,13,145,169,104,199,39,187,98,219,174,1,148,103,250,77,32,179,6,153,108,255,82,37,184,99,144,31,139,3,99,251,73,235,116,186,8,96,210,21,188,51,139,161,117,196,78,164,22,150,166,116,205,92,160,10,216,237,119,195,55,163,72,212,154,3,150,105,252,79,34,181,8,155,110,193,84,39,186,13,224,33,131,13,121,237,92,207,120,203,94,49,132,23,234,125,208,163,54,137,89,161,6,255,168,59,142,97,244,71,218,173,0,147,102,249,0,144,241,68,212,107,176,16,105,242,10,128,112,171,88,90,253,73,167,27,137,22,107,137,90,162,45,189,242,124,192,80,160,58,188,228,117,206,23,219,68,215,170,61,144,99,246,73,220,175,2,149,33,189,78,111,245,74,223,109,221,78,38,187,14,159,61,151,88,101,255,92,161,109,134,18,103,198,68,225,117,207,191,40,136,25,189,4,128,243,115,195,39,160,68,217,248,119,215,43,210,75,222,177,4,151,106,253,80,35,182,9,156,111,194,85,40,211,0,143,59,147,19,107,217,27,228,28,130,11,119,215,24,170,126,135,229,123,195,89,240,14,151,234,110,192,98,187,9,150,235,1,210,46,168,30,116,177,15,179,108,255,82,37,184,11,158,113,196,87,42,189,16,227,118,201,14,106,214,64,186,53,228,161,52,135,26,237,64,211,166,57,140,31,242,0,150,239,20,145,100,247,74,221,176,3,150,105,252,79,34,252,78,155,6,207,50,84,186,76,174,55,198,16,127,249,91,169,61,195,54,63,226,94,166,56,216,237,119,196,89,230,75,213,252,115,203,47,222,71,218,173,0,147,102,249,76,223,178,5,152,107,254,81,36,223,4,243,63,151,31,111,229,7,224,1,128,26,122,129,89,166,57,159,239,51,199,85,190,58,147,225,97,139,91,169,13,132,254,110,146,106,220,73,220,175,2,149,104,251,78,33,180,7,154,109,192,83,38,235,73,203,39,151,22,1,190,17,228,119,202,93,48,131,22,233,124,207,231,123,204,49,238,65,212,167,58,141,96,243,70,217,172,63,222,42,187,10,146,177,84,197,37,187,25,111,243,9,129,111,153,85,79,250,67,164,116,218,90,47,227,82,171,60,158,30,70,225,26,231,126,167,225,101,217,84,191,13,214,180,60,158,110,245,41,152,250,72,219,41,169,77,61,179,93,196,96,255,51,102,236,66,209,63,167,24,127,243,68,227,107,201,76,47,223,63,232,123,206,161,52,135,26,237,64,211,166,57,192,80,177,4,148,171,113,218,104,247,24,152,241,80,217,39,252,82,34,221,6,236,60,136,0,98,178,101,238,21,143,21,105,183,92,164,53,142,87,61,132,71,184,50,150,234,122,204,21,197,66,213,168,59,142,97,244,71,218,173,0,147,47,191,76,145,253,81,152,36,181,81,112,255,79,211,90,195,86,41,188,15,226,117,200,91,46,129,20,231,122,205,160,91,136,119,163,43,155,227,97,131,28,146,22,146,235,105,213,99,176,8,149,227,71,209,114,251,76,33,186,9,154,57,143,0,114,235,69,209,53,205,10,110,255,66,171,57,195,84,26,131,22,233,124,207,162,53,136,27,238,65,212,167,58,141,96,161,3,141,249,109,220,79,248,75,222,177,4,151,106,253,80,35,182,9,217,33,134,127,40,187,14,225,116,199,90,45,128,19,230,121,191,81,66,215,87,173,55,157,225,55,151,29,190,2,155,236,22,143,98,245,72,219,174,1,148,103,250,77,32,219,8,245,35,190,22,96,252,123,204,62,130,30,102,248,16,254,118,153,14,96,196,92,164,62,228,161,52,135,26,237,64,211,166,57,140,31,242,45,214,217,123,215,54,178,25,149,192,81,217,47,181,3,103,230,0,146,68,193,84,39,186,13,224,115,198,89,44,191,18,141,118,184,31,103,193,100,175,41,132,234,120,206,79,231,75,255,168,59,142,97,244,71,218,173,0,147,102,249,36,209,193,64,204,24,170,16,112,226,89,149,114,174,23,106,238,64,224,121,200,21,111,204,81,231,116,195,160,49,134,80,191,127,128,224,121,207,71,241,16,152,170,111,213,32,185,27,152,173,11,191,104,251,78,33,180,7,154,109,133,29,98,181,38,159,114,197,88,118,183,59,228,119,202,93,124,204,85,168,48,207,242,103,199,93,167,13,145,209,123,193,53,182,21,217,177,63,250,107,136,25,145,247,77,219,47,174,88,42,156,9,156,111,194,61,38,204,71,165,51,130,14,126,142,99,180,54,138,22,126,192,75,235,99,209,201,118,201,79,191,16,162,232,126,149,6,167,7,139,234,78,195,41,242,22,10,179,6,153,108,255,82,37,184,127,215,37,136,18,42,160,16,225,5,140,16,106,193,65,232,22,143,226,102,200,24,225,106,211,166,57,140,31,242,69,216,221,127,221,49,178,25,221,173,3,198,59,179,9,107,249,77,237,47,141,1,98,233,1,202,115,198,89,44,191,18,229,120,189,31,125,209,82,234,96,208,208,56,249,78,160,4,156,228,126,142,63,233,71,216,175,0,210,40,189,76,172,188,117,202,36,184,24,104,242,10,210,34,195,6,123,243,73,171,57,141,45,111,205,65,162,41,182,177,78,138,51,236,127,210,165,56,139,30,241,41,130,230,105,217,99,235,73,154,238,78,198,45,247,100,33,180,7,154,109,192,83,38,218,77,211,62,135,25,104,245,17,249,119,140,8,126,192,66,160,51,129,170,99,201,87,187,4,221,141,58,141,96,243,70,217,172,63,146,101,248,75,151,247,4,255,100,143,21,101,228,76,207,39,139,27,111,187,65,179,116,145,27,97,213,86,230,100,209,95,48,141,86,164,48,148,173,53,138,73,184,6,152,131,60,143,98,245,72,219,174,1,148,103,250,77,32,179,6,153,62,186,6,112,234,69,180,113,196,87,42,189,16,227,118,201,92,47,130,80,166,63,228,161,52,135,26,237,64,211,166,57,140,31,242,12,158,171,86,159,20,187,11,132,249,77,209,105,179,29,34,221,6,233,43,130,27,117,254,68,174,52,198,13,100,250,92,207,120,203,94,49,132,23,234,125,208,163,54,137,28,239,66,213,192,53,224,46,160,14,156,244,8,145,21,173,3,143,178,81,208,46,254,16,103,227,67,203,53,195,27,104,255,93,173,117,138,30,104,206,70,162,122,142,232,114,200,94,165,49,149,165,104,217,81,183,13,155,239,110,146,106,220,73,220,175,2,149,104,251,78,33,180,7,154,109,192,83,38,235,73,203,39,151,22,1,190,17,228,119,202,93,48,131,22,233,124,207,231,123,204,49,238,65,212,167,58,141,96,243,70,217,172,63,222,42,187,10,146,177,74,214,39,184,80,62,182,97,146,28,131,19,109,213,79,172,49,207,12,108,204,70,163,112,230,95,50,133,24,235,126,209,164,55,138,29,240,15,153,234,125,195,98,165,26,148,232,72,216,34,250,80,32,219,8,235,41,190,22,45,208,5,248,56,136,18,34,243,81,174,51,192,85,5,130,21,232,123,206,161,52,135,26,237,64,211,239,127,140,81,189,17,216,195,48,231,37,187,3,153,192,81,217,47,181,3,103,189,88,201,33,135,29,107,255,4,224,39,142,28,98,149,18,229,120,203,94,49,132,23,234,125,208,163,54,137,28,239,42,219,219,126,218,18,160,6,142,248,83,155,100,148,13,156,224,74,154,103,254,83,72,248,75,217,112,133,23,96,240,74,166,111,200,18,96,215,85,171,51,137,160,126,199,90,190,48,208,172,18,139,30,241,68,215,170,61,144,99,246,73,220,175,2,149,104,169,11,117,225,85,212,71,192,83,38,185,12,159,114,197,88,43,190,17,161,57,142,119,48,131,22,233,124,207,162,53,136,27,238,65,167,169,74,223,47,181,15,149,233,63,143,101,182,10,147,244,46,151,106,253,80,35,182,9,156,111,194,85,40,211,0,141,59,134,30,104,196,99,180,54,138,22,126,192,24,246,126,129,246,120,204,84,188,6,252,169,60,143,98,245,72,219,174,1,148,103,250,37,46,223,67,216,62,177,34,119,247,77,215,61,129,52,101,238,68,176,126,153,14,96,196,92,164,62,199,139,52,135,26,237,64,211,166,57,140,31,242,69,176,165,95,196,48,184,58,145,241,90,211,45,252,82,34,251,65,215,68,193,84,39,186,13,224,115,198,89,44,191,18,141,118,184,31,103,193,100,175,41,132,234,120,206,79,231,75,255,168,59,142,97,244,71,218,173,0,147,102,249,36,209,193,64,204,24,170,16,112,226,89,149,114,174,23,106,238,64,224,121,200,89,66,206,85,163,63,137,160,49,134,23,226,127,156,228,117,206,30,255,74,215,168,61,204,99,244,73,210,161,2,150,56,169,1,103,253,75,223,99,161,16,114,240,67,209,33,197,86,37,190,19,228,54,137,9,121,204,88,186,126,198,136,53,136,27,238,65,212,167,58,200,46,183,74,243,172,63,146,101,165,66,244,177,4,151,106,144,17,96,228,70,207,27,131,23,50,217,91,181,32,136,20,37,219,57,230,121,204,95,50,133,24,235,10,152,240,123,207,29,237,67,212,205,121,195,39,161,13,219,221,68,216,34,185,25,101,247,6,244,45,188,0,106,186,7,180,113,196,87,42,189,16,227,118,160,31,96,204,21,245,123,204,245,102,198,73,165,77,193,164,53,166,31,242,69,216,171,62,145,100,148,11,145,252,65,215,42,183,79,63,181,78,206,32,130,0,110,245,67,232,122,236,89,44,191,18,229,120,203,94,49,132,23,234,49,159,224,119,197,28,161,3,152,237,59,147,97,156,73,169,236,70,214,8,184,1,154,186,118,150,27,172,30,98,254,70,216,121,233,86,41,188,15,226,117,200,91,46,129,20,231,51,139,160,125,199,84,169,127,207,184,56,137,28,241,16,159,239,115,186,99,246,73,220,175,2,149,104,251,78,33,180,7,154,109,192,59,40,215,67,203,59,131,1,35,188,98,161,59,143,30,100,131,87,233,49,142,225,103,199,27,168,8,134,244,110,143,105,217,70,217,172,63,146,101,248,75,222,177,4,151,106,253,80,35,228,76,200,58,144,27,2,187,14,225,116,199,90,45,128,19,230,121,204,26,124,193,50,235,126,209,164,55,138,29,240,67,214,169,60,198,36,245,32,213,222,77,213,62,179,3,103,179,73,203,108,151,92,87,253,72,209,35,128,30,100,250,16,172,36,201,47,33,227,64,188,52,190,237,117,222,88,172,3,152,166,109,196,90,188,111,216,171,62,145,100,247,74,221,176,3,150,105,252,79,34,181,96,149,0,142,0,110,252,84,232,113,181,13,99,239,18,183,61,136,17,99,192,94,164,58,208,226,120,205,28,142,23,129,231,59,254,45,181,30,152,236,67,216,102,187,9,153,253,87,221,107,186,20,104,242,94,212,62,132,86,104,188,66,163,54,154,20,44,136,62,231,122,205,160,51,134,25,236,127,210,165,56,139,30,241,68,133,239,105,197,49,184,99,220,175,2,149,104,251,78,33,180,7,154,109,133,29,98,147,12,159,114,197,88,43,190,17,228,119,202,93,124,204,85,168,48,207,236,122,223,27,243,65,155,244,52,206,44,188,5,146,164,54,184,101,248,75,222,177,4,151,106,253,80,35,182,64,218,111,170,91,76,254,66,164,32,130,42,127,207,85,175,53,137,95,108,152,24,165,63,156,225,55,197,79,240,13,153,254,60,145,98,253,32,213,202,68,216,34,174,8,85,253,82,208,32,255,29,119,184,27,151,113,144,31,111,243,58,227,118,201,92,47,130,21,232,123,206,161,52,135,26,237,64,187,168,93,201,83,183,17,157,219,108,222,34,190,6,152,176,30,150,39,189,2,103,159,8,155,110,193,84,39,186,13,224,115,198,89,44,191,18,229,16,197,58,116,200,82,190,56,165,237,98,192,80,239,95,213,230,116,217,97,255,71,207,135,0,147,102,249,76,223,178,5,152,107,254,81,36,183,10,157,24,205,56,102,232,70,164,44,192,89,77,205,93,164,49,205,196,118,202,92,184,58,210,214,125,199,91,178,16,146,238,61,253,34,181,27,147,175,67,210,41,178,0,33,227,78,206,37,137,29,38,172,12,204,55,134,23,101,250,66,228,35,133,93,116,198,90,172,40,138,162,55,136,21,224,65,154,230,119,200,105,217,70,217,172,63,146,101,248,75,222,177,4,151,106,253,80,35,228,76,200,58,144,27,2,187,14,225,116,199,90,45,128,19,230,121,204,26,124,193,50,235,126,209,164,55,138,29,240,67,214,169,60,231,108,145,13,151,235,85,209,23,168,2,102,250,74,220,108,226,82,107,241,71,180,113,196,87,42,189,16,227,118,201,92,47,130,125,230,31,139,237,113,211,95,152,14,135,239,117,140,2,242,11,145,231,20,145,100,247,74,221,176,3,150,105,252,79,34,252,78,155,32,142,0,39,210,3,134,0,198,22,126,191,70,188,40,142,86,117,193,91,172,52,156,230,63,137,66,242,66,215,238,110,192,34,160,14,149,227,2,147,50,177,9,145,152,5,152,107,254,81,36,183,10,157,112,195,86,41,188,15,226,29,198,53,97,213,93,161,35,197,162,86,222,92,175,42,134,234,106,139,88,184,8,146,249,100,195,55,179,4,220,235,71,217,45,175,7,110,250,7,207,35,129,5,103,240,64,222,48,137,29,41,183,59,228,119,202,93,48,131,22,233,124,207,162,53,136,27,238,65,134,226,110,216,50,189,108,217,172,63,146,101,248,75,222,177,4,151,106,184,30,103,156,9,156,111,194,85,40,187,14,225,116,199,90,97,207,80,167,53,204,16,121,137,24,185,59,144,247,120,196,29,237,67,134,234,125,195,46,253,14,142,224,66,192,46,181,3,40,186,44,153,108,255,82,37,184,11,158,113,196,87,42,189,16,227,118,133,19,108,195,89,232,43,143,245,124,135,7,237,40,221,192,112,192,90,250,11,153,230,123,152,78,247,74,221,176,3,150,105,252,79,34,181,8,155,110,193,84,110,252,13,169,32,128,16,96,250,26,181,57,159,22,56,132,67,162,56,158,137,54,137,28,239,66,213,168,59,142,97,244,71,218,173,0,147,102,249,76,223,229,87,209,63,187,23,109,251,79,149,32,130,2,97,188,1,236,117,202,85,108,192,95,229,118,205,242,118,199,93,170,54,158,224,48,219,95,165,12,222,163,23,144,99,246,73,220,175,2,149,104,251,78,33,180,7,154,109,192,83,38,185,72,218,62,131,17,103,251,25,180,54,158,21,57,169,22,233,124,207,162,53,136,27,238,65,212,167,58,141,96,243,3,151,232,21,146,101,248,75,222,177,4,151,106,253,80,35,243,71,216,102,232,85,40,187,14,225,116,199,90,45,128,19,230,48,138,95,124,202,76,235,49,154,164,99,194,88,190,105,214,169,60,143,98,245,72,219,174,1,148,103,250,77,32,179,110,151,2,176,6,108,254,82,150,115,160,18,102,248,68,166,118,143,29,102,206,80,172,97,206,163,52,137,20,237,20,156,245,109,222,86,188,2,208,249,123,208,55,184,4,212,185,41,150,105,252,79,34,181,8,155,110,193,84,39,186,13,224,115,148,28,120,234,64,171,82,203,94,49,132,23,234,125,208,163,54,137,28,170,12,145,130,59,142,97,244,71,218,173,0,147,102,249,76,172,188,117,202,36,184,24,104,242,10,128,112,193,84,3,188,15,226,117,200,91,46,129,20,231,122,205,200,61,234,86,173,59,151,225,72,217,81,183,13,155,239,61,141,99,184,0,144,133,2,149,104,251,78,33,180,7,154,109,192,83,96,246,94,159,13,201,88,101,251,73,176,25,139,16,117,131,95,167,124,134,242,116,193,73,189,73,188,169,74,223,47,181,15,149,233,108,154,108,241,75,154,254,46,151,106,253,80,35,182,9,156,111,194,85,40,187,14,225,116,142,28,45,206,86,190,45,162,30,127,192,24,181,99,209,166,63,196,82,190,6,223,171,60,219,42,176,6,241,174,1,148,103,250,77,32,179,6,153,108,255,82,37,184,11,158,113,196,87,102,242,83,162,58,201,12,125,205,83,161,55,139,161,41,135,114,227,50,150,231,125,132,119,252,35,145,231,123,153,42,178,18,137,222,66,219,44,245,70,8,181,8,155,110,193,84,39,186,13,224,115,198,89,44,191,18,229,120,203,94,120,194,23,130,115,166,226,122,192,88,159,16,154,238,114,194,36,252,23,136,226,70,218,42,188,69,223,230,77,221,37,212,81,36,183,10,157,112,195,86,41,188,15,226,117,200,91,46,129,20,231,122,205,160,51,134,106,226,15,128,234,126,194,82,180,68,202,170,115,213,59,162,39,157,226,71,191,104,251,78,33,180,7,154,109,192,83,38,185,12,159,114,197,88,43,190,17,228,119,202,93,88,141,122,166,61,139,231,113,248,73,161,7,157,235,127,141,125,243,22,139,227,121,219,41,189,97,222,177,4,151,106,253,80,35,182,9,156,111,194,85,40,187,14,225,116,199,90,45,128,19,142,119,160,26,115,215,86,155,44,158,226,126,198,88,147,12,133,253,111,135,50,167,7,157,231,77,209,110,208,77,32,179,6,153,108,255,82,37,184,11,158,113,196,87,42,189,16,227,118,201,92,47,130,87,186,62,143,234,30,135,26,237,64,211,166,57,140,31,242,69,216,171,62,145,100,247,74,221,176,70,216,45,214,79,34,181,8,155,110,193,84,39,186,13,224,115,198,89,44,250,92,161,82,203,94,49,132,23,234,125,208,163,54,137,28,170,12,145,130,59,142,97,244,71,218,173,0,147,102,249,76,183,188,119,221,45,172,20,119,255,122,207,63,133,31,101,249,92,234,124,226,91,46,129,20,231,122,205,160,51,134,25,236,23,220,214,121,221,91,130,1,131,254,116,222,36,165,65,213,133,2,149,104,251,78,33,180,7,154,109,192,83,78,183,127,218,38,182,12,106,234,68,183,127,200,48,113,192,68,166,126,195,162,123,201,86,171,65,218,169,58,143,96,183,3,149,233,107,215,33,250,66,244,177,4,151,106,253,80,35,182,76,210,43,206,127,40,187,14,225,41,206,112,45,128,19,230,20,141,28,96,202,75,159,63,147,190,83,216,82,160,7,153,254,114,135,57,223,72,219,174,1,148,103,250,77,84,250,82,213,41,255,79,37,186,123,210,48,157,21,107,254,91,227,27,134,24,106,128,25,194,123,206,161,52,135,26,237,64,165,231,117,217,90,161,69,197,171,101,145,102,159,19,159,226,74,210,107,240,79,32,193,65,214,43,195,88,39,184,96,175,61,131,0,46,191,79,233,82,203,94,49,132,23,234,125,208,213,119,197,73,170,66,200,168,72,128,17,184,6,131,239,65,208,45,148,3,155,247,9,178,107,254,81,36,183,10,157,112,174,3,101,232,70,226,104,200,29,111,205,71,162,118,231,160,51,134,25,236,127,210,165,91,202,82,189,6,150,233,118,144,126,246,15,137,225,65,193,33,180,0,41,226,70,214,56,133,90,12,185,12,159,114,197,88,43,190,17,228,119,202,46,62,243,90,168,37,141,227,118,195,118,161,5,145,167,39,141,52,188,21,141,254,118,220,34,240,29,159,253,81,210,99,215,80,35,182,9,156,111,194,85,40,187,14,225,28,201,41,108,214,86,149,60,152,11,123,203,95,184,118,216,142,55,138,29,240,67,214,169,60,202,44,177,68,241,174,1,148,103,167,68,10,179,6,153,108,151,92,82,241,79,217,52,144,4,36,207,85,160,57,155,24,47,159,21,133,58,141,243,123,212,110,172,2,201,210,118,203,88,190,0,208,240,20,145,100,247,74,221,176,3,150,29,181,27,110,240,8,134,110,195,38,98,249,66,178,55,196,85,6,191,18,229,120,203,94,49,132,97,171,49,133,230,54,148,28,169,3,153,251,126,130,75,244,71,218,173,0,147,102,249,47,158,254,73,218,42,189,26,36,170,10,219,37,141,21,125,245,64,172,125,158,26,98,212,81,238,80,205,160,51,134,25,236,127,210,165,56,139,30,184,2,215,194,51,243,43,183,7,155,230,76,210,28,180,9,102,248,66,154,57,136,22,104,147,12,159,114,197,88,43,190,17,228,119,202,93,48,131,22,233,46,138,246,96,218,85,196,65,212,167,58,141,96,243,70,217,172,63,146,32,182,15,244,177,4,151,106,253,80,35,182,9,156,111,194,28,110,187,88,160,56,146,31,45,212,91,163,55,230,95,50,133,24,235,126,209,164,55,138,29,240,67,214,169,60,198,36,245,32,213,222,77,213,62,179,3,103,179,82,209,41,177,120,37,184,11,158,113,196,87,42,189,16,227,118,201,92,47,130,21,232,123,206,201,58,244,78,162,16,163,234,120,213,93,179,6,147,163,60,226,48,184,26,141,245,71,150,61,179,79,96,240,79,210,32,193,6,98,249,66,178,55,143,23,107,189,27,207,120,203,94,49,132,23,234,125,208,163,54,137,28,239,66,213,237,117,202,75,244,71,218,173,0,147,102,249,76,223,178,5,152,107,254,81,76,185,121,201,49,145,2,91,249,76,173,39,140,83,39,171,20,231,122,205,160,51,134,25,236,127,210,165,56,139,30,241,44,217,217,120,196,23,185,14,155,227,71,157,106,137,11,98,251,85,222,111,204,83,78,183,126,218,49,138,10,111,247,95,163,119,148,64,48,205,95,165,117,229,162,53,136,27,238,65,212,167,58,141,96,243,3,149,255,122,184,101,248,75,222,177,4,151,106,253,80,35,182,9,156,111,194,61,38,200,90,174,36,181,31,110,207,65,162,113,197,117,50,133,24,235,126,209,164,55,138,29,240,67,147,231,120,165,98,245,72,219,174,1,148,103,250,77,32,179,110,151,31,190,4,96,203,78,202,37,141,25,109,238,24,234,92,201,92,47,130,21,232,123,206,228,122,195,22,199,64,211,166,57,209,22,216,69,216,171,62,249,106,128,3,153,247,70,194,58,242,63,110,244,81,217,47,130,31,39,167,13,141,50,133,11,99,236,102,164,58,209,42,126,195,80,166,56,216,248,28,137,28,239,66,213,168,59,142,21,189,19,150,232,0,142,102,251,45,138,230,74,152,27,178,16,125,245,75,222,59,195,51,127,249,93,187,117,165,26,122,194,92,229,118,231,160,51,134,25,236,127,210,165,78,202,82,164,1,215,183,61,227,109,151,28,136,224,114,217,41,162,12,96,247,76,150,71,192,83,38,185,12,159,114,197,59,106,242,93,166,54,137,22,48,158,22,175,41,129,225,97,193,84,160,73,130,230,118,216,37,250,108,217,172,63,146,101,248,75,222,177,4,151,106,180,22,35,222,7,255,39,131,27,111,242,64,166,0,136,29,106,204,86,230,45,132,26,124,175,24,235,126,209,164,55,138,29,240,67,214,169,60,143,98,245,26,158,250,84,198,41,208,77,32,179,6,153,108,255,82,37,184,11,158,52,138,19,0,189,16,227,118,201,92,47,130,21,232,123,206,210,58,230,79,185,15,163,234,120,213,93,179,6,147,171,35,145,50,182,6,136,245,3,139,116,252,27,112,224,77,177,110,193,84,39,186,13,224,115,198,89,44,191,91,163,120,184,80,80,209,67,165,13,156,226,111,203,93,172,9,213,252,115,203,47,222,71,218,173,0,147,102,249,76,223,178,5,152,107,254,81,36,254,76,157,24,205,36,108,255,64,176,49,129,21,105,129,85,169,62,205,238,124,210,25,132,113,161,241,119,219,108,180,7,152,248,121,152,106,246,29,148,234,76,191,104,251,78,33,180,7,154,109,192,83,38,185,12,159,114,197,88,43,190,17,151,121,171,8,100,204,102,165,61,150,224,116,203,80,238,92,212,225,123,193,51,182,108,217,172,63,146,101,248,75,222,177,4,151,106,253,80,35,182,9,156,111,194,61,38,200,75,181,0,136,29,106,204,86,238,123,188,19,115,220,90,170,61,154,166,59,138,91,177,15,133,236,53,165,98,245,72,219,174,1,148,103,250,77,32,179,6,153,108,255,82,37,184,11,246,127,183,22,124,248,99,166,34,157,21,97,197,70,224,114,228,161,52,135,26,237,64,211,166,57,140,31,242,69,216,171,62,145,100,247,74,143,245,87,195,59,178,101,34,181,8,155,110,193,84,39,186,13,224,115,198,89,44,191,87,171,60,225,94,49,132,23,234,125,208,163,54,137,28,239,66,213,168,59,230,111,149,18,142,226,112,223,39,160,9,155,178,24,152,37,183,29,14,183,10,157,112,195,86,41,188,15,226,117,200,91,46,129,20,143,116,163,229,107,210,23,141,42,134,234,72,199,95,168,6,150,233,118,144,126,246,89,246,175,2,149,104,251,78,33,180,7,154,109,192,83,38,185,12,211,61,134,25,103,190,66,176,54,152,9,117,199,26,233,46,138,227,102,199,85,238,92,212,207,52,254,52,178,20,141,220,115,211,60,186,10,157,250,12,158,64,253,80,35,182,9,156,111,194,85,40,187,14,225,116,199,90,69,142,114,179,45,131,47,126,196,65,174,58,209,185,55,217,73,177,17,130,236,120,143,45,167,72,137,235,64,199,40,180,77,126,174,6,155,59,190,27,113,186,11,209,35,196,25,99,241,58,227,118,201,92,47,130,21,232,123,206,161,52,135,26,237,64,154,224,57,194,80,166,69,139,255,127,195,48,178,14,221,241,77,210,105,174,10,99,230,71,213,110,220,73,39,184,90,161,58,146,91,44,235,90,160,54,225,94,49,132,23,234,125,208,163,54,137,28,239,66,213,168,59,142,97,244,71,178,163,115,214,50,138,24,158,230,80,203,99,252,60,101,244,88,210,114,207,86,43,204,67,163,44,138,26,109,202,20,166,40,128,229,119,156,25,187,62,155,241,113,197,89,241,2,152,248,61,221,34,162,10,148,173,11,191,104,251,78,33,180,7,154,109,192,83,38,185,12,159,114,197,29,101,250,59,228,119,202,93,48,131,22,233,124,207,162,53,205,87,189,4,157,225,58,229,110,131,10,152,245,118,220,34,248,31,150,244,74,189,106,253,80,35,182,9,156,111,194,85,40,187,14,225,116,199,50,35,243,71,169,41,188,19,115,220,90,170,61,154,172,53,249,73,191,19,134,236,120,143,32,172,72,142,253,68,198,101,243,103,32,179,6,153,108,255,82,37,184,11,158,113,129,25,110,151,16,227,118,201,92,47,130,21,232,123,206,161,92,137,105,172,22,150,213,124,216,75,187,11,159,248,54,152,78,247,74,221,176,3,150,105,252,10,108,241,4,177,110,193,84,39,231,4,202,89,198,89,44,191,115,176,44,132,46,125,197,78,158,60,146,185,69,204,95,187,11,154,230,51,213,97,128,14,142,225,69,147,123,249,78,190,231,81,215,107,142,29,101,238,8,157,45,202,124,41,188,15,226,29,198,44,103,197,83,162,46,158,174,82,211,77,163,127,207,165,89,222,74,190,52,155,235,100,228,34,180,83,172,238,80,212,47,169,15,113,252,15,193,109,180,26,114,245,73,159,111,197,90,74,235,69,171,119,186,17,113,218,22,154,40,142,246,112,138,23,238,37,145,244,121,141,125,243,68,189,229,108,211,39,180,14,154,179,4,202,99,215,80,35,182,9,253,58,150,26,88,247,79,184,0,134,24,55,244,92,161,62,128,26,58,222,50,235,126,209,164,55,138,29,240,55,159,253,112,202,98,232,72,217,207,84,192,40,250,61,108,242,69,220,110,243,120,37,184,11,158,113,196,87,42,203,81,175,35,140,92,50,130,102,230,26,155,245,123,247,86,172,3,150,170,19,140,31,242,69,216,171,62,145,7,182,6,145,242,66,213,34,252,82,34,243,93,213,45,149,29,104,244,5,182,50,138,12,105,182,56,229,120,203,94,49,132,23,234,125,208,163,54,250,18,142,23,129,231,75,194,32,183,2,218,176,0,197,39,181,25,154,178,24,133,107,170,3,113,242,32,157,112,195,86,41,188,15,226,117,200,91,46,233,26,148,59,155,229,64,195,77,184,54,156,226,107,131,23,219,68,215,170,61,144,99,246,73,153,225,70,153,66,251,78,33,180,90,147,71,192,83,38,185,109,202,38,138,40,103,255,72,144,54,136,71,68,204,81,174,48,138,170,110,162,27,238,65,212,167,58,141,96,135,15,141,224,122,146,120,248,73,191,228,80,216,106,136,0,100,228,72,216,42,192,89,2,187,14,225,116,199,90,45,128,101,167,53,153,26,50,152,24,152,112,176,241,99,197,104,160,4,132,232,120,202,110,223,72,219,174,1,148,103,250,77,67,242,74,213,46,190,17,110,184,22,158,55,145,25,105,233,89,172,56,193,10,110,206,64,173,114,228,161,52,135,26,237,64,211,166,57,140,31,242,54,214,202,107,197,43,130,26,154,226,66,210,44,252,82,34,227,73,215,59,132,84,58,167,13,180,33,147,28,6,191,18,229,120,203,94,49,132,23,234,125,208,203,56,250,93,185,7,166,237,111,218,40,186,0,137,165,9,185,102,249,76,223,178,5,152,107,187,31,96,187,32,157,112,195,86,116,181,37,226,117,200,91,79,212,64,168,10,129,225,106,242,88,174,101,161,233,113,207,91,163,76,140,128,61,144,99,246,73,220,175,2,225,33,175,2,100,180,26,154,111,161,6,114,246,12,239,62,132,1,43,218,84,168,54,147,95,60,169,22,233,124,207,162,53,136,27,157,21,145,247,58,144,96,227,72,200,160,21,146,101,248,75,222,177,4,151,28,188,28,118,243,9,129,111,153,85,69,242,64,225,105,199,74,35,145,31,230,20,141,7,50,152,24,250,110,221,164,83,207,91,177,22,154,253,60,146,98,134,70,186,251,85,219,3,191,1,97,234,6,196,96,213,82,37,184,11,158,113,196,87,73,252,92,175,52,136,31,100,130,8,232,61,155,239,119,211,83,162,14,219,240,120,192,74,183,76,242,171,62,145,100,247,74,221,176,3,150,105,252,60,44,212,93,207,33,165,17,107,251,84,224,110,198,20,109,235,90,235,59,135,31,124,212,31,190,50,158,246,123,203,89,189,74,131,233,119,219,36,253,71,149,255,0,131,104,232,64,223,162,11,137,103,254,64,52,190,32,157,112,195,86,41,188,15,226,117,200,91,46,233,26,148,59,155,229,64,195,77,184,54,156,226,107,131,23,219,68,215,170,61,144,99,246,73,153,225,70,153,66,251,78,33,180,90,147,71,192,83,38,185,109,202,38,138,40,103,255,72,144,54,136,71,67,207,95,173,57,157,170,110,162,27,238,65,212,167,58,141,96,135,15,141,224,122,146,120,248,73,174,253,69,212,47,176,21,109,226,9,238,46,140,18,109,185,2,203,116,199,90,45,128,19,230,121,168,26,97,198,24,246,126,211,180,50,138,88,190,23,132,232,114,204,39,245,223,219,191,17,132,98,250,15,97,224,67,155,96,213,82,37,184,11,158,113,196,87,89,233,85,179,118,212,92,62,142,63,232,123,206,161,52,135,26,237,54,146,234,108,201,31,239,69,131,171,83,216,42,247,87,221,160,15,150,4,189,23,34,168,8,138,126,209,88,39,222,72,166,50,147,21,120,191,15,229,11,197,46,125,197,84,175,48,149,237,98,251,93,161,5,144,168,102,130,75,244,71,218,173,0,147,102,249,47,158,254,73,218,42,189,26,36,170,10,219,37,141,21,125,245,64,172,125,158,26,98,212,81,238,80,205,160,51,134,25,236,127,210,165,56,139,30,130,74,167,230,124,211,38,187,12,146,251,112,212,38,188,11,33,169,7,215,44,148,27,40,250,64,222,63,149,80,127,241,95,177,58,136,24,98,139,64,168,48,154,231,60,136,84,188,65,196,171,58,157,108,243,87,201,188,54,184,101,248,75,222,177,4,151,106,253,80,35,182,97,146,12,131,27,108,242,74,160,32,130,90,48,128,3,204,121,204,95,50,133,24,235,126,209,164,55,138,117,254,48,151,255,121,252,39,161,28,146,224,70,199,111,243,103,32,179,6,153,108,255,82,37,253,69,218,125,238,87,42,189,16,190,127,227,92,47,130,21,137,46,154,238,68,203,91,180,52,146,228,35,248,80,181,2,148,238,54,202,78,247,74,221,176,3,150,105,252,59,107,225,68,222,110,220,84,37,201,69,175,36,198,41,96,254,81,160,53,142,16,101,132,101,171,51,151,230,52,133,54,239,66,213,168,59,142,97,244,49,155,225,85,214,102,228,76,172,188,118,208,36,169,35,101,249,77,216,124,233,86,41,188,15,226,117,200,91,77,192,88,171,56,140,227,120,134,4,236,57,135,235,123,223,87,190,10,223,252,124,220,54,179,64,246,175,2,149,104,251,78,33,180,7,154,109,192,32,40,202,68,208,37,183,25,101,249,84,228,106,202,11,113,207,67,172,124,210,191,53,220,73,187,4,254,167,58,141,96,243,70,217,172,63,146,101,248,2,152,177,74,216,62,253,35,45,197,65,211,56,176,20,102,252,75,225,53,137,30,45,232,29,148,48,130,24,50,209,80,174,48,251,164,55,138,29,240,67,214,169,60,143,98,245,72,219,174,1,252,105,136,4,110,244,28,253,41,172,6,119,247,82,150,120,238,87,42,189,16,227,118,201,92,47,130,21,232,123,206,161,52,239,20,159,9,157,225,57,145,31,188,12,148,129,62,145,100,247,74,221,176,3,150,105,252,79,103,251,76,177,110,193,84,39,186,13,224,115,198,89,44,191,122,235,11,138,8,116,247,82,190,41,153,237,113,218,20,230,104,213,168,59,142,97,244,71,218,232,78,215,106,211,76,223,178,5,197,98,212,123,36,183,10,157,7,134,20,97,243,64,169,1,137,25,52,242,81,164,46,132,239,125,142,66,236,11,155,241,116,206,30,236,68,213,206,116,195,32,185,27,152,175,117,208,42,179,1,110,255,5,154,48,201,121,38,185,12,159,5,128,26,99,241,94,175,3,139,31,42,234,88,185,41,155,170,110,162,27,238,65,212,167,58,141,96,135,15,141,224,122,146,120,248,73,169,244,70,223,37,178,27,35,195,123,240,109,206,127,40,187,14,225,116,199,90,45,240,95,167,58,137,23,125,201,92,174,44,209,185,55,136,85,164,23,134,250,38,128,109,177,1,136,237,78,198,35,244,14,111,254,9,216,60,182,93,114,253,73,214,62,139,28,121,178,30,237,120,203,80,5,130,21,232,123,206,161,52,135,108,172,12,134,227,57,145,31,129,75,175,238,124,217,43,184,1,168,194,111,154,67,252,79,34,181,8,155,110,193,55,102,246,65,162,50,133,18,44,162,18,163,45,133,29,101,205,88,164,117,134,226,122,220,89,230,104,213,168,59,142,97,244,71,218,173,0,147,102,138,66,168,247,71,208,36,177,26,81,197,102,157,109,195,2,102,239,91,176,60,134,28,38,215,85,171,47,136,160,124,212,25,238,125,219,191,117,202,74,178,12,223,168,67,149,48,252,65,210,162,11,144,59,241,74,35,189,45,154,109,192,83,38,185,12,159,114,197,88,43,214,31,151,54,156,24,67,198,66,189,53,129,229,102,128,18,196,65,212,167,58,141,96,243,70,156,226,123,158,79,248,75,222,177,89,158,64,253,80,35,182,126,217,45,138,26,103,240,122,160,54,221,46,98,199,84,170,60,196,4,24,133,24,235,126,209,164,55,138,105,185,23,154,236,60,146,98,247,45,149,239,67,216,34,250,58,101,241,78,214,35,180,80,41,146,11,158,113,196,87,42,189,16,149,55,133,9,106,130,8,232,8,192,214,113,197,82,162,15,152,195,119,205,93,190,0,156,167,20,145,100,247,74,221,176,3,150,10,189,3,110,247,73,216,37,193,73,39,252,88,174,48,146,16,99,241,26,179,57,135,11,116,141,61,234,125,208,163,54,137,28,239,66,213,168,59,253,111,131,2,152,229,79,220,45,156,2,158,240,73,221,47,254,76,36,225,75,209,37,134,86,52,161,15,182,39,157,30,4,129,20,231,122,205,160,51,134,25,236,127,210,205,54,248,95,167,1,164,239,105,196,42,184,14,143,167,11,191,104,251,78,33,180,7,154,109,133,29,98,181,38,159,114,197,88,118,183,59,228,119,202,93,71,198,84,161,51,128,233,65,201,89,244,53,155,224,125,193,37,251,29,243,172,63,146,101,248,75,222,177,112,222,62,177,21,35,171,9,158,1,141,1,97,253,87,225,27,137,90,64,193,71,165,49,204,58,124,193,26,231,84,209,164,55,138,29,240,67,214,223,125,195,55,176,72,198,174,114,154,16,191,15,104,252,73,210,1,190,6,102,240,110,208,53,200,125,42,189,16,227,118,201,92,47,225,84,164,55,140,224,119,204,26,240,64,149,243,119,207,75,187,10,150,163,104,208,40,162,15,212,154,3,150,105,252,79,34,181,8,155,110,193,84,84,180,122,165,49,142,22,99,244,127,164,44,136,22,84,202,83,234,96,208,245,119,197,73,170,66,200,181,59,218,51,161,2,240,173,0,147,102,249,76,223,178,5,152,107,254,57,42,196,75,203,53,176,19,125,232,70,172,50,155,83,39,171,20,231,122,205,160,51,134,25,169,49,150,169,18,139,30,241,68,138,163,23,144,99,246,73,171,234,64,221,39,180,5,85,245,69,128,15,149,7,114,246,66,151,41,239,88,43,190,17,228,119,202,93,68,202,66,165,57,207,191,53,138,104,171,15,144,167,78,200,51,167,70,174,233,125,218,42,183,0,220,189,46,151,106,253,80,35,182,9,156,6,129,26,102,187,19,225,118,148,31,99,196,17,234,83,204,95,50,133,24,235,126,209,199,118,198,81,178,2,149,226,60,146,98,179,29,149,237,85,221,40,180,69,41,153,6,153,108,255,82,37,184,11,158,113,196,87,126,252,67,168,120,154,12,110,213,91,224,61,155,239,119,211,83,162,14,219,175,19,140,31,242,69,216,171,62,145,100,247,74,221,176,3,150,105,176,0,97,244,68,155,33,138,88,39,232,72,161,32,137,23,44,162,56,229,120,203,94,49,132,23,234,125,208,163,54,137,28,239,66,213,168,59,142,9,250,52,159,227,68,228,35,187,4,144,253,78,144,105,137,20,102,255,69,210,59,195,34,108,239,91,224,121,200,89,77,192,89,162,40,140,160,71,226,25,132,42,144,165,111,206,92,185,11,152,225,61,217,48,246,30,147,253,73,220,38,188,64,35,184,7,143,122,214,64,49,168,21,147,114,158,114,43,190,17,228,119,202,93,48,131,22,233,124,207,162,53,136,27,238,65,212,167,58,141,96,168,108,217,172,63,146,101,248,75,222,177,4,151,106,253,80,35,182,9,156,111,194,85,40,187,14,225,116,199,90,99,193,94,163,121,209,95,48,230,87,162,48,130,166,59,160,29,240,67,214,169,60,143,98,245,72,219,174,1,148,103,250,77,32,179,6,153,108,255,82,37,184,11,158,39,133,27,127,248,16,254,118,157,19,124,214,71,161,53,137,169,92,137,123,174,3,156,243,119,216,124,189,12,150,248,54,152,100,184,24,221,178,118,216,40,170,14,107,249,73,217,34,132,86,46,182,39,224,115,198,89,44,191,18,229,120,203,94,49,132,23,234,125,208,163,54,137,28,239,66,213,168,59,142,97,189,9,150,228,78,214,102,228,76,153,243,73,203,46,242,123,36,183,10,157,112,195,86,41,188,15,226,117,200,91,46,129,20,231,122,205,160,51,134,25,177,115,248,165,56,139,30,241,68,215,170,61,144,99,246,73,220,175,2,149,104,251,78,124,189,45,154,109,192,83,38,185,12,159,114,197,88,43,190,17,228,119,162,83,71,198,84,161,51,128,233,70,220,90,186,20,135,175,117,198,108,243,20,156,237,108,221,43,241,97,222,177,4,151,106,253,80,35,182,9,156,111,194,85,40,187,102,239,26,136,14,100,198,74,238,54,135,95,115,203,92,235,124,165,225,100,222,29,189,6,133,250,125,200,39,245,27,158,224,85,150,103,181,31,32,187,4,238,41,189,26,106,247,64,158,55,133,30,102,248,84,249,118,203,92,33,140,21,188,52,157,245,102,206,84,170,72,129,227,120,223,80,188,76,209,162,20,145,100,247,74,221,176,3,150,105,252,79,34,240,70,223,103,235,84,39,186,13,224,115,198,89,105,241,86,233,82,203,94,49,132,74,227,87,250,163,54,137,28,130,11,134,235,79,207,35,238,52,159,238,84,218,41,183,68,132,178,113,209,63,178,20,36,170,10,159,0,134,4,111,243,93,175,52,134,24,107,131,20,186,115,231,160,51,134,25,132,113,165,236,124,204,91,165,23,217,218,120,194,37,185,27,145,238,76,214,45,251,83,11,180,7,154,109,192,83,38,185,97,214,33,134,44,106,252,11,148,54,152,28,119,209,87,185,52,199,249,53,252,82,186,13,145,167,39,141,98,131,3,139,234,112,192,40,185,5,157,244,4,212,37,179,4,113,249,69,207,109,206,85,76,254,93,162,116,218,90,47,246,90,181,44,141,19,50,192,94,173,59,146,240,100,138,88,190,2,148,229,121,203,96,245,21,210,132,1,148,103,250,32,105,224,69,237,45,189,72,81,247,76,217,61,129,95,113,151,16,227,118,201,92,47,130,21,156,50,154,237,113,135,7,237,66,181,214,74,140,125,189,10,139,255,60,157,78,247,74,221,176,3,150,105,252,43,103,230,75,155,115,193,86,85,255,73,181,48,131,89,122,246,65,176,57,135,94,116,194,81,175,62,132,240,52,133,54,239,66,213,168,59,142,97,244,49,155,225,85,214,102,228,76,172,188,99,232,24,156,30,107,228,94,145,90,195,86,41,188,15,226,117,200,56,111,205,88,165,59,142,235,51,155,25,170,42,156,230,108,194,81,191,76,129,235,113,197,38,255,99,220,175,2,149,104,251,78,33,180,7,154,109,179,93,64,201,127,253,61,138,11,127,190,12,228,33,139,17,101,198,22,244,97,207,246,103,221,94,196,65,212,167,58,141,96,243,70,217,172,63,146,13,246,45,174,194,12,228,100,155,32,80,212,70,211,60,150,92,2,187,14,225,116,199,90,45,128,19,230,121,204,55,60,246,89,189,59,162,225,99,222,84,190,4,133,161,53,165,98,245,72,219,174,1,148,103,191,3,100,191,44,153,108,255,82,120,177,33,158,113,196,87,71,244,67,160,2,136,30,53,241,80,171,47,135,238,122,143,65,237,52,154,242,117,201,31,239,69,218,202,112,197,45,250,43,187,219,1,150,52,245,101,34,181,8,155,3,136,7,100,206,76,162,105,178,22,107,248,94,160,112,144,116,49,132,23,234,125,208,163,54,253,85,187,14,144,168,38,142,99,149,9,142,228,13,242,0,146,78,211,152,5,152,107,254,81,36,183,10,235,49,143,3,108,188,18,226,6,198,58,96,213,93,134,28,166,172,25,134,25,236,127,210,165,56,139,125,176,8,155,232,124,211,40,246,84,220,233,87,219,43,175,7,110,250,15,204,44,140,6,99,176,38,159,114,197,88,43,190,17,228,119,202,93,48,240,24,136,50,155,235,84,238,112,238,92,212,241,123,193,53,182,70,196,177,63,198,55,173,14,244,177,4,151,106,253,80,35,182,9,156,111,194,61,38,200,79,183,49,180,31,121,212,90,168,62,159,87,59,175,24,235,126,209,164,55,138,29,181,13,146,165,22,143,98,245,72,134,167,43,209,41,190,68,10,153,99,151,19,128,49,100,245,78,204,48,176,51,72,242,95,183,120,165,19,110,198,92,166,60,206,188,52,193,91,161,19,150,140,112,202,31,188,10,140,171,107,216,11,156,74,137,248,70,216,67,252,79,34,181,96,149,0,142,0,110,252,84,232,113,179,48,44,246,92,172,44,130,31,125,205,77,171,41,153,236,120,137,90,174,11,153,237,127,148,97,246,71,212,163,0,199,41,170,24,141,251,75,223,99,171,24,65,229,88,148,121,233,86,41,188,15,138,123,172,30,125,213,70,168,35,197,169,25,134,25,236,127,128,224,108,222,76,191,110,146,228,121,186,11,248,42,147,225,76,208,43,175,70,81,186,110,222,33,133,23,42,185,74,202,60,134,12,98,241,95,236,126,224,93,48,131,22,160,58,207,236,122,220,27,157,79,181,233,110,196,1,149,45,217,248,119,215,43,210,75,222,177,4,151,106,253,80,113,243,93,201,61,140,127,40,187,14,225,49,137,30,7,128,19,230,121,128,16,113,196,84,235,40,132,164,42,138,90,177,14,147,179,91,202,54,134,13,137,248,72,215,34,242,79,86,250,84,205,57,190,30,80,235,78,204,115,205,125,42,189,16,227,58,134,31,110,206,21,167,48,206,188,52,215,89,172,12,159,174,127,217,81,177,17,145,228,112,153,109,221,74,221,176,3,150,105,252,79,116,224,18,248,47,145,0,114,232,72,131,60,136,13,126,240,94,169,61,153,86,56,174,23,234,125,208,163,54,137,28,185,23,207,203,119,199,34,191,37,143,249,84,220,40,235,68,169,247,70,204,36,172,67,42,249,79,202,120,211,90,41,172,6,235,95,200,91,46,129,81,169,62,196,138,51,134,25,236,54,148,165,118,196,74,241,11,156,170,105,216,38,184,99,220,175,2,149,104,251,78,33,220,9,244,34,148,26,96,224,4,157,19,139,12,98,179,112,130,28,202,43,121,209,66,188,61,131,215,102,205,73,238,8,154,247,111,217,96,166,8,152,250,126,219,41,185,9,146,244,4,222,36,253,4,107,255,90,156,42,154,16,107,238,90,174,38,197,83,7,128,19,230,121,137,17,118,175,93,165,58,216,142,95,132,126,191,13,152,236,127,219,106,130,59,213,202,68,199,36,191,3,100,242,72,205,13,187,22,96,252,7,158,55,145,25,105,233,89,172,56,193,19,109,200,80,171,47,199,139,52,135,26,237,9,149,166,74,130,121,130,54,186,228,113,194,48,247,30,149,245,77,188,105,252,79,34,181,8,155,110,169,90,65,202,126,143,49,140,28,111,235,26,170,58,129,27,114,208,30,192,125,208,163,54,204,82,171,104,144,230,127,135,75,156,73,185,226,78,221,35,186,24,215,222,76,223,35,170,24,106,240,4,249,53,144,21,108,242,75,163,59,156,58,106,197,81,163,118,205,230,102,200,90,184,54,157,235,48,196,92,187,1,148,254,52,186,99,246,73,220,230,68,149,27,245,40,81,199,101,213,34,147,7,38,237,68,218,60,239,88,43,190,17,228,119,202,93,88,141,112,153,15,160,224,127,205,88,186,73,155,229,112,200,35,167,79,243,172,63,146,101,189,5,154,155,65,217,46,244,122,75,184,106,211,33,140,16,107,239,6,145,122,168,20,89,197,95,163,41,131,13,102,137,24,173,43,159,231,99,195,82,190,75,133,253,125,219,39,252,98,219,174,1,148,46,188,77,115,231,71,205,41,255,79,56,184,110,208,36,137,89,94,248,92,166,38,134,14,123,241,65,169,47,139,175,71,211,91,191,20,150,226,57,216,87,183,11,242,171,62,145,100,247,74,221,176,107,152,24,169,10,119,240,124,222,34,132,4,104,232,89,232,122,236,89,44,191,18,160,54,143,116,116,202,83,227,87,156,236,117,200,80,239,1,153,231,104,203,14,159,71,199,173,80,208,39,181,0,215,244,80,214,40,170,24,107,249,2,148,90,195,86,41,188,103,236,2,129,21,106,206,67,253,21,131,196,118,213,77,190,48,139,173,80,133,122,180,23,131,248,114,201,106,220,12,146,235,11,191,33,189,78,82,186,97,234,30,162,28,105,234,88,159,38,141,29,101,148,17,228,119,202,53,62,229,102,154,116,155,240,96,205,18,196,4,154,227,16,229,110,130,19,156,249,122,230,32,180,14,142,254,86,195,98,244,122,119,247,90,215,97,145,5,105,236,64,233,50,146,20,110,212,90,169,55,196,86,24,133,24,235,126,134,236,126,198,88,240,43,216,219,105,193,44,188,6,156,174,69,219,77,250,77,32,179,6,153,108,255,30,106,251,74,210,113,139,28,38,189,85,177,36,201,65,47,210,86,169,55,130,169,92,137,118,162,2,145,255,74,216,90,162,76,242,171,62,145,100,247,74,221,176,74,208,105,178,0,118,181,71,208,110,149,28,98,244,39,224,115,198,89,44,191,18,229,120,203,94,49,236,25,153,56,132,208,98,200,72,186,17,221,170,87,193,35,182,30,216,161,0,199,41,170,24,141,251,75,223,99,187,3,118,190,3,183,112,195,86,41,188,15,226,117,141,21,106,171,20,231,122,205,160,51,134,25,184,62,129,238,54,220,95,184,16,223,187,52,186,99,246,73,220,234,76,209,66,190,0,101,189,45,206,44,147,24,40,234,92,222,37,139,80,109,235,95,167,35,131,18,126,139,31,195,124,207,162,53,223,83,167,13,145,167,82,131,18,166,8,151,229,113,213,101,188,4,244,177,4,151,106,253,80,35,182,64,218,111,177,91,73,238,90,174,7,146,23,96,207,93,230,56,130,27,50,194,89,166,59,223,212,123,203,94,181,42,146,169,33,146,98,157,70,183,225,67,214,62,147,9,32,242,72,221,108,177,29,113,184,99,144,5,129,27,111,237,95,177,34,128,18,104,130,65,160,62,128,139,52,135,26,237,64,211,166,57,140,31,242,69,148,228,125,208,40,247,5,150,188,3,211,59,174,79,63,181,96,149,7,143,2,104,241,72,232,113,181,12,97,242,93,171,12,132,9,116,214,68,232,113,208,161,84,200,79,166,1,213,203,105,207,53,177,69,214,173,115,157,21,172,1,146,253,75,249,38,177,4,106,227,3,183,112,195,86,41,188,15,226,117,200,91,46,129,124,233,9,136,244,64,210,88,184,42,129,173,18,139,30,241,68,215,170,61,144,99,246,73,220,175,2,149,104,249,61,116,249,74,213,35,194,95,12,185,12,159,114,197,88,43,190,17,228,119,202,93,48,131,22,166,55,207,227,123,204,27,230,67,167,242,119,192,47,189,70,129,174,63,156,107,248,56,208,194,81,218,39,178,30,66,251,70,201,33,150,85,38,181,14,227,116,149,31,124,213,86,181,45,204,28,125,200,72,167,59,133,225,115,145,29,179,11,147,234,119,143,43,187,30,158,224,85,219,53,163,79,41,153,6,153,108,255,82,37,184,11,158,113,196,87,42,189,16,227,118,201,92,47,205,71,232,115,204,210,97,202,87,162,14,211,229,120,192,83,242,3,153,226,114,212,32,237,74,223,176,13,152,105,168,0,113,225,90,210,32,134,92,98,232,95,233,122,236,89,44,191,18,229,120,203,94,49,132,23,234,116,250,163,54,137,28,239,66,213,168,126,192,37,222,71,218,173,0,147,102,249,76,139,243,86,211,101,169,16,109,227,2,238,126,162,3,125,243,124,183,56,133,20,96,129,85,169,62,205,211,61,245,76,161,50,157,235,92,206,82,176,29,215,229,111,144,115,248,92,213,133,2,149,104,251,11,111,240,45,223,35,132,90,12,237,77,204,57,203,11,123,255,70,170,127,140,8,126,192,66,160,51,129,170,60,162,27,238,65,212,240,114,196,44,182,70,177,162,77,199,43,182,2,144,246,4,211,37,215,80,35,182,9,156,111,194,85,100,244,77,160,56,199,21,102,140,19,163,43,158,95,47,133,72,168,63,157,232,63,204,72,190,0,130,224,115,193,106,252,98,219,174,1,148,103,250,77,32,179,6,153,108,151,92,71,241,69,218,3,129,26,101,233,85,176,126,192,118,47,130,21,232,123,206,161,52,135,26,237,64,159,233,122,205,83,242,11,151,252,62,140,100,184,25,211,243,79,217,42,183,71,43,159,8,155,110,193,84,39,186,13,224,115,198,89,96,240,81,164,52,203,24,120,202,86,166,125,205,163,94,135,122,166,12,148,228,51,135,75,244,71,218,173,0,147,102,249,76,223,178,5,212,36,189,16,104,183,75,222,36,138,0,108,188,18,226,29,198,58,109,213,93,177,63,197,169,25,134,25,236,127,210,165,56,139,30,241,68,215,230,114,211,34,186,73,142,234,82,218,58,175,60,100,245,67,195,109,221,83,78,183,123,218,48,141,23,100,245,98,176,50,154,85,118,202,88,168,48,195,162,116,203,79,167,23,145,174,16,141,96,243,70,217,172,63,146,101,248,75,222,253,75,212,43,177,80,116,247,95,217,111,223,85,64,181,121,160,34,130,82,36,170,19,230,121,204,95,50,133,24,235,126,209,164,123,197,94,177,15,214,254,125,217,39,153,9,153,235,77,148,122,250,37,46,212,115,240,100,253,33,113,249,95,205,126,179,22,124,248,18,234,92,201,92,47,130,21,232,123,206,161,52,135,26,133,78,160,227,109,255,75,179,17,141,248,54,187,100,247,74,221,176,3,150,105,252,79,34,181,8,155,110,193,86,74,251,89,163,59,196,85,6,191,18,229,120,203,94,49,132,23,234,125,208,163,54,137,28,231,21,148,254,126,226,32,182,2,150,173,65,221,34,249,27,158,228,64,244,42,188,20,104,185,126,216,40,151,86,102,238,15,224,25,135,25,108,216,22,238,80,205,160,51,134,25,236,127,210,165,56,139,30,241,68,215,170,61,144,99,246,71,210,175,0,149,52,251,45,96,231,79,128,109,194,121,38,185,12,159,114,197,88,43,190,17,228,119,202,93,48,131,22,233,124,207,172,59,136,115,224,34,149,244,114,133,105,217,70,217,172,63,146,101,248,75,222,177,4,151,106,253,80,35,182,9,156,111,204,91,40,185,14,189,116,168,13,99,197,87,252,121,206,117,50,133,24,235,126,209,164,55,138,29,240,67,214,169,60,143,98,245,72,219,160,15,148,100,146,67,79,228,72,220,40,247,91,15,184,11,158,113,196,87,42,189,16,227,118,201,85,5,130,21,232,123,206,161,52,135,26,237,64,211,206,55,255,90,166,54,140,234,106,196,55,255,96,221,176,3,150,105,252,79,34,181,8,155,110,193,84,39,186,15,141,50,133,11,99,205,71,171,44,130,19,116,134,27,192,125,208,163,54,137,28,239,66,213,168,59,142,97,244,71,218,165,87,210,48,188,32,158,240,64,212,107,191,31,96,183,93,220,38,134,58,104,254,74,174,123,188,30,118,213,20,168,40,205,162,95,201,91,174,38,208,172,18,139,30,241,68,215,170,61,144,99,246,73,220,175,2,149,104,251,78,33,180,9,148,109,194,83,122,185,14,181,114,197,88,43,190,17,228,119,202,93,48,131,22,233,124,207,162,53,136,27,224,79,212,212,52,253,44,178,31,155,237,124,217,8,183,15,155,155,4,151,106,253,80,35,182,9,156,111,194,85,40,187,14,225,116,199,90,45,142,29,230,123,204,3,50,230,89,184,54,203,164,53,160,29,240,67,214,169,60,143,98,245,72,219,174,1,148,103,250,77,32,179,6,151,98,255,58,43,219,74,205,57,204,94,0,189,16,227,118,201,92,47,130,21,232,123,206,168,30,135,26,237,64,211,166,57,140,31,242,69,216,231,113,210,37,187,74,143,245,64,217,59,184,6,108,242,8,134,110,169,90,85,255,78,175,33,130,16,98,248,56,229,120,203,94,49,132,23,234,125,208,163,54,197,83,172,3,153,168,120,193,52,186,19,218,176,0,193,35,186,3,141,246,76,214,44,254,16,106,243,10,158,34,134,21,102,238,75,171,59,143,85,94,211,91,161,51,129,229,61,231,90,184,54,157,235,107,161,30,241,68,215,170,61,144,99,246,73,220,175,2,149,104,251,1,115,180,111,148,1,143,18,98,252,72,239,32,138,30,98,242,84,228,54,132,25,48,128,126,231,16,128,227,113,205,95,158,19,155,225,115,193,37,253,39,154,248,118,221,43,171,97,222,177,4,151,106,253,80,35,182,9,156,111,194,85,40,187,65,179,116,215,112,45,128,19,230,121,204,95,50,133,24,235,126,129,231,118,198,81,248,5,131,231,127,219,43,186,6,211,167,43,148,103,250,77,32,179,6,153,108,255,82,37,184,11,158,113,141,17,42,213,30,148,63,141,27,106,214,70,230,22,143,226,102,200,26,185,8,150,232,19,140,31,242,69,216,171,62,145,100,247,74,221,176,3,150,105,252,79,34,181,96,149,25,136,16,96,255,89,179,125,171,24,111,237,93,255,11,142,10,69,205,67,166,56,216,137,54,137,28,239,66,213,168,59,142,97,244,71,218,173,0,147,102,249,76,223,178,5,152,107,172,20,103,248,88,217,57,141,17,41,253,65,166,117,202,40,122,192,64,162,96,205,210,118,197,86,190,59,155,235,127,137,52,241,68,215,170,61,144,99,246,73,220,175,2,149,104,251,78,33,180,7,154,109,192,83,38,185,12,159,114,138,10,43,214,31,148,59,139,4,121,205,81,233,61,129,230,53,138,104,186,0,128,226,32,141,16,191,7,128,238,126,209,46,250,97,222,177,4,151,106,253,80,35,182,9,156,111,194,85,40,187,14,225,116,199,90,45,128,19,230,121,204,95,125,215,24,131,112,161,232,118,211,95,177,0,157,207,125,198,46,160,26,158,174,64,218,35,250,79,83,231,71,205,41,229,82,85,244,74,199,51,133,20,97,189,67,183,57,153,12,106,198,23,194,123,206,161,52,135,26,237,64,211,166,57,140,31,242,69,216,171,62,145,100,247,74,221,176,3,150,105,252,0,112,181,123,149,15,148,0,104,202,65,161,42,132,24,111,244,18,164,54,143,94,51,247,67,171,41,149,185,54,249,80,174,27,151,233,120,197,97,181,21,151,232,68,145,76,249,76,223,178,5,152,107,254,81,36,183,10,157,112,195,86,41,188,15,226,117,200,91,46,129,20,231,122,130,242,51,132,106,184,62,134,224,34,139,119,181,8,146,168,23,144,99,246,73,220,175,2,149,104,251,78,33,180,7,154,109,192,83,38,185,5,181,114,197,88,43,190,17,228,119,202,93,48,131,22,233,124,207,231,123,204,49,238,65,212,167,58,141,96,243,70,217,172,63,146,101,248,75,151,247,4,255,100,138,25,103,241,76,200,60,204,56,105,248,92,174,21,132,14,100,207,93,181,121,152,23,119,203,50,235,126,209,164,55,138,29,240,67,214,169,60,143,98,245,72,219,174,1,148,15,244,58,105,247,65,220,56,172,92,72,249,72,204,62,165,20,126,244,95,173,37,211,47,106,214,97,161,47,130,228,60,133,104,168,3,156,244,125,201,91,242,4,155,255,119,222,42,164,80,221,178,3,152,103,252,12,109,224,70,207,103,235,84,39,186,13,224,115,198,89,44,191,18,229,120,203,94,49,193,89,174,87,208,163,54,137,28,239,66,213,168,59,142,97,177,9,158,164,42,147,102,249,76,223,178,5,152,107,254,81,36,223,4,238,53,151,37,125,253,91,183,38,192,113,46,129,20,231,122,205,160,51,134,25,236,127,210,165,56,139,28,156,5,148,248,114,241,32,162,0,147,225,81,151,100,209,78,33,180,7,154,109,192,83,38,185,12,159,114,197,88,43,236,84,167,56,152,25,121,205,81,233,61,129,230,53,128,25,156,4,151,232,104,201,37,183,70,152,239,107,219,42,182,24,196,177,6,151,100,243,80,32,228,76,223,32,144,17,97,245,73,239,4,149,21,107,201,95,163,119,173,28,102,204,87,165,45,216,142,55,138,29,240,67,214,169,60,143,98,245,72,219,174,1,148,103,250,77,32,252,84,153,4,241,34,105,249,82,215,63,131,87,107,243,84,227,37,157,14,102,204,82,230,61,129,243,121,198,78,229,106,211,166,57,140,31,242,69,216,171,62,145,100,247,74,221,176,3,150,105,252,79,34,181,8,153,30,141,21,126,248,76,163,56,220,89,41,251,29,224,60,201,82,27,132,23,234,125,208,163,54,137,28,239,66,213,168,59,142,97,244,71,218,173,0,147,102,249,36,209,194,73,217,50,188,16,103,252,99,211,52,134,14,41,243,93,226,101,196,113,46,129,20,231,122,205,160,51,134,25,236,127,210,165,56,139,30,241,68,215,170,61,144,99,158,71,172,227,67,204,42,186,13,106,192,72,206,44,140,83,105,235,12,143,88,197,88,43,190,17,228,119,202,93,48,131,22,233,124,207,162,53,136,27,238,72,254,167,58,141,96,243,70,217,172,63,146,101,248,75,222,177,4,151,106,253,80,108,228,9,207,59,144,28,102,252,0,167,59,149,23,108,212,27,204,121,204,95,50,133,24,235,126,209,164,55,138,29,240,67,214,169,60,143,98,245,72,219,174,3,231,34,182,8,99,231,67,221,108,178,19,102,234,68,132,113,193,4,42,225,16,230,50,201,29,108,214,92,167,53,157,163,56,173,26,237,64,211,166,57,140,31,242,69,216,171,62,145,100,247,74,221,176,3,150,105,252,79,81,187,120,201,33,135,29,107,255,13,190,110,198,91,46,191,83,171,60,203,45,63,244,69,165,59,153,239,115,137,83,189,66,215,160,117,193,47,177,78,216,161,42,147,102,249,76,223,178,5,152,107,254,81,36,183,10,157,112,195,86,41,188,15,226,117,200,51,32,237,91,166,62,136,228,67,212,86,170,54,158,224,56,202,80,181,68,212,194,51,252,44,183,13,153,235,114,199,39,189,7,109,241,9,251,46,148,26,105,247,95,159,61,151,88,59,148,17,228,119,202,93,48,131,22,233,124,207,162,53,136,27,238,65,212,167,58,132,74,243,70,217,172,63,146,101,248,75,222,177,4,158,64,253,80,35,182,9,156,111,194,85,40,187,14,168,50,237,90,45,128,19,230,121,204,95,50,133,24,235,126,209,164,55,249,19,145,22,130,230,88,198,36,179,1,152,251,77,192,62,208,77,32,179,6,153,108,255,82,37,184,11,158,113,196,87,42,252,94,167,118,142,29,98,199,27,152,55,143,226,113,238,94,237,93,206,166,81,130,114,179,17,155,227,87,213,78,247,74,221,176,3,150,105,252,79,34,181,8,155,110,193,84,102,244,73,224,27,200,47,101,236,91,167,52,142,86,89,138,112,159,20,216,161,81,200,81,170,15,154,236,126,248,46,160,14,148,234,15,254,39,176,2,185,224,68,213,46,241,83,36,185,4,157,3,205,50,96,250,73,171,54,157,23,122,216,20,233,116,205,162,60,240,86,184,58,221,211,119,223,91,243,77,222,128,61,144,99,246,73,220,175,2,149,104,251,78,33,180,7,154,44,142,23,38,247,67,200,114,219,69,43,182,121,234,25,143,5,100,141,96,166,40,138,162,122,218,27,254,72,254,167,58,141,96,243,70,217,172,63,146,101,248,31,150,244,74,189,106,253,80,35,182,9,156,111,194,85,40,187,14,225,116,199,50,35,238,86,190,45,194,41,125,209,93,235,99,209,234,120,221,29,251,67,196,131,60,143,98,245,72,219,174,1,148,103,250,77,32,179,6,153,4,241,52,108,234,78,150,115,169,24,110,248,102,172,34,140,94,35,130,102,230,31,135,231,114,206,89,184,12,135,255,48,166,31,242,69,216,171,62,145,100,247,74,221,176,70,216,45,214,79,34,181,8,155,110,193,84,39,186,13,224,58,128,89,106,246,92,164,52,203,10,121,193,89,192,125,208,163,54,137,28,239,66,213,168,59,142,97,244,71,218,228,70,147,14,247,62,154,241,74,202,47,183,31,99,183,94,213,53,141,124,41,188,15,226,117,200,91,46,129,20,231,122,205,160,51,134,25,236,127,210,205,54,248,74,190,20,165,239,126,223,49,178,65,213,133,2,149,104,251,78,33,180,7,154,109,192,83,38,185,12,159,55,139,28,1,190,17,228,119,202,93,48,131,22,233,124,207,162,53,136,27,167,7,212,207,52,253,44,178,31,144,226,120,146,49,176,14,144,155,4,151,106,253,80,35,182,9,156,111,194,85,40,187,14,225,116,199,90,45,232,29,149,45,131,15,66,201,89,178,60,144,231,124,130,31,157,2,130,234,116,143,39,187,12,158,234,3,157,77,250,77,32,179,6,153,108,255,82,37,184,11,158,113,196,87,111,243,84,201,118,201,92,47,130,21,232,123,206,161,52,135,26,237,64,211,239,127,140,108,252,32,150,239,95,210,48,190,5,147,176,30,139,105,254,61,103,225,93,201,32,195,84,102,244,73,224,61,137,13,44,215,28,151,61,159,11,99,202,100,175,51,132,163,119,199,88,239,16,144,248,116,220,53,134,2,155,233,89,147,50,177,9,145,152,5,152,107,254,81,36,183,10,157,112,195,86,41,188,15,226,117,200,91,46,233,26,149,63,153,245,97,200,106,169,49,134,165,37,139,74,163,17,146,128,61,144,99,246,73,220,175,2,149,104,251,78,33,180,7,154,109,192,83,38,209,2,238,39,128,13,110,202,84,168,50,154,18,98,215,30,224,86,207,162,53,136,27,238,65,212,167,58,141,96,243,70,217,172,63,146,101,248,35,208,215,77,197,47,245,82,76,248,101,217,46,148,16,42,178,36,225,116,199,90,45,128,19,230,121,204,95,50,133,24,235,126,148,234,115,160,29,240,67,214,169,60,143,98,245,72,219,174,68,218,35,208,77,32,179,6,153,108,255,82,37,184,11,158,56,130,125,42,189,16,227,118,201,92,47,130,21,232,123,206,161,52,135,91,174,20,154,240,124,166,31,242,69,216,171,62,145,100,247,74,221,176,3,150,105,252,14,108,241,8,232,96,160,1,115,245,125,172,50,159,27,109,252,89,207,120,203,94,49,132,23,234,125,208,163,54,137,28,239,66,213,233,117,202,97,186,8,142,173,104,157,7,172,24,144,194,73,217,50,187,21,14,183,10,157,112,195,86,41,188,15,226,117,200,91,46,129,20,166,52,137,160,125,201,77,236,23,220,215,125,200,81,163,0,158,228,122,186,99,246,73,220,175,2,149,104,251,78,33,180,7,154,109,192,18,104,253,12,209,61,145,88,67,176,97,168,54,147,20,126,196,60,233,124,207,162,53,136,27,238,65,212,167,58,141,96,243,70,152,226,123,146,43,183,28,222,175,25,151,98,149,94,77,243,81,200,97,163,0,124,244,126,173,53,158,24,108,195,88,230,54,158,95,34,140,50,235,126,209,164,55,138,29,240,67,214,169,60,219,42,176,6,241,174,1,148,103,250,77,32,179,6,153,108,255,82,37,184,11,246,127,170,18,114,233,30,130,35,157,19,95,206,84,177,57,143,226,127,135,7,237,14,156,241,57,135,31,227,85,242,171,62,145,100,247,74,221,176,3,150,105,252,79,34,181,8,215,33,130,21,107,186,94,180,50,148,13,105,251,30,229,42,142,31,98,203,89,234,96,208,203,56,250,72,174,16,129,216,119,207,56,182,6,153,230,8,154,76,249,76,223,178,5,152,107,254,81,36,183,10,157,112,195,86,65,178,110,183,33,135,43,98,192,77,162,62,205,189,51,213,77,173,45,134,224,124,139,81,163,68,133,239,124,195,44,184,73,130,178,2,151,63,186,7,117,182,7,213,63,192,29,111,245,38,159,114,197,88,43,190,17,228,119,202,93,48,198,88,173,86,207,162,53,136,27,238,65,212,167,58,141,96,186,0,217,196,49,254,36,171,31,169,240,82,210,106,188,30,103,182,94,221,57,135,85,52,187,102,239,24,134,9,121,247,82,176,60,204,30,124,193,24,165,49,133,164,113,195,83,177,15,214,253,116,202,44,223,72,219,174,1,148,103,250,77,32,179,6,153,108,255,82,37,208,5,255,36,144,24,90,241,81,186,51,141,92,50,130,91,161,55,228,161,52,135,26,237,64,211,166,57,140,31,242,69,216,171,62,249,106,133,15,137,229,81,216,26,185,1,118,181,21,155,32,136,24,13,186,13,224,115,198,89,44,191,18,229,120,203,27,127,192,61,234,125,208,163,54,137,28,239,66,213,168,59,230,111,152,6,137,249,119,210,48,188,76,194,178,82,217,61,187,123,36,183,10,157,112,195,86,41,188,15,226,117,160,85,88,200,71,178,59,129,168,58,172,25,236,127,210,165,56,139,30,180,10,147,163,23,144,99,246,73,220,175,2,149,33,189,78,111,251,83,154,34,139,83,114,241,73,209,88,197,88,43,190,17,228,119,202,93,48,131,22,129,114,188,231,97,251,79,175,21,129,244,50,143,13,178,18,154,228,61,158,101,250,56,138,240,80,210,106,168,0,103,247,93,217,111,135,7,122,244,92,251,116,197,90,35,142,19,178,54,159,11,96,204,86,172,118,148,246,101,131,20,218,67,214,169,60,143,98,245,72,158,224,69,190,103,250,77,32,179,6,153,108,171,19,118,243,5,201,48,141,3,34,173,30,240,127,227,92,47,130,21,173,53,138,139,113,201,94,228,106,135,231,106,199,17,161,21,153,252,112,153,34,162,4,158,228,74,217,39,244,70,8,181,8,155,110,150,28,110,246,72,224,27,200,43,121,241,92,172,54,140,94,117,203,61,234,125,208,163,54,137,28,239,14,154,235,122,194,97,187,12,214,173,69,193,52,249,81,223,226,70,217,39,178,89,76,185,107,200,36,140,37,125,249,95,235,95,200,91,46,129,20,231,122,205,233,117,134,87,163,43,210,234,115,139,74,185,1,153,128,61,144,99,246,73,220,175,2,149,104,251,78,73,186,116,223,57,179,7,103,237,89,204,122,199,57,126,234,94,230,123,202,95,81,214,66,166,124,191,238,116,209,27,171,19,134,232,104,151,96,241,70,215,162,63,198,42,171,31,140,248,74,208,98,184,2,113,191,0,182,111,194,85,40,187,14,225,116,130,20,105,170,19,230,121,204,95,50,133,24,191,63,130,239,57,221,92,185,23,222,185,50,158,107,223,72,219,174,1,209,41,190,103,101,253,66,144,70,171,19,118,243,5,205,33,133,0,100,181,86,182,56,138,8,102,205,91,224,114,228,161,52,135,26,186,8,154,234,124,140,119,252,55,141,229,112,216,42,176,74,153,255,41,150,105,252,79,34,181,8,155,34,142,23,102,246,13,175,56,202,89,105,237,64,229,101,203,14,114,197,91,166,117,184,173,69,194,85,191,49,129,237,107,135,75,244,71,218,173,0,147,102,249,5,153,178,75,215,63,254,30,111,183,75,211,52,195,25,122,178,76,174,58,139,16,38,136,20,249,103,205,168,91,136,119,169,39,134,171,75,192,87,161,33,133,248,114,194,99,185,27,220,191,11,149,60,179,11,111,158,7,154,109,192,83,38,185,12,159,114,197,88,67,176,127,161,47,158,83,67,200,95,185,25,157,240,122,218,27,243,65,155,244,52,206,44,188,5,146,164,54,146,110,248,90,206,155,4,151,106,253,80,35,182,9,156,111,194,85,127,250,92,175,124,197,33,78,193,94,163,43,141,95,70,225,24,131,43,147,217,55,235,72,164,12,214,218,119,198,50,239,72,217,174,15,154,103,174,2,115,231,84,208,34,184,90,96,234,89,151,120,238,87,42,189,16,227,118,201,92,106,204,81,194,123,206,161,52,135,26,237,64,135,231,106,199,17,165,4,145,255,54,129,106,229,95,212,154,3,150,105,252,10,108,241,34,222,32,133,93,13,183,0,224,0,131,9,109,237,83,177,61,203,18,126,195,80,175,47,208,239,127,207,89,172,27,150,228,126,148,97,166,18,148,254,0,214,48,188,2,223,229,77,221,37,254,28,101,227,73,213,112,180,19,107,244,64,173,62,200,18,125,129,80,174,41,140,226,127,195,93,226,85,134,228,107,192,16,162,20,150,253,115,152,37,163,7,159,251,75,218,38,243,71,11,180,7,154,109,151,27,111,245,73,159,26,203,42,126,240,95,173,57,141,93,116,204,60,233,124,207,162,53,136,27,238,13,155,228,123,193,96,188,13,217,177,63,194,38,185,7,146,185,108,153,11,190,4,106,224,64,200,54,174,26,111,252,75,179,125,237,90,45,128,19,230,121,204,95,123,195,24,165,49,133,164,120,193,29,164,11,147,231,22,143,98,245,72,219,174,1,148,103,250,77,32,228,71,203,34,247,80,94,219,74,211,52,150,22,42,201,116,227,30,156,30,82,130,121,167,60,137,228,102,135,83,163,9,135,239,120,192,86,168,4,140,226,113,223,100,177,11,148,252,70,210,107,245,101,34,181,8,155,110,193,84,39,255,67,164,89,198,89,44,191,18,229,120,203,10,112,215,92,228,42,145,234,98,129,13,230,104,213,168,59,142,36,186,3,240,232,78,215,111,211,36,209,220,74,204,34,184,8,44,181,105,220,61,134,4,104,188,123,134,117,160,14,108,129,88,168,59,137,229,119,134,69,236,13,155,226,112,223,109,185,13,145,254,61,196,44,246,29,147,232,69,217,45,249,71,11,158},{208,78,186,56},{210,74,162,42,148,226,126,198,88},{192,76,162,60,134,236,119,197},{202,91,166,5,149,233,117,200,90,160},{193,72,168,14,152,227,127,223},{217,95,174,14,153},{221,92,162,13},{240,125,176,9,146,248,124,144,23,146,52,220,219,71,217,45,171,1,115,224,7,201,34,149,1,101,252,12,220,51,134,16,110,190,87,165,62,134,24,116,153,22},{216,80,161,17,138,226,112,214},{193,47,178,2,138,248,109,219,43,191},{207,50,167,2,136,249}}
local _11O2h={{K={{202,69,175,51,131,230,112,218},{231,86,167,56,130,226,66,237,99,130,3,150,250,116,221},{200,89,160,59,151,235,123,206,88,162},{209,75,165,43,151,227,113,199,91},{228,91,160,5,129,231,77,232,96,159,4,155,249,113,194,107,159,31,159,190,79,195,40},{220,66,190,4},{219,89,174,6,147,225,119,203},{204,72,190,0,130,224,115,193},{202,77,162,1,133,254},{228,74,176,69,155,234,125,217,33,247,28,152,226,74,208,32,191,14,118,252,71,213,110,135,21,110,246,72,164}},C={229,250,185,251,192,251,199,219,233,229,248,185,251,192,251,239,251,221,233,229,249,185,254,214,250,192,248,239,251,229,255,229,252,192,251,185,253,246,219,193,229,242,229,252,185,254,192,251,214,250,246,185,243,192,248,239,251,221,193,245,250},P={},U={{1,0}},nParams=0}}
return _10O1O0(_0ll2f,_0l_2g,__IIl1,_11O2h)
